id,asset,year,rep_period,time_block_start,time_block_end,min_operating_point,dual_start_up_trajectory_lower_bound,dual_start_up_trajectory_upper_bound
1,BE_Coal,2030,1,1,3,0.325,0.0,0.0
2,BE_Coal,2030,1,4,6,0.325,0.0,0.0
3,BE_Coal,2030,1,7,9,0.325,0.0,0.0
4,BE_Coal,2030,1,10,12,0.325,0.0,0.0
5,BE_Coal,2030,1,13,15,0.325,0.0,0.0
6,BE_Coal,2030,1,16,18,0.325,0.0,0.0
7,BE_Coal,2030,1,19,21,0.325,0.0,0.0
8,BE_Coal,2030,1,22,24,0.325,0.0,0.0
9,BE_Coal,2030,2,1,3,0.325,0.0,0.0
10,BE_Coal,2030,2,4,6,0.325,0.0,0.0
11,BE_Coal,2030,2,7,9,0.325,0.0,0.0
12,BE_Coal,2030,2,10,12,0.325,0.0,0.0
13,BE_Coal,2030,2,13,15,0.325,0.0,0.0
14,BE_Coal,2030,2,16,18,0.325,0.0,0.0
15,BE_Coal,2030,2,19,21,0.325,0.0,0.0
16,BE_Coal,2030,2,22,24,0.325,0.0,0.0
17,BE_Coal,2030,3,1,3,0.325,0.0,0.0
18,BE_Coal,2030,3,4,6,0.325,0.0,0.0
19,BE_Coal,2030,3,7,9,0.325,0.0,0.0
20,BE_Coal,2030,3,10,12,0.325,0.0,0.0
21,BE_Coal,2030,3,13,15,0.325,0.0,0.0
22,BE_Coal,2030,3,16,18,0.325,0.0,0.0
23,BE_Coal,2030,3,19,21,0.325,0.0,0.0
24,BE_Coal,2030,3,22,24,0.325,0.0,0.0
25,BE_Coal,2030,4,1,3,0.325,0.0,0.0
26,BE_Coal,2030,4,4,6,0.325,0.0,0.0
27,BE_Coal,2030,4,7,9,0.325,0.0,0.0
28,BE_Coal,2030,4,10,12,0.325,0.0,0.0
29,BE_Coal,2030,4,13,15,0.325,0.0,0.0
30,BE_Coal,2030,4,16,18,0.325,0.0,0.0
31,BE_Coal,2030,4,19,21,0.325,0.0,0.0
32,BE_Coal,2030,4,22,24,0.325,0.0,0.0
33,BE_Coal,2030,5,1,3,0.325,0.0,0.0
34,BE_Coal,2030,5,4,6,0.325,0.0,0.0
35,BE_Coal,2030,5,7,9,0.325,0.0,0.0
36,BE_Coal,2030,5,10,12,0.325,0.0,0.0
37,BE_Coal,2030,5,13,15,0.325,0.0,0.0
38,BE_Coal,2030,5,16,18,0.325,0.0,0.0
39,BE_Coal,2030,5,19,21,0.325,0.0,0.0
40,BE_Coal,2030,5,22,24,0.325,0.0,0.0
41,BE_Coal,2030,6,1,3,0.325,0.0,0.0
42,BE_Coal,2030,6,4,6,0.325,0.0,0.0
43,BE_Coal,2030,6,7,9,0.325,0.0,0.0
44,BE_Coal,2030,6,10,12,0.325,0.0,0.0
45,BE_Coal,2030,6,13,15,0.325,0.0,0.0
46,BE_Coal,2030,6,16,18,0.325,0.0,0.0
47,BE_Coal,2030,6,19,21,0.325,0.0,0.0
48,BE_Coal,2030,6,22,24,0.325,0.0,0.0
49,BE_Coal,2030,7,1,3,0.325,0.0,0.0
50,BE_Coal,2030,7,4,6,0.325,0.0,0.0
51,BE_Coal,2030,7,7,9,0.325,0.0,0.0
52,BE_Coal,2030,7,10,12,0.325,0.0,0.0
53,BE_Coal,2030,7,13,15,0.325,0.0,0.0
54,BE_Coal,2030,7,16,18,0.325,0.0,0.0
55,BE_Coal,2030,7,19,21,0.325,0.0,0.0
56,BE_Coal,2030,7,22,24,0.325,0.0,0.0
57,BE_Coal,2030,8,1,3,0.325,0.0,0.0
58,BE_Coal,2030,8,4,6,0.325,0.0,0.0
59,BE_Coal,2030,8,7,9,0.325,0.0,0.0
60,BE_Coal,2030,8,10,12,0.325,0.0,0.0
61,BE_Coal,2030,8,13,15,0.325,0.0,0.0
62,BE_Coal,2030,8,16,18,0.325,0.0,0.0
63,BE_Coal,2030,8,19,21,0.325,0.0,0.0
64,BE_Coal,2030,8,22,24,0.325,0.0,0.0
65,BE_Coal,2030,9,1,3,0.325,0.0,0.0
66,BE_Coal,2030,9,4,6,0.325,0.0,0.0
67,BE_Coal,2030,9,7,9,0.325,0.0,0.0
68,BE_Coal,2030,9,10,12,0.325,0.0,0.0
69,BE_Coal,2030,9,13,15,0.325,0.0,0.0
70,BE_Coal,2030,9,16,18,0.325,0.0,0.0
71,BE_Coal,2030,9,19,21,0.325,0.0,0.0
72,BE_Coal,2030,9,22,24,0.325,0.0,0.0
73,BE_Coal,2030,10,1,3,0.325,0.0,0.0
74,BE_Coal,2030,10,4,6,0.325,0.0,0.0
75,BE_Coal,2030,10,7,9,0.325,0.0,0.0
76,BE_Coal,2030,10,10,12,0.325,0.0,0.0
77,BE_Coal,2030,10,13,15,0.325,0.0,0.0
78,BE_Coal,2030,10,16,18,0.325,0.0,0.0
79,BE_Coal,2030,10,19,21,0.325,0.0,0.0
80,BE_Coal,2030,10,22,24,0.325,0.0,0.0
81,BE_Nuclear,2030,1,1,2,0.5,0.0,0.0
82,BE_Nuclear,2030,1,3,4,0.5,0.0,0.0
83,BE_Nuclear,2030,1,5,6,0.5,0.0,0.0
84,BE_Nuclear,2030,1,7,8,0.5,0.0,0.0
85,BE_Nuclear,2030,1,9,10,0.5,0.0,0.0
86,BE_Nuclear,2030,1,11,12,0.5,0.0,0.0
87,BE_Nuclear,2030,1,13,14,0.5,0.0,0.0
88,BE_Nuclear,2030,1,15,16,0.5,0.0,0.0
89,BE_Nuclear,2030,1,17,18,0.5,0.0,0.0
90,BE_Nuclear,2030,1,19,20,0.5,0.0,0.0
91,BE_Nuclear,2030,1,21,22,0.5,0.0,0.0
92,BE_Nuclear,2030,1,23,24,0.5,0.0,0.0
93,BE_Nuclear,2030,2,1,2,0.5,0.0,0.0
94,BE_Nuclear,2030,2,3,4,0.5,0.0,0.0
95,BE_Nuclear,2030,2,5,6,0.5,0.0,0.0
96,BE_Nuclear,2030,2,7,8,0.5,0.0,0.0
97,BE_Nuclear,2030,2,9,10,0.5,0.0,0.0
98,BE_Nuclear,2030,2,11,12,0.5,0.0,0.0
99,BE_Nuclear,2030,2,13,14,0.5,0.0,0.0
100,BE_Nuclear,2030,2,15,16,0.5,0.0,0.0
101,BE_Nuclear,2030,2,17,18,0.5,0.0,0.0
102,BE_Nuclear,2030,2,19,20,0.5,0.0,0.0
103,BE_Nuclear,2030,2,21,22,0.5,0.0,0.0
104,BE_Nuclear,2030,2,23,24,0.5,0.0,0.0
105,BE_Nuclear,2030,3,1,2,0.5,0.0,0.0
106,BE_Nuclear,2030,3,3,4,0.5,0.0,0.0
107,BE_Nuclear,2030,3,5,6,0.5,0.0,0.0
108,BE_Nuclear,2030,3,7,8,0.5,0.0,0.0
109,BE_Nuclear,2030,3,9,10,0.5,0.0,0.0
110,BE_Nuclear,2030,3,11,12,0.5,0.0,0.0
111,BE_Nuclear,2030,3,13,14,0.5,0.0,0.0
112,BE_Nuclear,2030,3,15,16,0.5,0.0,0.0
113,BE_Nuclear,2030,3,17,18,0.5,0.0,0.0
114,BE_Nuclear,2030,3,19,20,0.5,0.0,0.0
115,BE_Nuclear,2030,3,21,22,0.5,0.0,0.0
116,BE_Nuclear,2030,3,23,24,0.5,0.0,0.0
117,BE_Nuclear,2030,4,1,2,0.5,0.0,0.0
118,BE_Nuclear,2030,4,3,4,0.5,0.0,0.0
119,BE_Nuclear,2030,4,5,6,0.5,0.0,0.0
120,BE_Nuclear,2030,4,7,8,0.5,0.0,0.0
121,BE_Nuclear,2030,4,9,10,0.5,0.0,0.0
122,BE_Nuclear,2030,4,11,12,0.5,0.0,0.0
123,BE_Nuclear,2030,4,13,14,0.5,0.0,0.0
124,BE_Nuclear,2030,4,15,16,0.5,0.0,0.0
125,BE_Nuclear,2030,4,17,18,0.5,0.0,0.0
126,BE_Nuclear,2030,4,19,20,0.5,0.0,0.0
127,BE_Nuclear,2030,4,21,22,0.5,0.0,0.0
128,BE_Nuclear,2030,4,23,24,0.5,0.0,0.0
129,BE_Nuclear,2030,5,1,2,0.5,0.0,0.0
130,BE_Nuclear,2030,5,3,4,0.5,0.0,0.0
131,BE_Nuclear,2030,5,5,6,0.5,0.0,0.0
132,BE_Nuclear,2030,5,7,8,0.5,0.0,0.0
133,BE_Nuclear,2030,5,9,10,0.5,0.0,0.0
134,BE_Nuclear,2030,5,11,12,0.5,0.0,0.0
135,BE_Nuclear,2030,5,13,14,0.5,0.0,0.0
136,BE_Nuclear,2030,5,15,16,0.5,0.0,0.0
137,BE_Nuclear,2030,5,17,18,0.5,0.0,0.0
138,BE_Nuclear,2030,5,19,20,0.5,0.0,0.0
139,BE_Nuclear,2030,5,21,22,0.5,0.0,0.0
140,BE_Nuclear,2030,5,23,24,0.5,0.0,0.0
141,BE_Nuclear,2030,6,1,2,0.5,0.0,0.0
142,BE_Nuclear,2030,6,3,4,0.5,0.0,0.0
143,BE_Nuclear,2030,6,5,6,0.5,0.0,0.0
144,BE_Nuclear,2030,6,7,8,0.5,0.0,0.0
145,BE_Nuclear,2030,6,9,10,0.5,0.0,0.0
146,BE_Nuclear,2030,6,11,12,0.5,0.0,0.0
147,BE_Nuclear,2030,6,13,14,0.5,0.0,0.0
148,BE_Nuclear,2030,6,15,16,0.5,0.0,0.0
149,BE_Nuclear,2030,6,17,18,0.5,0.0,0.0
150,BE_Nuclear,2030,6,19,20,0.5,0.0,0.0
151,BE_Nuclear,2030,6,21,22,0.5,0.0,0.0
152,BE_Nuclear,2030,6,23,24,0.5,0.0,0.0
153,BE_Nuclear,2030,7,1,2,0.5,0.0,0.0
154,BE_Nuclear,2030,7,3,4,0.5,0.0,0.0
155,BE_Nuclear,2030,7,5,6,0.5,0.0,0.0
156,BE_Nuclear,2030,7,7,8,0.5,0.0,0.0
157,BE_Nuclear,2030,7,9,10,0.5,0.0,0.0
158,BE_Nuclear,2030,7,11,12,0.5,0.0,0.0
159,BE_Nuclear,2030,7,13,14,0.5,0.0,0.0
160,BE_Nuclear,2030,7,15,16,0.5,0.0,0.0
161,BE_Nuclear,2030,7,17,18,0.5,0.0,0.0
162,BE_Nuclear,2030,7,19,20,0.5,0.0,0.0
163,BE_Nuclear,2030,7,21,22,0.5,0.0,0.0
164,BE_Nuclear,2030,7,23,24,0.5,0.0,0.0
165,BE_Nuclear,2030,8,1,2,0.5,0.0,0.0
166,BE_Nuclear,2030,8,3,4,0.5,0.0,0.0
167,BE_Nuclear,2030,8,5,6,0.5,0.0,0.0
168,BE_Nuclear,2030,8,7,8,0.5,0.0,0.0
169,BE_Nuclear,2030,8,9,10,0.5,0.0,0.0
170,BE_Nuclear,2030,8,11,12,0.5,0.0,0.0
171,BE_Nuclear,2030,8,13,14,0.5,0.0,0.0
172,BE_Nuclear,2030,8,15,16,0.5,0.0,0.0
173,BE_Nuclear,2030,8,17,18,0.5,0.0,0.0
174,BE_Nuclear,2030,8,19,20,0.5,0.0,0.0
175,BE_Nuclear,2030,8,21,22,0.5,0.0,0.0
176,BE_Nuclear,2030,8,23,24,0.5,0.0,0.0
177,BE_Nuclear,2030,9,1,2,0.5,0.0,0.0
178,BE_Nuclear,2030,9,3,4,0.5,0.0,0.0
179,BE_Nuclear,2030,9,5,6,0.5,0.0,0.0
180,BE_Nuclear,2030,9,7,8,0.5,0.0,0.0
181,BE_Nuclear,2030,9,9,10,0.5,0.0,0.0
182,BE_Nuclear,2030,9,11,12,0.5,0.0,0.0
183,BE_Nuclear,2030,9,13,14,0.5,0.0,0.0
184,BE_Nuclear,2030,9,15,16,0.5,0.0,0.0
185,BE_Nuclear,2030,9,17,18,0.5,0.0,0.0
186,BE_Nuclear,2030,9,19,20,0.5,0.0,0.0
187,BE_Nuclear,2030,9,21,22,0.5,0.0,0.0
188,BE_Nuclear,2030,9,23,24,0.5,0.0,0.0
189,BE_Nuclear,2030,10,1,2,0.5,0.0,0.0
190,BE_Nuclear,2030,10,3,4,0.5,0.0,0.0
191,BE_Nuclear,2030,10,5,6,0.5,0.0,0.0
192,BE_Nuclear,2030,10,7,8,0.5,0.0,0.0
193,BE_Nuclear,2030,10,9,10,0.5,0.0,0.0
194,BE_Nuclear,2030,10,11,12,0.5,0.0,0.0
195,BE_Nuclear,2030,10,13,14,0.5,0.0,0.0
196,BE_Nuclear,2030,10,15,16,0.5,0.0,0.0
197,BE_Nuclear,2030,10,17,18,0.5,0.0,0.0
198,BE_Nuclear,2030,10,19,20,0.5,0.0,0.0
199,BE_Nuclear,2030,10,21,22,0.5,0.0,0.0
200,BE_Nuclear,2030,10,23,24,0.5,0.0,0.0
201,CH_Coal,2030,1,1,3,0.325,0.0,0.0
202,CH_Coal,2030,1,4,6,0.325,0.0,0.0
203,CH_Coal,2030,1,7,9,0.325,0.0,0.0
204,CH_Coal,2030,1,10,12,0.325,0.0,0.0
205,CH_Coal,2030,1,13,15,0.325,0.0,0.0
206,CH_Coal,2030,1,16,18,0.325,0.0,0.0
207,CH_Coal,2030,1,19,21,0.325,0.0,0.0
208,CH_Coal,2030,1,22,24,0.325,0.0,0.0
209,CH_Coal,2030,2,1,3,0.325,0.0,0.0
210,CH_Coal,2030,2,4,6,0.325,0.0,0.0
211,CH_Coal,2030,2,7,9,0.325,0.0,0.0
212,CH_Coal,2030,2,10,12,0.325,0.0,0.0
213,CH_Coal,2030,2,13,15,0.325,0.0,0.0
214,CH_Coal,2030,2,16,18,0.325,0.0,0.0
215,CH_Coal,2030,2,19,21,0.325,0.0,0.0
216,CH_Coal,2030,2,22,24,0.325,0.0,0.0
217,CH_Coal,2030,3,1,3,0.325,0.0,0.0
218,CH_Coal,2030,3,4,6,0.325,0.0,0.0
219,CH_Coal,2030,3,7,9,0.325,0.0,0.0
220,CH_Coal,2030,3,10,12,0.325,0.0,0.0
221,CH_Coal,2030,3,13,15,0.325,0.0,0.0
222,CH_Coal,2030,3,16,18,0.325,0.0,0.0
223,CH_Coal,2030,3,19,21,0.325,0.0,0.0
224,CH_Coal,2030,3,22,24,0.325,0.0,0.0
225,CH_Coal,2030,4,1,3,0.325,0.0,0.0
226,CH_Coal,2030,4,4,6,0.325,0.0,0.0
227,CH_Coal,2030,4,7,9,0.325,0.0,0.0
228,CH_Coal,2030,4,10,12,0.325,0.0,0.0
229,CH_Coal,2030,4,13,15,0.325,0.0,0.0
230,CH_Coal,2030,4,16,18,0.325,0.0,0.0
231,CH_Coal,2030,4,19,21,0.325,0.0,0.0
232,CH_Coal,2030,4,22,24,0.325,0.0,0.0
233,CH_Coal,2030,5,1,3,0.325,0.0,0.0
234,CH_Coal,2030,5,4,6,0.325,0.0,0.0
235,CH_Coal,2030,5,7,9,0.325,0.0,0.0
236,CH_Coal,2030,5,10,12,0.325,0.0,0.0
237,CH_Coal,2030,5,13,15,0.325,0.0,0.0
238,CH_Coal,2030,5,16,18,0.325,0.0,0.0
239,CH_Coal,2030,5,19,21,0.325,0.0,0.0
240,CH_Coal,2030,5,22,24,0.325,0.0,0.0
241,CH_Coal,2030,6,1,3,0.325,0.0,0.0
242,CH_Coal,2030,6,4,6,0.325,0.0,0.0
243,CH_Coal,2030,6,7,9,0.325,0.0,0.0
244,CH_Coal,2030,6,10,12,0.325,0.0,0.0
245,CH_Coal,2030,6,13,15,0.325,0.0,0.0
246,CH_Coal,2030,6,16,18,0.325,0.0,0.0
247,CH_Coal,2030,6,19,21,0.325,0.0,0.0
248,CH_Coal,2030,6,22,24,0.325,0.0,0.0
249,CH_Coal,2030,7,1,3,0.325,0.0,0.0
250,CH_Coal,2030,7,4,6,0.325,0.0,0.0
251,CH_Coal,2030,7,7,9,0.325,0.0,0.0
252,CH_Coal,2030,7,10,12,0.325,0.0,0.0
253,CH_Coal,2030,7,13,15,0.325,0.0,0.0
254,CH_Coal,2030,7,16,18,0.325,0.0,0.0
255,CH_Coal,2030,7,19,21,0.325,0.0,0.0
256,CH_Coal,2030,7,22,24,0.325,0.0,0.0
257,CH_Coal,2030,8,1,3,0.325,0.0,0.0
258,CH_Coal,2030,8,4,6,0.325,0.0,0.0
259,CH_Coal,2030,8,7,9,0.325,0.0,0.0
260,CH_Coal,2030,8,10,12,0.325,0.0,0.0
261,CH_Coal,2030,8,13,15,0.325,0.0,0.0
262,CH_Coal,2030,8,16,18,0.325,0.0,0.0
263,CH_Coal,2030,8,19,21,0.325,0.0,0.0
264,CH_Coal,2030,8,22,24,0.325,0.0,0.0
265,CH_Coal,2030,9,1,3,0.325,0.0,0.0
266,CH_Coal,2030,9,4,6,0.325,0.0,0.0
267,CH_Coal,2030,9,7,9,0.325,0.0,0.0
268,CH_Coal,2030,9,10,12,0.325,0.0,0.0
269,CH_Coal,2030,9,13,15,0.325,0.0,0.0
270,CH_Coal,2030,9,16,18,0.325,0.0,0.0
271,CH_Coal,2030,9,19,21,0.325,0.0,0.0
272,CH_Coal,2030,9,22,24,0.325,0.0,0.0
273,CH_Coal,2030,10,1,3,0.325,0.0,0.0
274,CH_Coal,2030,10,4,6,0.325,0.0,0.0
275,CH_Coal,2030,10,7,9,0.325,0.0,0.0
276,CH_Coal,2030,10,10,12,0.325,0.0,0.0
277,CH_Coal,2030,10,13,15,0.325,0.0,0.0
278,CH_Coal,2030,10,16,18,0.325,0.0,0.0
279,CH_Coal,2030,10,19,21,0.325,0.0,0.0
280,CH_Coal,2030,10,22,24,0.325,0.0,0.0
281,CH_Nuclear,2030,1,1,2,0.5,0.0,0.0
282,CH_Nuclear,2030,1,3,4,0.5,0.0,0.0
283,CH_Nuclear,2030,1,5,6,0.5,0.0,0.0
284,CH_Nuclear,2030,1,7,8,0.5,0.0,0.0
285,CH_Nuclear,2030,1,9,10,0.5,0.0,0.0
286,CH_Nuclear,2030,1,11,12,0.5,0.0,0.0
287,CH_Nuclear,2030,1,13,14,0.5,0.0,0.0
288,CH_Nuclear,2030,1,15,16,0.5,0.0,0.0
289,CH_Nuclear,2030,1,17,18,0.5,0.0,0.0
290,CH_Nuclear,2030,1,19,20,0.5,0.0,0.0
291,CH_Nuclear,2030,1,21,22,0.5,0.0,0.0
292,CH_Nuclear,2030,1,23,24,0.5,0.0,0.0
293,CH_Nuclear,2030,2,1,2,0.5,0.4224,0.0
294,CH_Nuclear,2030,2,3,4,0.5,0.4224,0.0
295,CH_Nuclear,2030,2,5,6,0.5,0.4224,0.0
296,CH_Nuclear,2030,2,7,8,0.5,0.4224,0.0
297,CH_Nuclear,2030,2,9,10,0.5,0.4224,0.0
298,CH_Nuclear,2030,2,11,12,0.5,0.4224,0.0
299,CH_Nuclear,2030,2,13,14,0.5,0.4224,0.0
300,CH_Nuclear,2030,2,15,16,0.5,0.4224,0.0
301,CH_Nuclear,2030,2,17,18,0.5,0.0,0.0
302,CH_Nuclear,2030,2,19,20,0.5,0.0,-1.6236
303,CH_Nuclear,2030,2,21,22,0.5,0.0,-0.6401999999999999
304,CH_Nuclear,2030,2,23,24,0.5,0.0,0.0
305,CH_Nuclear,2030,3,1,2,0.5,0.0,0.0
306,CH_Nuclear,2030,3,3,4,0.5,0.0,0.0
307,CH_Nuclear,2030,3,5,6,0.5,0.0,0.0
308,CH_Nuclear,2030,3,7,8,0.5,0.0,0.0
309,CH_Nuclear,2030,3,9,10,0.5,0.0,0.0
310,CH_Nuclear,2030,3,11,12,0.5,0.0,0.0
311,CH_Nuclear,2030,3,13,14,0.5,0.0,0.0
312,CH_Nuclear,2030,3,15,16,0.5,0.0,0.0
313,CH_Nuclear,2030,3,17,18,0.5,0.0,0.0
314,CH_Nuclear,2030,3,19,20,0.5,0.0,0.0
315,CH_Nuclear,2030,3,21,22,0.5,0.0,0.0
316,CH_Nuclear,2030,3,23,24,0.5,0.0,0.0
317,CH_Nuclear,2030,4,1,2,0.5,-0.0,0.0
318,CH_Nuclear,2030,4,3,4,0.5,-0.0,0.0
319,CH_Nuclear,2030,4,5,6,0.5,0.0,0.0
320,CH_Nuclear,2030,4,7,8,0.5,0.0,0.0
321,CH_Nuclear,2030,4,9,10,0.5,0.0,0.0
322,CH_Nuclear,2030,4,11,12,0.5,0.0,0.0
323,CH_Nuclear,2030,4,13,14,0.5,-0.0,0.0
324,CH_Nuclear,2030,4,15,16,0.5,0.0,0.0
325,CH_Nuclear,2030,4,17,18,0.5,0.0,0.0
326,CH_Nuclear,2030,4,19,20,0.5,0.0,0.0
327,CH_Nuclear,2030,4,21,22,0.5,0.0,0.0
328,CH_Nuclear,2030,4,23,24,0.5,0.0,0.0
329,CH_Nuclear,2030,5,1,2,0.5,0.6656,0.0
330,CH_Nuclear,2030,5,3,4,0.5,0.6656,0.0
331,CH_Nuclear,2030,5,5,6,0.5,0.6656,0.0
332,CH_Nuclear,2030,5,7,8,0.5,0.6656,0.0
333,CH_Nuclear,2030,5,9,10,0.5,0.6656,0.0
334,CH_Nuclear,2030,5,11,12,0.5,0.6656,0.0
335,CH_Nuclear,2030,5,13,14,0.5,0.6656,0.0
336,CH_Nuclear,2030,5,15,16,0.5,0.6656,0.0
337,CH_Nuclear,2030,5,17,18,0.5,0.6656,0.0
338,CH_Nuclear,2030,5,19,20,0.5,0.6656,0.0
339,CH_Nuclear,2030,5,21,22,0.5,0.6656,0.0
340,CH_Nuclear,2030,5,23,24,0.5,0.6656,0.0
341,CH_Nuclear,2030,6,1,2,0.5,0.0,0.0
342,CH_Nuclear,2030,6,3,4,0.5,0.0,0.0
343,CH_Nuclear,2030,6,5,6,0.5,0.0,0.0
344,CH_Nuclear,2030,6,7,8,0.5,0.0,0.0
345,CH_Nuclear,2030,6,9,10,0.5,0.0,0.0
346,CH_Nuclear,2030,6,11,12,0.5,0.2304,0.0
347,CH_Nuclear,2030,6,13,14,0.5,0.2304,0.0
348,CH_Nuclear,2030,6,15,16,0.5,0.2304,0.0
349,CH_Nuclear,2030,6,17,18,0.5,0.2304,0.0
350,CH_Nuclear,2030,6,19,20,0.5,0.0,0.0
351,CH_Nuclear,2030,6,21,22,0.5,0.0,-0.8856000000000002
352,CH_Nuclear,2030,6,23,24,0.5,0.2304,0.0
353,CH_Nuclear,2030,7,1,2,0.5,0.0,0.0
354,CH_Nuclear,2030,7,3,4,0.5,0.0,0.0
355,CH_Nuclear,2030,7,5,6,0.5,0.0,0.0
356,CH_Nuclear,2030,7,7,8,0.5,0.0,0.0
357,CH_Nuclear,2030,7,9,10,0.5,0.0,0.0
358,CH_Nuclear,2030,7,11,12,0.5,0.0,0.0
359,CH_Nuclear,2030,7,13,14,0.5,0.0,0.0
360,CH_Nuclear,2030,7,15,16,0.5,0.0,0.0
361,CH_Nuclear,2030,7,17,18,0.5,0.0,0.0
362,CH_Nuclear,2030,7,19,20,0.5,0.0,0.0
363,CH_Nuclear,2030,7,21,22,0.5,0.0,0.0
364,CH_Nuclear,2030,7,23,24,0.5,0.0,0.0
365,CH_Nuclear,2030,8,1,2,0.5,-0.0,0.0
366,CH_Nuclear,2030,8,3,4,0.5,0.0,0.0
367,CH_Nuclear,2030,8,5,6,0.5,0.0,0.0
368,CH_Nuclear,2030,8,7,8,0.5,0.0,0.0
369,CH_Nuclear,2030,8,9,10,0.5,0.39679999999999993,0.0
370,CH_Nuclear,2030,8,11,12,0.5,0.39679999999999993,0.0
371,CH_Nuclear,2030,8,13,14,0.5,0.39679999999999993,0.0
372,CH_Nuclear,2030,8,15,16,0.5,0.39679999999999993,0.0
373,CH_Nuclear,2030,8,17,18,0.5,0.39679999999999993,0.0
374,CH_Nuclear,2030,8,19,20,0.5,0.39679999999999993,0.0
375,CH_Nuclear,2030,8,21,22,0.5,0.39679999999999993,0.0
376,CH_Nuclear,2030,8,23,24,0.5,0.39679999999999993,0.0
377,CH_Nuclear,2030,9,1,2,0.5,-0.0,0.0
378,CH_Nuclear,2030,9,3,4,0.5,-0.0,0.0
379,CH_Nuclear,2030,9,5,6,0.5,0.0,0.0
380,CH_Nuclear,2030,9,7,8,0.5,0.0,0.0
381,CH_Nuclear,2030,9,9,10,0.5,0.5503999999999999,0.0
382,CH_Nuclear,2030,9,11,12,0.5,0.5503999999999999,0.0
383,CH_Nuclear,2030,9,13,14,0.5,0.5503999999999999,0.0
384,CH_Nuclear,2030,9,15,16,0.5,0.5504,0.0
385,CH_Nuclear,2030,9,17,18,0.5,0.5503999999999999,0.0
386,CH_Nuclear,2030,9,19,20,0.5,0.0,-0.14190000000000014
387,CH_Nuclear,2030,9,21,22,0.5,0.0,-0.14190000000000014
388,CH_Nuclear,2030,9,23,24,0.5,0.0,-0.14190000000000014
389,CH_Nuclear,2030,10,1,2,0.5,0.0,0.0
390,CH_Nuclear,2030,10,3,4,0.5,0.0,0.0
391,CH_Nuclear,2030,10,5,6,0.5,0.0,0.0
392,CH_Nuclear,2030,10,7,8,0.5,0.0,0.0
393,CH_Nuclear,2030,10,9,10,0.5,0.0,0.0
394,CH_Nuclear,2030,10,11,12,0.5,0.0,0.0
395,CH_Nuclear,2030,10,13,14,0.5,0.0,0.0
396,CH_Nuclear,2030,10,15,16,0.5,0.0,0.0
397,CH_Nuclear,2030,10,17,18,0.5,0.0,0.0
398,CH_Nuclear,2030,10,19,20,0.5,0.0,0.0
399,CH_Nuclear,2030,10,21,22,0.5,0.0,0.0
400,CH_Nuclear,2030,10,23,24,0.5,0.0,0.0
401,DE_Coal,2030,1,1,3,0.325,0.0,0.0
402,DE_Coal,2030,1,4,6,0.325,0.0,0.0
403,DE_Coal,2030,1,7,9,0.325,0.0,0.0
404,DE_Coal,2030,1,10,12,0.325,0.0,0.0
405,DE_Coal,2030,1,13,15,0.325,0.0,0.0
406,DE_Coal,2030,1,16,18,0.325,0.0,0.0
407,DE_Coal,2030,1,19,21,0.325,0.0,0.0
408,DE_Coal,2030,1,22,24,0.325,0.0,0.0
409,DE_Coal,2030,2,1,3,0.325,0.0,0.0
410,DE_Coal,2030,2,4,6,0.325,0.0,0.0
411,DE_Coal,2030,2,7,9,0.325,0.0,0.0
412,DE_Coal,2030,2,10,12,0.325,0.0,0.0
413,DE_Coal,2030,2,13,15,0.325,0.0,0.0
414,DE_Coal,2030,2,16,18,0.325,0.0,0.0
415,DE_Coal,2030,2,19,21,0.325,0.0,0.0
416,DE_Coal,2030,2,22,24,0.325,0.0,0.0
417,DE_Coal,2030,3,1,3,0.325,0.0,0.0
418,DE_Coal,2030,3,4,6,0.325,0.0,0.0
419,DE_Coal,2030,3,7,9,0.325,0.0,0.0
420,DE_Coal,2030,3,10,12,0.325,0.0,0.0
421,DE_Coal,2030,3,13,15,0.325,0.0,0.0
422,DE_Coal,2030,3,16,18,0.325,0.0,0.0
423,DE_Coal,2030,3,19,21,0.325,0.0,0.0
424,DE_Coal,2030,3,22,24,0.325,0.0,0.0
425,DE_Coal,2030,4,1,3,0.325,0.0,0.0
426,DE_Coal,2030,4,4,6,0.325,0.0,0.0
427,DE_Coal,2030,4,7,9,0.325,0.0,0.0
428,DE_Coal,2030,4,10,12,0.325,0.0,0.0
429,DE_Coal,2030,4,13,15,0.325,0.0,0.0
430,DE_Coal,2030,4,16,18,0.325,0.0,0.0
431,DE_Coal,2030,4,19,21,0.325,0.0,0.0
432,DE_Coal,2030,4,22,24,0.325,0.0,0.0
433,DE_Coal,2030,5,1,3,0.325,0.0,0.0
434,DE_Coal,2030,5,4,6,0.325,0.0,0.0
435,DE_Coal,2030,5,7,9,0.325,0.0,0.0
436,DE_Coal,2030,5,10,12,0.325,0.0,0.0
437,DE_Coal,2030,5,13,15,0.325,0.0,0.0
438,DE_Coal,2030,5,16,18,0.325,0.0,0.0
439,DE_Coal,2030,5,19,21,0.325,0.0,0.0
440,DE_Coal,2030,5,22,24,0.325,0.0,0.0
441,DE_Coal,2030,6,1,3,0.325,0.0,0.0
442,DE_Coal,2030,6,4,6,0.325,0.0,0.0
443,DE_Coal,2030,6,7,9,0.325,0.0,0.0
444,DE_Coal,2030,6,10,12,0.325,0.0,0.0
445,DE_Coal,2030,6,13,15,0.325,0.0,0.0
446,DE_Coal,2030,6,16,18,0.325,0.0,0.0
447,DE_Coal,2030,6,19,21,0.325,0.0,0.0
448,DE_Coal,2030,6,22,24,0.325,0.0,0.0
449,DE_Coal,2030,7,1,3,0.325,0.0,0.0
450,DE_Coal,2030,7,4,6,0.325,0.0,0.0
451,DE_Coal,2030,7,7,9,0.325,0.0,0.0
452,DE_Coal,2030,7,10,12,0.325,0.0,0.0
453,DE_Coal,2030,7,13,15,0.325,0.0,0.0
454,DE_Coal,2030,7,16,18,0.325,0.0,0.0
455,DE_Coal,2030,7,19,21,0.325,0.0,0.0
456,DE_Coal,2030,7,22,24,0.325,0.0,0.0
457,DE_Coal,2030,8,1,3,0.325,0.0,0.0
458,DE_Coal,2030,8,4,6,0.325,0.0,0.0
459,DE_Coal,2030,8,7,9,0.325,0.0,0.0
460,DE_Coal,2030,8,10,12,0.325,0.0,0.0
461,DE_Coal,2030,8,13,15,0.325,0.0,0.0
462,DE_Coal,2030,8,16,18,0.325,0.0,0.0
463,DE_Coal,2030,8,19,21,0.325,0.0,0.0
464,DE_Coal,2030,8,22,24,0.325,0.0,0.0
465,DE_Coal,2030,9,1,3,0.325,0.0,0.0
466,DE_Coal,2030,9,4,6,0.325,0.0,0.0
467,DE_Coal,2030,9,7,9,0.325,0.0,0.0
468,DE_Coal,2030,9,10,12,0.325,0.0,0.0
469,DE_Coal,2030,9,13,15,0.325,0.0,0.0
470,DE_Coal,2030,9,16,18,0.325,0.0,0.0
471,DE_Coal,2030,9,19,21,0.325,0.0,0.0
472,DE_Coal,2030,9,22,24,0.325,0.0,0.0
473,DE_Coal,2030,10,1,3,0.325,0.0,0.0
474,DE_Coal,2030,10,4,6,0.325,0.0,0.0
475,DE_Coal,2030,10,7,9,0.325,0.0,0.0
476,DE_Coal,2030,10,10,12,0.325,0.0,0.0
477,DE_Coal,2030,10,13,15,0.325,0.0,0.0
478,DE_Coal,2030,10,16,18,0.325,0.0,0.0
479,DE_Coal,2030,10,19,21,0.325,0.0,0.0
480,DE_Coal,2030,10,22,24,0.325,0.0,0.0
481,DE_Nuclear,2030,1,1,2,0.5,0.0,0.0
482,DE_Nuclear,2030,1,3,4,0.5,0.0,0.0
483,DE_Nuclear,2030,1,5,6,0.5,0.0,0.0
484,DE_Nuclear,2030,1,7,8,0.5,0.0,0.0
485,DE_Nuclear,2030,1,9,10,0.5,0.0,0.0
486,DE_Nuclear,2030,1,11,12,0.5,0.0,0.0
487,DE_Nuclear,2030,1,13,14,0.5,0.0,0.0
488,DE_Nuclear,2030,1,15,16,0.5,0.0,0.0
489,DE_Nuclear,2030,1,17,18,0.5,0.0,0.0
490,DE_Nuclear,2030,1,19,20,0.5,0.0,0.0
491,DE_Nuclear,2030,1,21,22,0.5,0.0,0.0
492,DE_Nuclear,2030,1,23,24,0.5,0.0,0.0
493,DE_Nuclear,2030,2,1,2,0.5,0.0,0.0
494,DE_Nuclear,2030,2,3,4,0.5,0.0,0.0
495,DE_Nuclear,2030,2,5,6,0.5,0.0,0.0
496,DE_Nuclear,2030,2,7,8,0.5,0.0,0.0
497,DE_Nuclear,2030,2,9,10,0.5,0.0,0.0
498,DE_Nuclear,2030,2,11,12,0.5,0.0,0.0
499,DE_Nuclear,2030,2,13,14,0.5,0.0,0.0
500,DE_Nuclear,2030,2,15,16,0.5,0.0,0.0
501,DE_Nuclear,2030,2,17,18,0.5,0.0,0.0
502,DE_Nuclear,2030,2,19,20,0.5,0.0,0.0
503,DE_Nuclear,2030,2,21,22,0.5,0.0,0.0
504,DE_Nuclear,2030,2,23,24,0.5,0.0,0.0
505,DE_Nuclear,2030,3,1,2,0.5,0.0,0.0
506,DE_Nuclear,2030,3,3,4,0.5,0.0,0.0
507,DE_Nuclear,2030,3,5,6,0.5,0.0,0.0
508,DE_Nuclear,2030,3,7,8,0.5,0.0,0.0
509,DE_Nuclear,2030,3,9,10,0.5,0.0,0.0
510,DE_Nuclear,2030,3,11,12,0.5,0.0,0.0
511,DE_Nuclear,2030,3,13,14,0.5,0.0,0.0
512,DE_Nuclear,2030,3,15,16,0.5,0.0,0.0
513,DE_Nuclear,2030,3,17,18,0.5,0.0,0.0
514,DE_Nuclear,2030,3,19,20,0.5,0.0,0.0
515,DE_Nuclear,2030,3,21,22,0.5,0.0,0.0
516,DE_Nuclear,2030,3,23,24,0.5,0.0,0.0
517,DE_Nuclear,2030,4,1,2,0.5,0.0,0.0
518,DE_Nuclear,2030,4,3,4,0.5,0.0,0.0
519,DE_Nuclear,2030,4,5,6,0.5,0.0,0.0
520,DE_Nuclear,2030,4,7,8,0.5,0.0,0.0
521,DE_Nuclear,2030,4,9,10,0.5,0.0,0.0
522,DE_Nuclear,2030,4,11,12,0.5,0.0,0.0
523,DE_Nuclear,2030,4,13,14,0.5,0.0,0.0
524,DE_Nuclear,2030,4,15,16,0.5,0.0,0.0
525,DE_Nuclear,2030,4,17,18,0.5,0.0,0.0
526,DE_Nuclear,2030,4,19,20,0.5,0.0,0.0
527,DE_Nuclear,2030,4,21,22,0.5,0.0,0.0
528,DE_Nuclear,2030,4,23,24,0.5,0.0,0.0
529,DE_Nuclear,2030,5,1,2,0.5,0.0,0.0
530,DE_Nuclear,2030,5,3,4,0.5,0.0,0.0
531,DE_Nuclear,2030,5,5,6,0.5,0.0,0.0
532,DE_Nuclear,2030,5,7,8,0.5,0.0,0.0
533,DE_Nuclear,2030,5,9,10,0.5,0.0,0.0
534,DE_Nuclear,2030,5,11,12,0.5,0.0,0.0
535,DE_Nuclear,2030,5,13,14,0.5,0.0,0.0
536,DE_Nuclear,2030,5,15,16,0.5,0.0,0.0
537,DE_Nuclear,2030,5,17,18,0.5,0.0,0.0
538,DE_Nuclear,2030,5,19,20,0.5,0.0,0.0
539,DE_Nuclear,2030,5,21,22,0.5,0.0,0.0
540,DE_Nuclear,2030,5,23,24,0.5,0.0,0.0
541,DE_Nuclear,2030,6,1,2,0.5,0.0,0.0
542,DE_Nuclear,2030,6,3,4,0.5,0.0,0.0
543,DE_Nuclear,2030,6,5,6,0.5,0.0,0.0
544,DE_Nuclear,2030,6,7,8,0.5,0.0,0.0
545,DE_Nuclear,2030,6,9,10,0.5,0.0,0.0
546,DE_Nuclear,2030,6,11,12,0.5,0.0,0.0
547,DE_Nuclear,2030,6,13,14,0.5,0.0,0.0
548,DE_Nuclear,2030,6,15,16,0.5,0.0,0.0
549,DE_Nuclear,2030,6,17,18,0.5,0.0,0.0
550,DE_Nuclear,2030,6,19,20,0.5,0.0,0.0
551,DE_Nuclear,2030,6,21,22,0.5,0.0,0.0
552,DE_Nuclear,2030,6,23,24,0.5,0.0,0.0
553,DE_Nuclear,2030,7,1,2,0.5,0.0,0.0
554,DE_Nuclear,2030,7,3,4,0.5,0.0,0.0
555,DE_Nuclear,2030,7,5,6,0.5,0.0,0.0
556,DE_Nuclear,2030,7,7,8,0.5,0.0,0.0
557,DE_Nuclear,2030,7,9,10,0.5,0.0,0.0
558,DE_Nuclear,2030,7,11,12,0.5,0.0,0.0
559,DE_Nuclear,2030,7,13,14,0.5,0.0,0.0
560,DE_Nuclear,2030,7,15,16,0.5,0.0,0.0
561,DE_Nuclear,2030,7,17,18,0.5,0.0,0.0
562,DE_Nuclear,2030,7,19,20,0.5,0.0,0.0
563,DE_Nuclear,2030,7,21,22,0.5,0.0,0.0
564,DE_Nuclear,2030,7,23,24,0.5,0.0,0.0
565,DE_Nuclear,2030,8,1,2,0.5,0.0,0.0
566,DE_Nuclear,2030,8,3,4,0.5,0.0,0.0
567,DE_Nuclear,2030,8,5,6,0.5,0.0,0.0
568,DE_Nuclear,2030,8,7,8,0.5,0.0,0.0
569,DE_Nuclear,2030,8,9,10,0.5,0.0,0.0
570,DE_Nuclear,2030,8,11,12,0.5,0.0,0.0
571,DE_Nuclear,2030,8,13,14,0.5,0.0,0.0
572,DE_Nuclear,2030,8,15,16,0.5,0.0,0.0
573,DE_Nuclear,2030,8,17,18,0.5,0.0,0.0
574,DE_Nuclear,2030,8,19,20,0.5,0.0,0.0
575,DE_Nuclear,2030,8,21,22,0.5,0.0,0.0
576,DE_Nuclear,2030,8,23,24,0.5,0.0,0.0
577,DE_Nuclear,2030,9,1,2,0.5,0.0,0.0
578,DE_Nuclear,2030,9,3,4,0.5,0.0,0.0
579,DE_Nuclear,2030,9,5,6,0.5,0.0,0.0
580,DE_Nuclear,2030,9,7,8,0.5,0.0,0.0
581,DE_Nuclear,2030,9,9,10,0.5,0.0,0.0
582,DE_Nuclear,2030,9,11,12,0.5,0.0,0.0
583,DE_Nuclear,2030,9,13,14,0.5,0.0,0.0
584,DE_Nuclear,2030,9,15,16,0.5,0.0,0.0
585,DE_Nuclear,2030,9,17,18,0.5,0.0,0.0
586,DE_Nuclear,2030,9,19,20,0.5,0.0,0.0
587,DE_Nuclear,2030,9,21,22,0.5,0.0,0.0
588,DE_Nuclear,2030,9,23,24,0.5,0.0,0.0
589,DE_Nuclear,2030,10,1,2,0.5,0.0,0.0
590,DE_Nuclear,2030,10,3,4,0.5,0.0,0.0
591,DE_Nuclear,2030,10,5,6,0.5,0.0,0.0
592,DE_Nuclear,2030,10,7,8,0.5,0.0,0.0
593,DE_Nuclear,2030,10,9,10,0.5,0.0,0.0
594,DE_Nuclear,2030,10,11,12,0.5,0.0,0.0
595,DE_Nuclear,2030,10,13,14,0.5,0.0,0.0
596,DE_Nuclear,2030,10,15,16,0.5,0.0,0.0
597,DE_Nuclear,2030,10,17,18,0.5,0.0,0.0
598,DE_Nuclear,2030,10,19,20,0.5,0.0,0.0
599,DE_Nuclear,2030,10,21,22,0.5,0.0,0.0
600,DE_Nuclear,2030,10,23,24,0.5,0.0,0.0
601,FR_Coal,2030,1,1,3,0.325,0.0,0.0
602,FR_Coal,2030,1,4,6,0.325,0.0,0.0
603,FR_Coal,2030,1,7,9,0.325,0.0,0.0
604,FR_Coal,2030,1,10,12,0.325,0.0,0.0
605,FR_Coal,2030,1,13,15,0.325,0.0,0.0
606,FR_Coal,2030,1,16,18,0.325,0.0,0.0
607,FR_Coal,2030,1,19,21,0.325,0.0,0.0
608,FR_Coal,2030,1,22,24,0.325,0.0,0.0
609,FR_Coal,2030,2,1,3,0.325,0.0,0.0
610,FR_Coal,2030,2,4,6,0.325,0.0,0.0
611,FR_Coal,2030,2,7,9,0.325,0.0,0.0
612,FR_Coal,2030,2,10,12,0.325,0.0,0.0
613,FR_Coal,2030,2,13,15,0.325,0.0,0.0
614,FR_Coal,2030,2,16,18,0.325,0.0,0.0
615,FR_Coal,2030,2,19,21,0.325,0.0,-0.42569999999999997
616,FR_Coal,2030,2,22,24,0.325,0.0,0.0
617,FR_Coal,2030,3,1,3,0.325,1.3078999999999998,0.0
618,FR_Coal,2030,3,4,6,0.325,1.4239,0.0
619,FR_Coal,2030,3,7,9,0.325,1.3078999999999998,0.0
620,FR_Coal,2030,3,10,12,0.325,1.4239,0.0
621,FR_Coal,2030,3,13,15,0.325,0.0,0.0
622,FR_Coal,2030,3,16,18,0.325,0.0,0.0
623,FR_Coal,2030,3,19,21,0.325,0.0,-0.8642
624,FR_Coal,2030,3,22,24,0.325,0.0,0.0
625,FR_Coal,2030,4,1,3,0.325,0.0,0.0
626,FR_Coal,2030,4,4,6,0.325,0.0,0.0
627,FR_Coal,2030,4,7,9,0.325,0.0,0.0
628,FR_Coal,2030,4,10,12,0.325,0.0,0.0
629,FR_Coal,2030,4,13,15,0.325,0.0,0.0
630,FR_Coal,2030,4,16,18,0.325,0.0,0.0
631,FR_Coal,2030,4,19,21,0.325,0.0,0.0
632,FR_Coal,2030,4,22,24,0.325,0.0,0.0
633,FR_Coal,2030,5,1,3,0.325,0.0,0.0
634,FR_Coal,2030,5,4,6,0.325,0.0,0.0
635,FR_Coal,2030,5,7,9,0.325,0.0,0.0
636,FR_Coal,2030,5,10,12,0.325,0.0,0.0
637,FR_Coal,2030,5,13,15,0.325,0.0,0.0
638,FR_Coal,2030,5,16,18,0.325,0.0,0.0
639,FR_Coal,2030,5,19,21,0.325,0.0,0.0
640,FR_Coal,2030,5,22,24,0.325,0.0,0.0
641,FR_Coal,2030,6,1,3,0.325,0.0,0.0
642,FR_Coal,2030,6,4,6,0.325,0.0,0.0
643,FR_Coal,2030,6,7,9,0.325,0.0,-1.4202000000000004
644,FR_Coal,2030,6,10,12,0.325,0.0,0.0
645,FR_Coal,2030,6,13,15,0.325,0.0,0.0
646,FR_Coal,2030,6,16,18,0.325,0.0,0.0
647,FR_Coal,2030,6,19,21,0.325,0.0,0.0
648,FR_Coal,2030,6,22,24,0.325,0.0,-0.3042000000000002
649,FR_Coal,2030,7,1,3,0.325,0.0,0.0
650,FR_Coal,2030,7,4,6,0.325,0.0,0.0
651,FR_Coal,2030,7,7,9,0.325,0.0,0.0
652,FR_Coal,2030,7,10,12,0.325,0.0,0.0
653,FR_Coal,2030,7,13,15,0.325,0.0,0.0
654,FR_Coal,2030,7,16,18,0.325,0.0,0.0
655,FR_Coal,2030,7,19,21,0.325,0.0,0.0
656,FR_Coal,2030,7,22,24,0.325,0.0,0.0
657,FR_Coal,2030,8,1,3,0.325,0.0,0.0
658,FR_Coal,2030,8,4,6,0.325,0.0,0.0
659,FR_Coal,2030,8,7,9,0.325,0.0,0.0
660,FR_Coal,2030,8,10,12,0.325,0.0,0.0
661,FR_Coal,2030,8,13,15,0.325,0.0,0.0
662,FR_Coal,2030,8,16,18,0.325,0.0,0.0
663,FR_Coal,2030,8,19,21,0.325,0.0,0.0
664,FR_Coal,2030,8,22,24,0.325,0.0,0.0
665,FR_Coal,2030,9,1,3,0.325,2.1113,0.0
666,FR_Coal,2030,9,4,6,0.325,1.9393,0.0
667,FR_Coal,2030,9,7,9,0.325,2.1113,0.0
668,FR_Coal,2030,9,10,12,0.325,1.9393,0.0
669,FR_Coal,2030,9,13,15,0.325,0.0,0.0
670,FR_Coal,2030,9,16,18,0.325,4.0506,0.0
671,FR_Coal,2030,9,19,21,0.325,0.0,0.0
672,FR_Coal,2030,9,22,24,0.325,0.0,0.0
673,FR_Coal,2030,10,1,3,0.325,0.0,0.0
674,FR_Coal,2030,10,4,6,0.325,0.0,0.0
675,FR_Coal,2030,10,7,9,0.325,0.0,0.0
676,FR_Coal,2030,10,10,12,0.325,0.0,0.0
677,FR_Coal,2030,10,13,15,0.325,0.0,0.0
678,FR_Coal,2030,10,16,18,0.325,0.0,0.0
679,FR_Coal,2030,10,19,21,0.325,0.0,0.0
680,FR_Coal,2030,10,22,24,0.325,0.0,0.0
681,FR_Nuclear,2030,1,1,2,0.5,0.0,0.0
682,FR_Nuclear,2030,1,3,4,0.5,0.0,0.0
683,FR_Nuclear,2030,1,5,6,0.5,0.0,0.0
684,FR_Nuclear,2030,1,7,8,0.5,0.0,0.0
685,FR_Nuclear,2030,1,9,10,0.5,0.0,0.0
686,FR_Nuclear,2030,1,11,12,0.5,0.0,0.0
687,FR_Nuclear,2030,1,13,14,0.5,0.0,0.0
688,FR_Nuclear,2030,1,15,16,0.5,0.0,0.0
689,FR_Nuclear,2030,1,17,18,0.5,0.0,0.0
690,FR_Nuclear,2030,1,19,20,0.5,0.0,0.0
691,FR_Nuclear,2030,1,21,22,0.5,0.0,0.0
692,FR_Nuclear,2030,1,23,24,0.5,0.0,0.0
693,FR_Nuclear,2030,2,1,2,0.5,0.0,0.0
694,FR_Nuclear,2030,2,3,4,0.5,0.0,0.0
695,FR_Nuclear,2030,2,5,6,0.5,0.0,0.0
696,FR_Nuclear,2030,2,7,8,0.5,0.0,0.0
697,FR_Nuclear,2030,2,9,10,0.5,0.0,0.0
698,FR_Nuclear,2030,2,11,12,0.5,0.0,0.0
699,FR_Nuclear,2030,2,13,14,0.5,0.0,0.0
700,FR_Nuclear,2030,2,15,16,0.5,0.0,0.0
701,FR_Nuclear,2030,2,17,18,0.5,0.0,0.0
702,FR_Nuclear,2030,2,19,20,0.5,0.0,0.0
703,FR_Nuclear,2030,2,21,22,0.5,0.0,0.0
704,FR_Nuclear,2030,2,23,24,0.5,0.0,0.0
705,FR_Nuclear,2030,3,1,2,0.5,0.0,0.0
706,FR_Nuclear,2030,3,3,4,0.5,0.0,0.0
707,FR_Nuclear,2030,3,5,6,0.5,0.0,0.0
708,FR_Nuclear,2030,3,7,8,0.5,0.0,0.0
709,FR_Nuclear,2030,3,9,10,0.5,0.0,0.0
710,FR_Nuclear,2030,3,11,12,0.5,0.0,0.0
711,FR_Nuclear,2030,3,13,14,0.5,0.0,0.0
712,FR_Nuclear,2030,3,15,16,0.5,0.0,0.0
713,FR_Nuclear,2030,3,17,18,0.5,0.0,0.0
714,FR_Nuclear,2030,3,19,20,0.5,0.0,0.0
715,FR_Nuclear,2030,3,21,22,0.5,0.0,0.0
716,FR_Nuclear,2030,3,23,24,0.5,0.0,0.0
717,FR_Nuclear,2030,4,1,2,0.5,0.0,0.0
718,FR_Nuclear,2030,4,3,4,0.5,0.0,0.0
719,FR_Nuclear,2030,4,5,6,0.5,0.0,0.0
720,FR_Nuclear,2030,4,7,8,0.5,0.0,0.0
721,FR_Nuclear,2030,4,9,10,0.5,0.0,0.0
722,FR_Nuclear,2030,4,11,12,0.5,0.0,0.0
723,FR_Nuclear,2030,4,13,14,0.5,0.0,0.0
724,FR_Nuclear,2030,4,15,16,0.5,0.0,0.0
725,FR_Nuclear,2030,4,17,18,0.5,0.0,0.0
726,FR_Nuclear,2030,4,19,20,0.5,0.0,0.0
727,FR_Nuclear,2030,4,21,22,0.5,0.0,0.0
728,FR_Nuclear,2030,4,23,24,0.5,0.0,0.0
729,FR_Nuclear,2030,5,1,2,0.5,0.0,0.0
730,FR_Nuclear,2030,5,3,4,0.5,0.0,0.0
731,FR_Nuclear,2030,5,5,6,0.5,0.0,0.0
732,FR_Nuclear,2030,5,7,8,0.5,0.0,0.0
733,FR_Nuclear,2030,5,9,10,0.5,0.0,0.0
734,FR_Nuclear,2030,5,11,12,0.5,0.0,0.0
735,FR_Nuclear,2030,5,13,14,0.5,0.0,0.0
736,FR_Nuclear,2030,5,15,16,0.5,0.0,0.0
737,FR_Nuclear,2030,5,17,18,0.5,0.0,0.0
738,FR_Nuclear,2030,5,19,20,0.5,0.0,0.0
739,FR_Nuclear,2030,5,21,22,0.5,0.0,0.0
740,FR_Nuclear,2030,5,23,24,0.5,0.0,0.0
741,FR_Nuclear,2030,6,1,2,0.5,0.0,0.0
742,FR_Nuclear,2030,6,3,4,0.5,0.0,0.0
743,FR_Nuclear,2030,6,5,6,0.5,0.0,0.0
744,FR_Nuclear,2030,6,7,8,0.5,0.0,0.0
745,FR_Nuclear,2030,6,9,10,0.5,0.0,0.0
746,FR_Nuclear,2030,6,11,12,0.5,0.0,0.0
747,FR_Nuclear,2030,6,13,14,0.5,0.0,0.0
748,FR_Nuclear,2030,6,15,16,0.5,0.0,0.0
749,FR_Nuclear,2030,6,17,18,0.5,0.0,0.0
750,FR_Nuclear,2030,6,19,20,0.5,0.0,0.0
751,FR_Nuclear,2030,6,21,22,0.5,0.0,0.0
752,FR_Nuclear,2030,6,23,24,0.5,0.0,0.0
753,FR_Nuclear,2030,7,1,2,0.5,0.0,0.0
754,FR_Nuclear,2030,7,3,4,0.5,0.0,0.0
755,FR_Nuclear,2030,7,5,6,0.5,0.0,0.0
756,FR_Nuclear,2030,7,7,8,0.5,0.0,0.0
757,FR_Nuclear,2030,7,9,10,0.5,0.0,0.0
758,FR_Nuclear,2030,7,11,12,0.5,0.0,0.0
759,FR_Nuclear,2030,7,13,14,0.5,0.0,0.0
760,FR_Nuclear,2030,7,15,16,0.5,0.0,0.0
761,FR_Nuclear,2030,7,17,18,0.5,0.0,0.0
762,FR_Nuclear,2030,7,19,20,0.5,0.0,0.0
763,FR_Nuclear,2030,7,21,22,0.5,0.0,0.0
764,FR_Nuclear,2030,7,23,24,0.5,0.0,0.0
765,FR_Nuclear,2030,8,1,2,0.5,0.0,0.0
766,FR_Nuclear,2030,8,3,4,0.5,0.0,0.0
767,FR_Nuclear,2030,8,5,6,0.5,0.0,0.0
768,FR_Nuclear,2030,8,7,8,0.5,0.0,0.0
769,FR_Nuclear,2030,8,9,10,0.5,0.0,0.0
770,FR_Nuclear,2030,8,11,12,0.5,0.0,0.0
771,FR_Nuclear,2030,8,13,14,0.5,0.0,0.0
772,FR_Nuclear,2030,8,15,16,0.5,0.0,0.0
773,FR_Nuclear,2030,8,17,18,0.5,0.0,0.0
774,FR_Nuclear,2030,8,19,20,0.5,0.0,0.0
775,FR_Nuclear,2030,8,21,22,0.5,0.0,0.0
776,FR_Nuclear,2030,8,23,24,0.5,0.0,0.0
777,FR_Nuclear,2030,9,1,2,0.5,0.0,0.0
778,FR_Nuclear,2030,9,3,4,0.5,0.0,0.0
779,FR_Nuclear,2030,9,5,6,0.5,0.0,0.0
780,FR_Nuclear,2030,9,7,8,0.5,0.0,0.0
781,FR_Nuclear,2030,9,9,10,0.5,0.0,0.0
782,FR_Nuclear,2030,9,11,12,0.5,0.0,0.0
783,FR_Nuclear,2030,9,13,14,0.5,0.0,0.0
784,FR_Nuclear,2030,9,15,16,0.5,0.0,0.0
785,FR_Nuclear,2030,9,17,18,0.5,0.0,0.0
786,FR_Nuclear,2030,9,19,20,0.5,0.0,0.0
787,FR_Nuclear,2030,9,21,22,0.5,0.0,0.0
788,FR_Nuclear,2030,9,23,24,0.5,0.0,0.0
789,FR_Nuclear,2030,10,1,2,0.5,0.0,0.0
790,FR_Nuclear,2030,10,3,4,0.5,0.0,0.0
791,FR_Nuclear,2030,10,5,6,0.5,0.0,0.0
792,FR_Nuclear,2030,10,7,8,0.5,0.0,0.0
793,FR_Nuclear,2030,10,9,10,0.5,0.0,0.0
794,FR_Nuclear,2030,10,11,12,0.5,0.0,0.0
795,FR_Nuclear,2030,10,13,14,0.5,0.0,0.0
796,FR_Nuclear,2030,10,15,16,0.5,0.0,0.0
797,FR_Nuclear,2030,10,17,18,0.5,0.0,0.0
798,FR_Nuclear,2030,10,19,20,0.5,0.0,0.0
799,FR_Nuclear,2030,10,21,22,0.5,0.0,0.0
800,FR_Nuclear,2030,10,23,24,0.5,0.0,0.0
801,LU_Coal,2030,1,1,3,0.325,0.0,0.0
802,LU_Coal,2030,1,4,6,0.325,0.0,0.0
803,LU_Coal,2030,1,7,9,0.325,0.0,0.0
804,LU_Coal,2030,1,10,12,0.325,0.0,0.0
805,LU_Coal,2030,1,13,15,0.325,0.0,0.0
806,LU_Coal,2030,1,16,18,0.325,0.0,0.0
807,LU_Coal,2030,1,19,21,0.325,0.0,0.0
808,LU_Coal,2030,1,22,24,0.325,0.0,0.0
809,LU_Coal,2030,2,1,3,0.325,0.0,0.0
810,LU_Coal,2030,2,4,6,0.325,0.0,0.0
811,LU_Coal,2030,2,7,9,0.325,0.0,0.0
812,LU_Coal,2030,2,10,12,0.325,0.0,0.0
813,LU_Coal,2030,2,13,15,0.325,0.0,0.0
814,LU_Coal,2030,2,16,18,0.325,0.0,-0.42569999999999997
815,LU_Coal,2030,2,19,21,0.325,0.0,-1.6202999999999999
816,LU_Coal,2030,2,22,24,0.325,0.0,0.0
817,LU_Coal,2030,3,1,3,0.325,0.0,0.0
818,LU_Coal,2030,3,4,6,0.325,0.0,0.0
819,LU_Coal,2030,3,7,9,0.325,0.0,0.0
820,LU_Coal,2030,3,10,12,0.325,0.0,0.0
821,LU_Coal,2030,3,13,15,0.325,0.0,0.0
822,LU_Coal,2030,3,16,18,0.325,0.0,-1.4239
823,LU_Coal,2030,3,19,21,0.325,0.0,0.0
824,LU_Coal,2030,3,22,24,0.325,0.0,0.0
825,LU_Coal,2030,4,1,3,0.325,0.0,0.0
826,LU_Coal,2030,4,4,6,0.325,0.0,0.0
827,LU_Coal,2030,4,7,9,0.325,0.0,0.0
828,LU_Coal,2030,4,10,12,0.325,0.0,0.0
829,LU_Coal,2030,4,13,15,0.325,0.0,0.0
830,LU_Coal,2030,4,16,18,0.325,0.0,0.0
831,LU_Coal,2030,4,19,21,0.325,0.0,0.0
832,LU_Coal,2030,4,22,24,0.325,0.0,0.0
833,LU_Coal,2030,5,1,3,0.325,0.0,0.0
834,LU_Coal,2030,5,4,6,0.325,0.0,0.0
835,LU_Coal,2030,5,7,9,0.325,0.0,0.0
836,LU_Coal,2030,5,10,12,0.325,0.0,0.0
837,LU_Coal,2030,5,13,15,0.325,0.0,0.0
838,LU_Coal,2030,5,16,18,0.325,0.0,0.0
839,LU_Coal,2030,5,19,21,0.325,0.0,0.0
840,LU_Coal,2030,5,22,24,0.325,0.0,0.0
841,LU_Coal,2030,6,1,3,0.325,0.0,0.0
842,LU_Coal,2030,6,4,6,0.325,0.0,0.0
843,LU_Coal,2030,6,7,9,0.325,0.0,0.0
844,LU_Coal,2030,6,10,12,0.325,0.0,0.0
845,LU_Coal,2030,6,13,15,0.325,0.8837999999999999,0.0
846,LU_Coal,2030,6,16,18,0.325,0.8117999999999999,0.0
847,LU_Coal,2030,6,19,21,0.325,0.0,0.0
848,LU_Coal,2030,6,22,24,0.325,0.0,0.0
849,LU_Coal,2030,7,1,3,0.325,0.0,0.0
850,LU_Coal,2030,7,4,6,0.325,0.0,0.0
851,LU_Coal,2030,7,7,9,0.325,0.0,0.0
852,LU_Coal,2030,7,10,12,0.325,0.0,0.0
853,LU_Coal,2030,7,13,15,0.325,0.0,0.0
854,LU_Coal,2030,7,16,18,0.325,0.0,0.0
855,LU_Coal,2030,7,19,21,0.325,0.0,0.0
856,LU_Coal,2030,7,22,24,0.325,0.0,0.0
857,LU_Coal,2030,8,1,3,0.325,0.0,0.0
858,LU_Coal,2030,8,4,6,0.325,0.0,0.0
859,LU_Coal,2030,8,7,9,0.325,0.0,0.0
860,LU_Coal,2030,8,10,12,0.325,0.0,0.0
861,LU_Coal,2030,8,13,15,0.325,0.0,0.0
862,LU_Coal,2030,8,16,18,0.325,0.0,0.0
863,LU_Coal,2030,8,19,21,0.325,0.0,0.0
864,LU_Coal,2030,8,22,24,0.325,0.0,0.0
865,LU_Coal,2030,9,1,3,0.325,0.0,0.0
866,LU_Coal,2030,9,4,6,0.325,0.0,0.0
867,LU_Coal,2030,9,7,9,0.325,0.0,0.0
868,LU_Coal,2030,9,10,12,0.325,0.0,0.0
869,LU_Coal,2030,9,13,15,0.325,0.0,0.0
870,LU_Coal,2030,9,16,18,0.325,0.0,0.0
871,LU_Coal,2030,9,19,21,0.325,0.0,0.0
872,LU_Coal,2030,9,22,24,0.325,0.0,-0.7267
873,LU_Coal,2030,10,1,3,0.325,0.0,0.0
874,LU_Coal,2030,10,4,6,0.325,0.0,0.0
875,LU_Coal,2030,10,7,9,0.325,0.0,0.0
876,LU_Coal,2030,10,10,12,0.325,0.0,0.0
877,LU_Coal,2030,10,13,15,0.325,0.0,0.0
878,LU_Coal,2030,10,16,18,0.325,0.0,0.0
879,LU_Coal,2030,10,19,21,0.325,0.0,0.0
880,LU_Coal,2030,10,22,24,0.325,0.0,0.0
881,LU_Nuclear,2030,1,1,2,0.5,0.0,0.0
882,LU_Nuclear,2030,1,3,4,0.5,0.0,0.0
883,LU_Nuclear,2030,1,5,6,0.5,0.0,0.0
884,LU_Nuclear,2030,1,7,8,0.5,0.0,0.0
885,LU_Nuclear,2030,1,9,10,0.5,0.0,0.0
886,LU_Nuclear,2030,1,11,12,0.5,0.0,0.0
887,LU_Nuclear,2030,1,13,14,0.5,0.0,0.0
888,LU_Nuclear,2030,1,15,16,0.5,0.0,0.0
889,LU_Nuclear,2030,1,17,18,0.5,0.0,0.0
890,LU_Nuclear,2030,1,19,20,0.5,0.0,0.0
891,LU_Nuclear,2030,1,21,22,0.5,0.0,0.0
892,LU_Nuclear,2030,1,23,24,0.5,0.0,0.0
893,LU_Nuclear,2030,2,1,2,0.5,0.0,0.0
894,LU_Nuclear,2030,2,3,4,0.5,0.0,0.0
895,LU_Nuclear,2030,2,5,6,0.5,0.0,0.0
896,LU_Nuclear,2030,2,7,8,0.5,0.0,0.0
897,LU_Nuclear,2030,2,9,10,0.5,0.0,0.0
898,LU_Nuclear,2030,2,11,12,0.5,0.0,0.0
899,LU_Nuclear,2030,2,13,14,0.5,0.0,0.0
900,LU_Nuclear,2030,2,15,16,0.5,0.0,0.0
901,LU_Nuclear,2030,2,17,18,0.5,0.0,0.0
902,LU_Nuclear,2030,2,19,20,0.5,0.0,0.0
903,LU_Nuclear,2030,2,21,22,0.5,0.0,0.0
904,LU_Nuclear,2030,2,23,24,0.5,0.0,0.0
905,LU_Nuclear,2030,3,1,2,0.5,0.0,0.0
906,LU_Nuclear,2030,3,3,4,0.5,0.0,0.0
907,LU_Nuclear,2030,3,5,6,0.5,0.0,0.0
908,LU_Nuclear,2030,3,7,8,0.5,0.0,0.0
909,LU_Nuclear,2030,3,9,10,0.5,0.0,0.0
910,LU_Nuclear,2030,3,11,12,0.5,0.0,0.0
911,LU_Nuclear,2030,3,13,14,0.5,0.0,0.0
912,LU_Nuclear,2030,3,15,16,0.5,0.0,0.0
913,LU_Nuclear,2030,3,17,18,0.5,0.0,0.0
914,LU_Nuclear,2030,3,19,20,0.5,0.0,0.0
915,LU_Nuclear,2030,3,21,22,0.5,0.0,0.0
916,LU_Nuclear,2030,3,23,24,0.5,0.0,0.0
917,LU_Nuclear,2030,4,1,2,0.5,0.0,0.0
918,LU_Nuclear,2030,4,3,4,0.5,0.0,0.0
919,LU_Nuclear,2030,4,5,6,0.5,0.0,0.0
920,LU_Nuclear,2030,4,7,8,0.5,0.0,0.0
921,LU_Nuclear,2030,4,9,10,0.5,0.0,0.0
922,LU_Nuclear,2030,4,11,12,0.5,0.0,0.0
923,LU_Nuclear,2030,4,13,14,0.5,0.0,0.0
924,LU_Nuclear,2030,4,15,16,0.5,0.0,0.0
925,LU_Nuclear,2030,4,17,18,0.5,0.0,0.0
926,LU_Nuclear,2030,4,19,20,0.5,0.0,0.0
927,LU_Nuclear,2030,4,21,22,0.5,0.0,0.0
928,LU_Nuclear,2030,4,23,24,0.5,0.0,0.0
929,LU_Nuclear,2030,5,1,2,0.5,0.0,0.0
930,LU_Nuclear,2030,5,3,4,0.5,0.0,0.0
931,LU_Nuclear,2030,5,5,6,0.5,0.0,0.0
932,LU_Nuclear,2030,5,7,8,0.5,0.0,0.0
933,LU_Nuclear,2030,5,9,10,0.5,0.0,0.0
934,LU_Nuclear,2030,5,11,12,0.5,0.0,0.0
935,LU_Nuclear,2030,5,13,14,0.5,0.0,0.0
936,LU_Nuclear,2030,5,15,16,0.5,0.0,0.0
937,LU_Nuclear,2030,5,17,18,0.5,0.0,0.0
938,LU_Nuclear,2030,5,19,20,0.5,0.0,0.0
939,LU_Nuclear,2030,5,21,22,0.5,0.0,0.0
940,LU_Nuclear,2030,5,23,24,0.5,0.0,0.0
941,LU_Nuclear,2030,6,1,2,0.5,0.0,0.0
942,LU_Nuclear,2030,6,3,4,0.5,0.0,0.0
943,LU_Nuclear,2030,6,5,6,0.5,0.0,0.0
944,LU_Nuclear,2030,6,7,8,0.5,0.0,0.0
945,LU_Nuclear,2030,6,9,10,0.5,0.0,0.0
946,LU_Nuclear,2030,6,11,12,0.5,0.0,0.0
947,LU_Nuclear,2030,6,13,14,0.5,0.0,0.0
948,LU_Nuclear,2030,6,15,16,0.5,0.0,0.0
949,LU_Nuclear,2030,6,17,18,0.5,0.0,0.0
950,LU_Nuclear,2030,6,19,20,0.5,0.0,0.0
951,LU_Nuclear,2030,6,21,22,0.5,0.0,0.0
952,LU_Nuclear,2030,6,23,24,0.5,0.0,0.0
953,LU_Nuclear,2030,7,1,2,0.5,0.0,0.0
954,LU_Nuclear,2030,7,3,4,0.5,0.0,0.0
955,LU_Nuclear,2030,7,5,6,0.5,0.0,0.0
956,LU_Nuclear,2030,7,7,8,0.5,0.0,0.0
957,LU_Nuclear,2030,7,9,10,0.5,0.0,0.0
958,LU_Nuclear,2030,7,11,12,0.5,0.0,0.0
959,LU_Nuclear,2030,7,13,14,0.5,0.0,0.0
960,LU_Nuclear,2030,7,15,16,0.5,0.0,0.0
961,LU_Nuclear,2030,7,17,18,0.5,0.0,0.0
962,LU_Nuclear,2030,7,19,20,0.5,0.0,0.0
963,LU_Nuclear,2030,7,21,22,0.5,0.0,0.0
964,LU_Nuclear,2030,7,23,24,0.5,0.0,0.0
965,LU_Nuclear,2030,8,1,2,0.5,0.0,0.0
966,LU_Nuclear,2030,8,3,4,0.5,0.0,0.0
967,LU_Nuclear,2030,8,5,6,0.5,0.0,0.0
968,LU_Nuclear,2030,8,7,8,0.5,0.0,0.0
969,LU_Nuclear,2030,8,9,10,0.5,0.0,0.0
970,LU_Nuclear,2030,8,11,12,0.5,0.0,0.0
971,LU_Nuclear,2030,8,13,14,0.5,0.0,0.0
972,LU_Nuclear,2030,8,15,16,0.5,0.0,0.0
973,LU_Nuclear,2030,8,17,18,0.5,0.0,0.0
974,LU_Nuclear,2030,8,19,20,0.5,0.0,0.0
975,LU_Nuclear,2030,8,21,22,0.5,0.0,0.0
976,LU_Nuclear,2030,8,23,24,0.5,0.0,0.0
977,LU_Nuclear,2030,9,1,2,0.5,0.0,0.0
978,LU_Nuclear,2030,9,3,4,0.5,0.0,0.0
979,LU_Nuclear,2030,9,5,6,0.5,0.0,0.0
980,LU_Nuclear,2030,9,7,8,0.5,0.0,0.0
981,LU_Nuclear,2030,9,9,10,0.5,0.0,0.0
982,LU_Nuclear,2030,9,11,12,0.5,0.0,0.0
983,LU_Nuclear,2030,9,13,14,0.5,0.0,0.0
984,LU_Nuclear,2030,9,15,16,0.5,0.0,0.0
985,LU_Nuclear,2030,9,17,18,0.5,0.0,0.0
986,LU_Nuclear,2030,9,19,20,0.5,0.0,0.0
987,LU_Nuclear,2030,9,21,22,0.5,0.0,0.0
988,LU_Nuclear,2030,9,23,24,0.5,0.0,0.0
989,LU_Nuclear,2030,10,1,2,0.5,0.0,0.0
990,LU_Nuclear,2030,10,3,4,0.5,0.0,0.0
991,LU_Nuclear,2030,10,5,6,0.5,0.0,0.0
992,LU_Nuclear,2030,10,7,8,0.5,0.0,0.0
993,LU_Nuclear,2030,10,9,10,0.5,0.0,0.0
994,LU_Nuclear,2030,10,11,12,0.5,0.0,0.0
995,LU_Nuclear,2030,10,13,14,0.5,0.0,0.0
996,LU_Nuclear,2030,10,15,16,0.5,0.0,0.0
997,LU_Nuclear,2030,10,17,18,0.5,0.0,0.0
998,LU_Nuclear,2030,10,19,20,0.5,0.0,0.0
999,LU_Nuclear,2030,10,21,22,0.5,0.0,0.0
1000,LU_Nuclear,2030,10,23,24,0.5,0.0,0.0
1001,NL_Coal,2030,1,1,3,0.325,0.0,0.0
1002,NL_Coal,2030,1,4,6,0.325,0.0,0.0
1003,NL_Coal,2030,1,7,9,0.325,0.0,0.0
1004,NL_Coal,2030,1,10,12,0.325,0.0,0.0
1005,NL_Coal,2030,1,13,15,0.325,0.0,0.0
1006,NL_Coal,2030,1,16,18,0.325,0.0,0.0
1007,NL_Coal,2030,1,19,21,0.325,0.0,0.0
1008,NL_Coal,2030,1,22,24,0.325,0.0,0.0
1009,NL_Coal,2030,2,1,3,0.325,1.6202999999999999,0.0
1010,NL_Coal,2030,2,4,6,0.325,1.4882999999999997,0.0
1011,NL_Coal,2030,2,7,9,0.325,0.0,0.0
1012,NL_Coal,2030,2,10,12,0.325,0.0,0.0
1013,NL_Coal,2030,2,13,15,0.325,0.0,0.0
1014,NL_Coal,2030,2,16,18,0.325,0.0,0.0
1015,NL_Coal,2030,2,19,21,0.325,0.0,0.0
1016,NL_Coal,2030,2,22,24,0.325,0.0,0.0
1017,NL_Coal,2030,3,1,3,0.325,0.0,0.0
1018,NL_Coal,2030,3,4,6,0.325,0.0,0.0
1019,NL_Coal,2030,3,7,9,0.325,0.0,0.0
1020,NL_Coal,2030,3,10,12,0.325,0.0,0.0
1021,NL_Coal,2030,3,13,15,0.325,0.0,0.0
1022,NL_Coal,2030,3,16,18,0.325,0.0,0.0
1023,NL_Coal,2030,3,19,21,0.325,0.0,0.0
1024,NL_Coal,2030,3,22,24,0.325,0.0,0.0
1025,NL_Coal,2030,4,1,3,0.325,1.1293,0.0
1026,NL_Coal,2030,4,4,6,0.325,1.0372999999999999,0.0
1027,NL_Coal,2030,4,7,9,0.325,0.0,0.0
1028,NL_Coal,2030,4,10,12,0.325,0.0,0.0
1029,NL_Coal,2030,4,13,15,0.325,0.0,0.0
1030,NL_Coal,2030,4,16,18,0.325,0.0,0.0
1031,NL_Coal,2030,4,19,21,0.325,2.1666,0.0
1032,NL_Coal,2030,4,22,24,0.325,0.0,0.0
1033,NL_Coal,2030,5,1,3,0.325,0.0,0.0
1034,NL_Coal,2030,5,4,6,0.325,0.0,0.0
1035,NL_Coal,2030,5,7,9,0.325,0.0,0.0
1036,NL_Coal,2030,5,10,12,0.325,0.0,0.0
1037,NL_Coal,2030,5,13,15,0.325,0.0,0.0
1038,NL_Coal,2030,5,16,18,0.325,0.0,0.0
1039,NL_Coal,2030,5,19,21,0.325,0.0,0.0
1040,NL_Coal,2030,5,22,24,0.325,0.0,0.0
1041,NL_Coal,2030,6,1,3,0.325,0.0,0.0
1042,NL_Coal,2030,6,4,6,0.325,-0.0,0.0
1043,NL_Coal,2030,6,7,9,0.325,0.0,0.0
1044,NL_Coal,2030,6,10,12,0.325,0.0,0.0
1045,NL_Coal,2030,6,13,15,0.325,0.0,0.0
1046,NL_Coal,2030,6,16,18,0.325,1.6955999999999998,0.0
1047,NL_Coal,2030,6,19,21,0.325,0.0,0.0
1048,NL_Coal,2030,6,22,24,0.325,0.0,0.0
1049,NL_Coal,2030,7,1,3,0.325,0.0,0.0
1050,NL_Coal,2030,7,4,6,0.325,0.0,0.0
1051,NL_Coal,2030,7,7,9,0.325,0.0,0.0
1052,NL_Coal,2030,7,10,12,0.325,0.0,0.0
1053,NL_Coal,2030,7,13,15,0.325,0.0,0.0
1054,NL_Coal,2030,7,16,18,0.325,0.0,0.0
1055,NL_Coal,2030,7,19,21,0.325,0.0,0.0
1056,NL_Coal,2030,7,22,24,0.325,0.0,0.0
1057,NL_Coal,2030,8,1,3,0.325,0.0,0.0
1058,NL_Coal,2030,8,4,6,0.325,0.0,0.0
1059,NL_Coal,2030,8,7,9,0.325,0.0,0.0
1060,NL_Coal,2030,8,10,12,0.325,0.0,0.0
1061,NL_Coal,2030,8,13,15,0.325,0.0,0.0
1062,NL_Coal,2030,8,16,18,0.325,0.0,0.0
1063,NL_Coal,2030,8,19,21,0.325,0.0,0.0
1064,NL_Coal,2030,8,22,24,0.325,0.0,0.0
1065,NL_Coal,2030,9,1,3,0.325,0.0,0.0
1066,NL_Coal,2030,9,4,6,0.325,0.0,0.0
1067,NL_Coal,2030,9,7,9,0.325,0.0,0.0
1068,NL_Coal,2030,9,10,12,0.325,0.0,0.0
1069,NL_Coal,2030,9,13,15,0.325,0.0,0.0
1070,NL_Coal,2030,9,16,18,0.325,0.0,0.0
1071,NL_Coal,2030,9,19,21,0.325,0.0,-0.5547
1072,NL_Coal,2030,9,22,24,0.325,0.0,-0.7267
1073,NL_Coal,2030,10,1,3,0.325,0.0,0.0
1074,NL_Coal,2030,10,4,6,0.325,0.0,0.0
1075,NL_Coal,2030,10,7,9,0.325,0.0,0.0
1076,NL_Coal,2030,10,10,12,0.325,0.0,0.0
1077,NL_Coal,2030,10,13,15,0.325,0.0,0.0
1078,NL_Coal,2030,10,16,18,0.325,0.0,0.0
1079,NL_Coal,2030,10,19,21,0.325,0.0,0.0
1080,NL_Coal,2030,10,22,24,0.325,0.0,0.0
1081,NL_Nuclear,2030,1,1,2,0.5,0.0,0.0
1082,NL_Nuclear,2030,1,3,4,0.5,0.0,0.0
1083,NL_Nuclear,2030,1,5,6,0.5,0.0,0.0
1084,NL_Nuclear,2030,1,7,8,0.5,0.0,0.0
1085,NL_Nuclear,2030,1,9,10,0.5,0.0,0.0
1086,NL_Nuclear,2030,1,11,12,0.5,0.0,0.0
1087,NL_Nuclear,2030,1,13,14,0.5,0.0,0.0
1088,NL_Nuclear,2030,1,15,16,0.5,0.0,0.0
1089,NL_Nuclear,2030,1,17,18,0.5,0.0,0.0
1090,NL_Nuclear,2030,1,19,20,0.5,0.0,0.0
1091,NL_Nuclear,2030,1,21,22,0.5,0.0,0.0
1092,NL_Nuclear,2030,1,23,24,0.5,0.0,0.0
1093,NL_Nuclear,2030,2,1,2,0.5,0.0,0.0
1094,NL_Nuclear,2030,2,3,4,0.5,0.0,0.0
1095,NL_Nuclear,2030,2,5,6,0.5,0.0,0.0
1096,NL_Nuclear,2030,2,7,8,0.5,0.0,0.0
1097,NL_Nuclear,2030,2,9,10,0.5,0.0,0.0
1098,NL_Nuclear,2030,2,11,12,0.5,0.0,0.0
1099,NL_Nuclear,2030,2,13,14,0.5,0.0,0.0
1100,NL_Nuclear,2030,2,15,16,0.5,0.0,0.0
1101,NL_Nuclear,2030,2,17,18,0.5,0.0,0.0
1102,NL_Nuclear,2030,2,19,20,0.5,0.0,0.0
1103,NL_Nuclear,2030,2,21,22,0.5,0.0,0.0
1104,NL_Nuclear,2030,2,23,24,0.5,0.0,0.0
1105,NL_Nuclear,2030,3,1,2,0.5,0.0,0.0
1106,NL_Nuclear,2030,3,3,4,0.5,0.0,0.0
1107,NL_Nuclear,2030,3,5,6,0.5,0.0,0.0
1108,NL_Nuclear,2030,3,7,8,0.5,0.0,0.0
1109,NL_Nuclear,2030,3,9,10,0.5,0.0,0.0
1110,NL_Nuclear,2030,3,11,12,0.5,0.0,0.0
1111,NL_Nuclear,2030,3,13,14,0.5,0.0,0.0
1112,NL_Nuclear,2030,3,15,16,0.5,0.0,0.0
1113,NL_Nuclear,2030,3,17,18,0.5,0.0,0.0
1114,NL_Nuclear,2030,3,19,20,0.5,0.0,0.0
1115,NL_Nuclear,2030,3,21,22,0.5,0.0,0.0
1116,NL_Nuclear,2030,3,23,24,0.5,0.0,0.0
1117,NL_Nuclear,2030,4,1,2,0.5,0.0,0.0
1118,NL_Nuclear,2030,4,3,4,0.5,0.0,0.0
1119,NL_Nuclear,2030,4,5,6,0.5,0.0,0.0
1120,NL_Nuclear,2030,4,7,8,0.5,0.0,0.0
1121,NL_Nuclear,2030,4,9,10,0.5,0.0,0.0
1122,NL_Nuclear,2030,4,11,12,0.5,0.0,0.0
1123,NL_Nuclear,2030,4,13,14,0.5,0.0,0.0
1124,NL_Nuclear,2030,4,15,16,0.5,0.0,0.0
1125,NL_Nuclear,2030,4,17,18,0.5,0.0,0.0
1126,NL_Nuclear,2030,4,19,20,0.5,0.0,0.0
1127,NL_Nuclear,2030,4,21,22,0.5,0.0,0.0
1128,NL_Nuclear,2030,4,23,24,0.5,0.0,0.0
1129,NL_Nuclear,2030,5,1,2,0.5,0.0,0.0
1130,NL_Nuclear,2030,5,3,4,0.5,0.0,0.0
1131,NL_Nuclear,2030,5,5,6,0.5,0.0,0.0
1132,NL_Nuclear,2030,5,7,8,0.5,0.0,0.0
1133,NL_Nuclear,2030,5,9,10,0.5,0.0,0.0
1134,NL_Nuclear,2030,5,11,12,0.5,0.0,0.0
1135,NL_Nuclear,2030,5,13,14,0.5,0.0,0.0
1136,NL_Nuclear,2030,5,15,16,0.5,0.0,0.0
1137,NL_Nuclear,2030,5,17,18,0.5,0.0,0.0
1138,NL_Nuclear,2030,5,19,20,0.5,0.0,0.0
1139,NL_Nuclear,2030,5,21,22,0.5,0.0,0.0
1140,NL_Nuclear,2030,5,23,24,0.5,0.0,0.0
1141,NL_Nuclear,2030,6,1,2,0.5,0.0,0.0
1142,NL_Nuclear,2030,6,3,4,0.5,0.0,0.0
1143,NL_Nuclear,2030,6,5,6,0.5,0.0,0.0
1144,NL_Nuclear,2030,6,7,8,0.5,0.0,0.0
1145,NL_Nuclear,2030,6,9,10,0.5,0.0,0.0
1146,NL_Nuclear,2030,6,11,12,0.5,0.0,0.0
1147,NL_Nuclear,2030,6,13,14,0.5,0.0,0.0
1148,NL_Nuclear,2030,6,15,16,0.5,0.0,0.0
1149,NL_Nuclear,2030,6,17,18,0.5,0.0,0.0
1150,NL_Nuclear,2030,6,19,20,0.5,0.0,0.0
1151,NL_Nuclear,2030,6,21,22,0.5,0.0,0.0
1152,NL_Nuclear,2030,6,23,24,0.5,0.0,0.0
1153,NL_Nuclear,2030,7,1,2,0.5,0.0,0.0
1154,NL_Nuclear,2030,7,3,4,0.5,0.0,0.0
1155,NL_Nuclear,2030,7,5,6,0.5,0.0,0.0
1156,NL_Nuclear,2030,7,7,8,0.5,0.0,0.0
1157,NL_Nuclear,2030,7,9,10,0.5,0.0,0.0
1158,NL_Nuclear,2030,7,11,12,0.5,0.0,0.0
1159,NL_Nuclear,2030,7,13,14,0.5,0.0,0.0
1160,NL_Nuclear,2030,7,15,16,0.5,0.0,0.0
1161,NL_Nuclear,2030,7,17,18,0.5,0.0,0.0
1162,NL_Nuclear,2030,7,19,20,0.5,0.0,0.0
1163,NL_Nuclear,2030,7,21,22,0.5,0.0,0.0
1164,NL_Nuclear,2030,7,23,24,0.5,0.0,0.0
1165,NL_Nuclear,2030,8,1,2,0.5,0.0,0.0
1166,NL_Nuclear,2030,8,3,4,0.5,0.0,0.0
1167,NL_Nuclear,2030,8,5,6,0.5,0.0,0.0
1168,NL_Nuclear,2030,8,7,8,0.5,0.0,0.0
1169,NL_Nuclear,2030,8,9,10,0.5,0.0,0.0
1170,NL_Nuclear,2030,8,11,12,0.5,0.0,0.0
1171,NL_Nuclear,2030,8,13,14,0.5,0.0,0.0
1172,NL_Nuclear,2030,8,15,16,0.5,0.0,0.0
1173,NL_Nuclear,2030,8,17,18,0.5,0.0,0.0
1174,NL_Nuclear,2030,8,19,20,0.5,0.0,0.0
1175,NL_Nuclear,2030,8,21,22,0.5,0.0,0.0
1176,NL_Nuclear,2030,8,23,24,0.5,0.0,0.0
1177,NL_Nuclear,2030,9,1,2,0.5,0.0,0.0
1178,NL_Nuclear,2030,9,3,4,0.5,0.0,0.0
1179,NL_Nuclear,2030,9,5,6,0.5,0.0,0.0
1180,NL_Nuclear,2030,9,7,8,0.5,0.0,0.0
1181,NL_Nuclear,2030,9,9,10,0.5,0.0,0.0
1182,NL_Nuclear,2030,9,11,12,0.5,0.0,0.0
1183,NL_Nuclear,2030,9,13,14,0.5,0.0,0.0
1184,NL_Nuclear,2030,9,15,16,0.5,0.0,0.0
1185,NL_Nuclear,2030,9,17,18,0.5,0.0,0.0
1186,NL_Nuclear,2030,9,19,20,0.5,0.0,0.0
1187,NL_Nuclear,2030,9,21,22,0.5,0.0,0.0
1188,NL_Nuclear,2030,9,23,24,0.5,0.0,0.0
1189,NL_Nuclear,2030,10,1,2,0.5,0.0,0.0
1190,NL_Nuclear,2030,10,3,4,0.5,0.0,0.0
1191,NL_Nuclear,2030,10,5,6,0.5,0.0,0.0
1192,NL_Nuclear,2030,10,7,8,0.5,0.0,0.0
1193,NL_Nuclear,2030,10,9,10,0.5,0.0,0.0
1194,NL_Nuclear,2030,10,11,12,0.5,0.0,0.0
1195,NL_Nuclear,2030,10,13,14,0.5,0.0,0.0
1196,NL_Nuclear,2030,10,15,16,0.5,0.0,0.0
1197,NL_Nuclear,2030,10,17,18,0.5,0.0,0.0
1198,NL_Nuclear,2030,10,19,20,0.5,0.0,0.0
1199,NL_Nuclear,2030,10,21,22,0.5,0.0,0.0
1200,NL_Nuclear,2030,10,23,24,0.5,0.0,0.0
1201,UK_Coal,2030,1,1,3,0.325,0.0,0.0
1202,UK_Coal,2030,1,4,6,0.325,0.0,0.0
1203,UK_Coal,2030,1,7,9,0.325,0.0,0.0
1204,UK_Coal,2030,1,10,12,0.325,0.0,0.0
1205,UK_Coal,2030,1,13,15,0.325,0.0,0.0
1206,UK_Coal,2030,1,16,18,0.325,0.0,0.0
1207,UK_Coal,2030,1,19,21,0.325,0.0,0.0
1208,UK_Coal,2030,1,22,24,0.325,0.0,0.0
1209,UK_Coal,2030,2,1,3,0.325,0.0,0.0
1210,UK_Coal,2030,2,4,6,0.325,0.0,0.0
1211,UK_Coal,2030,2,7,9,0.325,0.0,0.0
1212,UK_Coal,2030,2,10,12,0.325,0.0,0.0
1213,UK_Coal,2030,2,13,15,0.325,0.0,0.0
1214,UK_Coal,2030,2,16,18,0.325,0.0,0.0
1215,UK_Coal,2030,2,19,21,0.325,0.0,0.0
1216,UK_Coal,2030,2,22,24,0.325,0.0,0.0
1217,UK_Coal,2030,3,1,3,0.325,0.0,0.0
1218,UK_Coal,2030,3,4,6,0.325,0.0,0.0
1219,UK_Coal,2030,3,7,9,0.325,0.0,0.0
1220,UK_Coal,2030,3,10,12,0.325,0.0,0.0
1221,UK_Coal,2030,3,13,15,0.325,0.0,0.0
1222,UK_Coal,2030,3,16,18,0.325,0.0,0.0
1223,UK_Coal,2030,3,19,21,0.325,0.0,0.0
1224,UK_Coal,2030,3,22,24,0.325,0.0,0.0
1225,UK_Coal,2030,4,1,3,0.325,0.0,0.0
1226,UK_Coal,2030,4,4,6,0.325,0.0,0.0
1227,UK_Coal,2030,4,7,9,0.325,0.0,0.0
1228,UK_Coal,2030,4,10,12,0.325,0.0,0.0
1229,UK_Coal,2030,4,13,15,0.325,0.0,0.0
1230,UK_Coal,2030,4,16,18,0.325,0.0,0.0
1231,UK_Coal,2030,4,19,21,0.325,0.0,0.0
1232,UK_Coal,2030,4,22,24,0.325,0.0,0.0
1233,UK_Coal,2030,5,1,3,0.325,0.0,0.0
1234,UK_Coal,2030,5,4,6,0.325,0.0,0.0
1235,UK_Coal,2030,5,7,9,0.325,0.0,0.0
1236,UK_Coal,2030,5,10,12,0.325,0.0,0.0
1237,UK_Coal,2030,5,13,15,0.325,0.0,0.0
1238,UK_Coal,2030,5,16,18,0.325,0.0,0.0
1239,UK_Coal,2030,5,19,21,0.325,0.0,0.0
1240,UK_Coal,2030,5,22,24,0.325,0.0,0.0
1241,UK_Coal,2030,6,1,3,0.325,0.0,0.0
1242,UK_Coal,2030,6,4,6,0.325,0.0,0.0
1243,UK_Coal,2030,6,7,9,0.325,0.0,0.0
1244,UK_Coal,2030,6,10,12,0.325,0.0,0.0
1245,UK_Coal,2030,6,13,15,0.325,0.0,0.0
1246,UK_Coal,2030,6,16,18,0.325,0.0,0.0
1247,UK_Coal,2030,6,19,21,0.325,0.0,0.0
1248,UK_Coal,2030,6,22,24,0.325,0.0,0.0
1249,UK_Coal,2030,7,1,3,0.325,0.0,0.0
1250,UK_Coal,2030,7,4,6,0.325,0.0,0.0
1251,UK_Coal,2030,7,7,9,0.325,0.0,0.0
1252,UK_Coal,2030,7,10,12,0.325,0.0,0.0
1253,UK_Coal,2030,7,13,15,0.325,0.0,0.0
1254,UK_Coal,2030,7,16,18,0.325,0.0,0.0
1255,UK_Coal,2030,7,19,21,0.325,0.0,0.0
1256,UK_Coal,2030,7,22,24,0.325,0.0,0.0
1257,UK_Coal,2030,8,1,3,0.325,0.0,0.0
1258,UK_Coal,2030,8,4,6,0.325,0.0,0.0
1259,UK_Coal,2030,8,7,9,0.325,0.0,0.0
1260,UK_Coal,2030,8,10,12,0.325,0.0,0.0
1261,UK_Coal,2030,8,13,15,0.325,0.0,0.0
1262,UK_Coal,2030,8,16,18,0.325,0.0,0.0
1263,UK_Coal,2030,8,19,21,0.325,0.0,0.0
1264,UK_Coal,2030,8,22,24,0.325,0.0,0.0
1265,UK_Coal,2030,9,1,3,0.325,0.0,0.0
1266,UK_Coal,2030,9,4,6,0.325,0.0,0.0
1267,UK_Coal,2030,9,7,9,0.325,0.0,0.0
1268,UK_Coal,2030,9,10,12,0.325,0.0,0.0
1269,UK_Coal,2030,9,13,15,0.325,0.0,0.0
1270,UK_Coal,2030,9,16,18,0.325,0.0,0.0
1271,UK_Coal,2030,9,19,21,0.325,0.0,0.0
1272,UK_Coal,2030,9,22,24,0.325,0.0,0.0
1273,UK_Coal,2030,10,1,3,0.325,0.0,0.0
1274,UK_Coal,2030,10,4,6,0.325,0.0,0.0
1275,UK_Coal,2030,10,7,9,0.325,0.0,0.0
1276,UK_Coal,2030,10,10,12,0.325,0.0,0.0
1277,UK_Coal,2030,10,13,15,0.325,0.0,0.0
1278,UK_Coal,2030,10,16,18,0.325,0.0,0.0
1279,UK_Coal,2030,10,19,21,0.325,0.0,0.0
1280,UK_Coal,2030,10,22,24,0.325,0.0,0.0
1281,UK_Nuclear,2030,1,1,2,0.5,0.0,0.0
1282,UK_Nuclear,2030,1,3,4,0.5,0.0,0.0
1283,UK_Nuclear,2030,1,5,6,0.5,0.0,0.0
1284,UK_Nuclear,2030,1,7,8,0.5,0.0,0.0
1285,UK_Nuclear,2030,1,9,10,0.5,0.0,0.0
1286,UK_Nuclear,2030,1,11,12,0.5,0.0,0.0
1287,UK_Nuclear,2030,1,13,14,0.5,0.0,0.0
1288,UK_Nuclear,2030,1,15,16,0.5,0.0,0.0
1289,UK_Nuclear,2030,1,17,18,0.5,0.0,0.0
1290,UK_Nuclear,2030,1,19,20,0.5,0.0,0.0
1291,UK_Nuclear,2030,1,21,22,0.5,0.0,0.0
1292,UK_Nuclear,2030,1,23,24,0.5,0.0,0.0
1293,UK_Nuclear,2030,2,1,2,0.5,0.0,0.0
1294,UK_Nuclear,2030,2,3,4,0.5,0.0,0.0
1295,UK_Nuclear,2030,2,5,6,0.5,0.0,0.0
1296,UK_Nuclear,2030,2,7,8,0.5,0.0,0.0
1297,UK_Nuclear,2030,2,9,10,0.5,0.0,0.0
1298,UK_Nuclear,2030,2,11,12,0.5,0.0,0.0
1299,UK_Nuclear,2030,2,13,14,0.5,0.0,0.0
1300,UK_Nuclear,2030,2,15,16,0.5,0.0,0.0
1301,UK_Nuclear,2030,2,17,18,0.5,0.0,0.0
1302,UK_Nuclear,2030,2,19,20,0.5,0.0,0.0
1303,UK_Nuclear,2030,2,21,22,0.5,0.0,0.0
1304,UK_Nuclear,2030,2,23,24,0.5,0.0,0.0
1305,UK_Nuclear,2030,3,1,2,0.5,0.0,0.0
1306,UK_Nuclear,2030,3,3,4,0.5,0.0,0.0
1307,UK_Nuclear,2030,3,5,6,0.5,0.0,0.0
1308,UK_Nuclear,2030,3,7,8,0.5,0.0,0.0
1309,UK_Nuclear,2030,3,9,10,0.5,0.0,0.0
1310,UK_Nuclear,2030,3,11,12,0.5,0.0,0.0
1311,UK_Nuclear,2030,3,13,14,0.5,0.0,0.0
1312,UK_Nuclear,2030,3,15,16,0.5,0.0,0.0
1313,UK_Nuclear,2030,3,17,18,0.5,0.0,0.0
1314,UK_Nuclear,2030,3,19,20,0.5,0.0,0.0
1315,UK_Nuclear,2030,3,21,22,0.5,0.0,0.0
1316,UK_Nuclear,2030,3,23,24,0.5,0.0,0.0
1317,UK_Nuclear,2030,4,1,2,0.5,0.0,0.0
1318,UK_Nuclear,2030,4,3,4,0.5,0.0,0.0
1319,UK_Nuclear,2030,4,5,6,0.5,0.0,0.0
1320,UK_Nuclear,2030,4,7,8,0.5,0.0,0.0
1321,UK_Nuclear,2030,4,9,10,0.5,0.0,0.0
1322,UK_Nuclear,2030,4,11,12,0.5,0.0,0.0
1323,UK_Nuclear,2030,4,13,14,0.5,0.0,0.0
1324,UK_Nuclear,2030,4,15,16,0.5,0.0,0.0
1325,UK_Nuclear,2030,4,17,18,0.5,0.0,0.0
1326,UK_Nuclear,2030,4,19,20,0.5,0.0,0.0
1327,UK_Nuclear,2030,4,21,22,0.5,0.0,0.0
1328,UK_Nuclear,2030,4,23,24,0.5,0.0,0.0
1329,UK_Nuclear,2030,5,1,2,0.5,0.0,0.0
1330,UK_Nuclear,2030,5,3,4,0.5,0.0,0.0
1331,UK_Nuclear,2030,5,5,6,0.5,0.0,0.0
1332,UK_Nuclear,2030,5,7,8,0.5,0.0,0.0
1333,UK_Nuclear,2030,5,9,10,0.5,0.0,0.0
1334,UK_Nuclear,2030,5,11,12,0.5,0.0,0.0
1335,UK_Nuclear,2030,5,13,14,0.5,0.0,0.0
1336,UK_Nuclear,2030,5,15,16,0.5,0.0,0.0
1337,UK_Nuclear,2030,5,17,18,0.5,0.0,0.0
1338,UK_Nuclear,2030,5,19,20,0.5,0.0,0.0
1339,UK_Nuclear,2030,5,21,22,0.5,0.0,0.0
1340,UK_Nuclear,2030,5,23,24,0.5,0.0,0.0
1341,UK_Nuclear,2030,6,1,2,0.5,0.0,0.0
1342,UK_Nuclear,2030,6,3,4,0.5,0.0,0.0
1343,UK_Nuclear,2030,6,5,6,0.5,0.0,0.0
1344,UK_Nuclear,2030,6,7,8,0.5,0.0,0.0
1345,UK_Nuclear,2030,6,9,10,0.5,0.0,0.0
1346,UK_Nuclear,2030,6,11,12,0.5,0.0,0.0
1347,UK_Nuclear,2030,6,13,14,0.5,0.0,0.0
1348,UK_Nuclear,2030,6,15,16,0.5,0.0,0.0
1349,UK_Nuclear,2030,6,17,18,0.5,0.0,0.0
1350,UK_Nuclear,2030,6,19,20,0.5,0.0,0.0
1351,UK_Nuclear,2030,6,21,22,0.5,0.0,0.0
1352,UK_Nuclear,2030,6,23,24,0.5,0.0,0.0
1353,UK_Nuclear,2030,7,1,2,0.5,0.0,0.0
1354,UK_Nuclear,2030,7,3,4,0.5,0.0,0.0
1355,UK_Nuclear,2030,7,5,6,0.5,0.0,0.0
1356,UK_Nuclear,2030,7,7,8,0.5,0.0,0.0
1357,UK_Nuclear,2030,7,9,10,0.5,0.0,0.0
1358,UK_Nuclear,2030,7,11,12,0.5,0.0,0.0
1359,UK_Nuclear,2030,7,13,14,0.5,0.0,0.0
1360,UK_Nuclear,2030,7,15,16,0.5,0.0,0.0
1361,UK_Nuclear,2030,7,17,18,0.5,0.0,0.0
1362,UK_Nuclear,2030,7,19,20,0.5,0.0,0.0
1363,UK_Nuclear,2030,7,21,22,0.5,0.0,0.0
1364,UK_Nuclear,2030,7,23,24,0.5,0.0,0.0
1365,UK_Nuclear,2030,8,1,2,0.5,0.0,0.0
1366,UK_Nuclear,2030,8,3,4,0.5,0.0,0.0
1367,UK_Nuclear,2030,8,5,6,0.5,0.0,0.0
1368,UK_Nuclear,2030,8,7,8,0.5,0.0,0.0
1369,UK_Nuclear,2030,8,9,10,0.5,0.0,0.0
1370,UK_Nuclear,2030,8,11,12,0.5,0.0,0.0
1371,UK_Nuclear,2030,8,13,14,0.5,0.0,0.0
1372,UK_Nuclear,2030,8,15,16,0.5,0.0,0.0
1373,UK_Nuclear,2030,8,17,18,0.5,0.0,0.0
1374,UK_Nuclear,2030,8,19,20,0.5,0.0,0.0
1375,UK_Nuclear,2030,8,21,22,0.5,0.0,0.0
1376,UK_Nuclear,2030,8,23,24,0.5,0.0,0.0
1377,UK_Nuclear,2030,9,1,2,0.5,0.0,0.0
1378,UK_Nuclear,2030,9,3,4,0.5,0.0,0.0
1379,UK_Nuclear,2030,9,5,6,0.5,0.0,0.0
1380,UK_Nuclear,2030,9,7,8,0.5,0.0,0.0
1381,UK_Nuclear,2030,9,9,10,0.5,0.0,0.0
1382,UK_Nuclear,2030,9,11,12,0.5,0.0,0.0
1383,UK_Nuclear,2030,9,13,14,0.5,0.0,0.0
1384,UK_Nuclear,2030,9,15,16,0.5,0.0,0.0
1385,UK_Nuclear,2030,9,17,18,0.5,0.0,0.0
1386,UK_Nuclear,2030,9,19,20,0.5,0.0,0.0
1387,UK_Nuclear,2030,9,21,22,0.5,0.0,0.0
1388,UK_Nuclear,2030,9,23,24,0.5,0.0,0.0
1389,UK_Nuclear,2030,10,1,2,0.5,0.0,0.0
1390,UK_Nuclear,2030,10,3,4,0.5,0.0,0.0
1391,UK_Nuclear,2030,10,5,6,0.5,0.0,0.0
1392,UK_Nuclear,2030,10,7,8,0.5,0.0,0.0
1393,UK_Nuclear,2030,10,9,10,0.5,0.0,0.0
1394,UK_Nuclear,2030,10,11,12,0.5,0.0,0.0
1395,UK_Nuclear,2030,10,13,14,0.5,0.0,0.0
1396,UK_Nuclear,2030,10,15,16,0.5,0.0,0.0
1397,UK_Nuclear,2030,10,17,18,0.5,0.0,0.0
1398,UK_Nuclear,2030,10,19,20,0.5,0.0,0.0
1399,UK_Nuclear,2030,10,21,22,0.5,0.0,0.0
1400,UK_Nuclear,2030,10,23,24,0.5,0.0,0.0
