id,asset,year,rep_period,time_block_start,time_block_end,dual_balance_consumer
1,BE_E_Demand,2030,1,1,1,0.9381
2,BE_E_Demand,2030,1,2,2,0.9381
3,BE_E_Demand,2030,1,3,3,0.9381
4,BE_E_Demand,2030,1,4,4,0.9381
5,BE_E_Demand,2030,1,5,5,0.9381
6,BE_E_Demand,2030,1,6,6,1.749
7,BE_E_Demand,2030,1,7,7,1.749
8,BE_E_Demand,2030,1,8,8,1.749
9,BE_E_Demand,2030,1,9,9,1.749
10,BE_E_Demand,2030,1,10,10,1.749
11,BE_E_Demand,2030,1,11,11,1.749
12,BE_E_Demand,2030,1,12,12,1.749
13,BE_E_Demand,2030,1,13,13,1.749
14,BE_E_Demand,2030,1,14,14,0.9381
15,BE_E_Demand,2030,1,15,15,0.9381
16,BE_E_Demand,2030,1,16,16,0.9381
17,BE_E_Demand,2030,1,17,17,0.9381
18,BE_E_Demand,2030,1,18,18,1.749
19,BE_E_Demand,2030,1,19,19,1.749
20,BE_E_Demand,2030,1,20,20,1.749
21,BE_E_Demand,2030,1,21,21,1.749
22,BE_E_Demand,2030,1,22,22,1.749
23,BE_E_Demand,2030,1,23,23,0.9381
24,BE_E_Demand,2030,1,24,24,0.9381
25,BE_E_Demand,2030,2,1,1,0.066
26,BE_E_Demand,2030,2,2,2,0.066
27,BE_E_Demand,2030,2,3,3,0.066
28,BE_E_Demand,2030,2,4,4,0.066
29,BE_E_Demand,2030,2,5,5,0.066
30,BE_E_Demand,2030,2,6,6,0.5841000000000001
31,BE_E_Demand,2030,2,7,7,0.5841000000000001
32,BE_E_Demand,2030,2,8,8,0.5841000000000001
33,BE_E_Demand,2030,2,9,9,0.5841000000000001
34,BE_E_Demand,2030,2,10,10,0.5841000000000001
35,BE_E_Demand,2030,2,11,11,0.5841000000000001
36,BE_E_Demand,2030,2,12,12,0.5841000000000001
37,BE_E_Demand,2030,2,13,13,0.5841000000000001
38,BE_E_Demand,2030,2,14,14,0.5841000000000001
39,BE_E_Demand,2030,2,15,15,0.5841000000000001
40,BE_E_Demand,2030,2,16,16,0.5841000000000001
41,BE_E_Demand,2030,2,17,17,0.5841000000000001
42,BE_E_Demand,2030,2,18,18,0.5841000000000001
43,BE_E_Demand,2030,2,19,19,0.5841000000000001
44,BE_E_Demand,2030,2,20,20,0.5841000000000001
45,BE_E_Demand,2030,2,21,21,0.5841000000000001
46,BE_E_Demand,2030,2,22,22,0.5841000000000001
47,BE_E_Demand,2030,2,23,23,0.5841000000000001
48,BE_E_Demand,2030,2,24,24,0.5841000000000001
49,BE_E_Demand,2030,3,1,1,0.058
50,BE_E_Demand,2030,3,2,2,0.058
51,BE_E_Demand,2030,3,3,3,0.058
52,BE_E_Demand,2030,3,4,4,0.058
53,BE_E_Demand,2030,3,5,5,0.058
54,BE_E_Demand,2030,3,6,6,0.058
55,BE_E_Demand,2030,3,7,7,0.058
56,BE_E_Demand,2030,3,8,8,0.058
57,BE_E_Demand,2030,3,9,9,0.058
58,BE_E_Demand,2030,3,10,10,0.058
59,BE_E_Demand,2030,3,11,11,0.058
60,BE_E_Demand,2030,3,12,12,0.058
61,BE_E_Demand,2030,3,13,13,0.058
62,BE_E_Demand,2030,3,14,14,0.058
63,BE_E_Demand,2030,3,15,15,0.058
64,BE_E_Demand,2030,3,16,16,0.058
65,BE_E_Demand,2030,3,17,17,0.058
66,BE_E_Demand,2030,3,18,18,0.058
67,BE_E_Demand,2030,3,19,19,0.058
68,BE_E_Demand,2030,3,20,20,0.058
69,BE_E_Demand,2030,3,21,21,0.058
70,BE_E_Demand,2030,3,22,22,0.058
71,BE_E_Demand,2030,3,23,23,0.058
72,BE_E_Demand,2030,3,24,24,0.058
73,BE_E_Demand,2030,4,1,1,0.046
74,BE_E_Demand,2030,4,2,2,0.046
75,BE_E_Demand,2030,4,3,3,0.046
76,BE_E_Demand,2030,4,4,4,0.046
77,BE_E_Demand,2030,4,5,5,0.046
78,BE_E_Demand,2030,4,6,6,0.046
79,BE_E_Demand,2030,4,7,7,0.4071
80,BE_E_Demand,2030,4,8,8,0.4071
81,BE_E_Demand,2030,4,9,9,0.4071
82,BE_E_Demand,2030,4,10,10,0.4071
83,BE_E_Demand,2030,4,11,11,0.046
84,BE_E_Demand,2030,4,12,12,0.046
85,BE_E_Demand,2030,4,13,13,0.046
86,BE_E_Demand,2030,4,14,14,0.046
87,BE_E_Demand,2030,4,15,15,0.046
88,BE_E_Demand,2030,4,16,16,0.046
89,BE_E_Demand,2030,4,17,17,0.046
90,BE_E_Demand,2030,4,18,18,0.4071
91,BE_E_Demand,2030,4,19,19,0.4071
92,BE_E_Demand,2030,4,20,20,0.4071
93,BE_E_Demand,2030,4,21,21,0.4071
94,BE_E_Demand,2030,4,22,22,0.4071
95,BE_E_Demand,2030,4,23,23,0.4071
96,BE_E_Demand,2030,4,24,24,0.046
97,BE_E_Demand,2030,5,1,1,0.10400000000000001
98,BE_E_Demand,2030,5,2,2,0.10400000000000001
99,BE_E_Demand,2030,5,3,3,0.10400000000000001
100,BE_E_Demand,2030,5,4,4,0.10400000000000001
101,BE_E_Demand,2030,5,5,5,0.10400000000000001
102,BE_E_Demand,2030,5,6,6,0.10400000000000001
103,BE_E_Demand,2030,5,7,7,0.10400000000000001
104,BE_E_Demand,2030,5,8,8,0.10400000000000001
105,BE_E_Demand,2030,5,9,9,0.10400000000000001
106,BE_E_Demand,2030,5,10,10,0.10400000000000001
107,BE_E_Demand,2030,5,11,11,0.10400000000000001
108,BE_E_Demand,2030,5,12,12,0.10400000000000001
109,BE_E_Demand,2030,5,13,13,0.10400000000000001
110,BE_E_Demand,2030,5,14,14,0.10400000000000001
111,BE_E_Demand,2030,5,15,15,0.10400000000000001
112,BE_E_Demand,2030,5,16,16,0.10400000000000001
113,BE_E_Demand,2030,5,17,17,0.10400000000000001
114,BE_E_Demand,2030,5,18,18,0.10400000000000001
115,BE_E_Demand,2030,5,19,19,0.10400000000000001
116,BE_E_Demand,2030,5,20,20,0.10400000000000001
117,BE_E_Demand,2030,5,21,21,0.10400000000000001
118,BE_E_Demand,2030,5,22,22,0.10400000000000001
119,BE_E_Demand,2030,5,23,23,0.10400000000000001
120,BE_E_Demand,2030,5,24,24,0.10400000000000001
121,BE_E_Demand,2030,6,1,1,0.3186
122,BE_E_Demand,2030,6,2,2,0.3186
123,BE_E_Demand,2030,6,3,3,0.3186
124,BE_E_Demand,2030,6,4,4,0.3186
125,BE_E_Demand,2030,6,5,5,0.3186
126,BE_E_Demand,2030,6,6,6,0.3186
127,BE_E_Demand,2030,6,7,7,0.3186
128,BE_E_Demand,2030,6,8,8,0.3186
129,BE_E_Demand,2030,6,9,9,0.3186
130,BE_E_Demand,2030,6,10,10,0.3186
131,BE_E_Demand,2030,6,11,11,0.3186
132,BE_E_Demand,2030,6,12,12,0.3186
133,BE_E_Demand,2030,6,13,13,0.3186
134,BE_E_Demand,2030,6,14,14,0.036000000000000004
135,BE_E_Demand,2030,6,15,15,0.036000000000000004
136,BE_E_Demand,2030,6,16,16,0.036000000000000004
137,BE_E_Demand,2030,6,17,17,0.036000000000000004
138,BE_E_Demand,2030,6,18,18,0.3186
139,BE_E_Demand,2030,6,19,19,0.3186
140,BE_E_Demand,2030,6,20,20,0.3186
141,BE_E_Demand,2030,6,21,21,0.3186
142,BE_E_Demand,2030,6,22,22,0.3186
143,BE_E_Demand,2030,6,23,23,0.3186
144,BE_E_Demand,2030,6,24,24,0.3186
145,BE_E_Demand,2030,7,1,1,0.6549
146,BE_E_Demand,2030,7,2,2,0.6549
147,BE_E_Demand,2030,7,3,3,0.6549
148,BE_E_Demand,2030,7,4,4,0.6549
149,BE_E_Demand,2030,7,5,5,1.221
150,BE_E_Demand,2030,7,6,6,1.8869999999999998
151,BE_E_Demand,2030,7,7,7,1.8869999999999998
152,BE_E_Demand,2030,7,8,8,1.8869999999999998
153,BE_E_Demand,2030,7,9,9,1.8869999999999998
154,BE_E_Demand,2030,7,10,10,1.8869999999999998
155,BE_E_Demand,2030,7,11,11,1.8869999999999998
156,BE_E_Demand,2030,7,12,12,1.8869999999999998
157,BE_E_Demand,2030,7,13,13,1.8869999999999998
158,BE_E_Demand,2030,7,14,14,1.221
159,BE_E_Demand,2030,7,15,15,1.221
160,BE_E_Demand,2030,7,16,16,1.221
161,BE_E_Demand,2030,7,17,17,1.8869999999999998
162,BE_E_Demand,2030,7,18,18,6.9264657056663035
163,BE_E_Demand,2030,7,19,19,18.178731411332606
164,BE_E_Demand,2030,7,20,20,5.9476657056662985
165,BE_E_Demand,2030,7,21,21,5.9476657056662985
166,BE_E_Demand,2030,7,22,22,1.221
167,BE_E_Demand,2030,7,23,23,1.221
168,BE_E_Demand,2030,7,24,24,0.6549
169,BE_E_Demand,2030,8,1,1,0.062
170,BE_E_Demand,2030,8,2,2,0.062
171,BE_E_Demand,2030,8,3,3,0.062
172,BE_E_Demand,2030,8,4,4,0.062
173,BE_E_Demand,2030,8,5,5,0.062
174,BE_E_Demand,2030,8,6,6,0.062
175,BE_E_Demand,2030,8,7,7,0.062
176,BE_E_Demand,2030,8,8,8,0.062
177,BE_E_Demand,2030,8,9,9,0.062
178,BE_E_Demand,2030,8,10,10,0.062
179,BE_E_Demand,2030,8,11,11,0.062
180,BE_E_Demand,2030,8,12,12,0.062
181,BE_E_Demand,2030,8,13,13,0.062
182,BE_E_Demand,2030,8,14,14,0.062
183,BE_E_Demand,2030,8,15,15,0.062
184,BE_E_Demand,2030,8,16,16,0.062
185,BE_E_Demand,2030,8,17,17,0.062
186,BE_E_Demand,2030,8,18,18,0.062
187,BE_E_Demand,2030,8,19,19,0.062
188,BE_E_Demand,2030,8,20,20,0.062
189,BE_E_Demand,2030,8,21,21,0.062
190,BE_E_Demand,2030,8,22,22,0.062
191,BE_E_Demand,2030,8,23,23,0.062
192,BE_E_Demand,2030,8,24,24,0.062
193,BE_E_Demand,2030,9,1,1,0.08600000000000001
194,BE_E_Demand,2030,9,2,2,0.08600000000000001
195,BE_E_Demand,2030,9,3,3,0.08600000000000001
196,BE_E_Demand,2030,9,4,4,0.08600000000000001
197,BE_E_Demand,2030,9,5,5,0.08600000000000001
198,BE_E_Demand,2030,9,6,6,0.08600000000000001
199,BE_E_Demand,2030,9,7,7,0.08600000000000001
200,BE_E_Demand,2030,9,8,8,0.08600000000000001
201,BE_E_Demand,2030,9,9,9,0.08600000000000001
202,BE_E_Demand,2030,9,10,10,0.08600000000000001
203,BE_E_Demand,2030,9,11,11,0.08600000000000001
204,BE_E_Demand,2030,9,12,12,1.419
205,BE_E_Demand,2030,9,13,13,0.08600000000000001
206,BE_E_Demand,2030,9,14,14,0.08600000000000001
207,BE_E_Demand,2030,9,15,15,0.08600000000000001
208,BE_E_Demand,2030,9,16,16,0.08600000000000001
209,BE_E_Demand,2030,9,17,17,0.08600000000000001
210,BE_E_Demand,2030,9,18,18,0.7611
211,BE_E_Demand,2030,9,19,19,0.7611
212,BE_E_Demand,2030,9,20,20,0.7611
213,BE_E_Demand,2030,9,21,21,0.7611
214,BE_E_Demand,2030,9,22,22,0.7611
215,BE_E_Demand,2030,9,23,23,0.08600000000000001
216,BE_E_Demand,2030,9,24,24,0.08600000000000001
217,BE_E_Demand,2030,10,1,1,1.518
218,BE_E_Demand,2030,10,2,2,1.518
219,BE_E_Demand,2030,10,3,3,1.518
220,BE_E_Demand,2030,10,4,4,1.518
221,BE_E_Demand,2030,10,5,5,1.518
222,BE_E_Demand,2030,10,6,6,1.518
223,BE_E_Demand,2030,10,7,7,2.3459999999999996
224,BE_E_Demand,2030,10,8,8,2.3459999999999996
225,BE_E_Demand,2030,10,9,9,2.3459999999999996
226,BE_E_Demand,2030,10,10,10,1.518
227,BE_E_Demand,2030,10,11,11,1.518
228,BE_E_Demand,2030,10,12,12,1.518
229,BE_E_Demand,2030,10,13,13,1.518
230,BE_E_Demand,2030,10,14,14,1.518
231,BE_E_Demand,2030,10,15,15,1.518
232,BE_E_Demand,2030,10,16,16,2.3459999999999996
233,BE_E_Demand,2030,10,17,17,2.3459999999999996
234,BE_E_Demand,2030,10,18,18,4.1396999999999995
235,BE_E_Demand,2030,10,19,19,2.3459999999999996
236,BE_E_Demand,2030,10,20,20,2.3459999999999996
237,BE_E_Demand,2030,10,21,21,1.518
238,BE_E_Demand,2030,10,22,22,1.518
239,BE_E_Demand,2030,10,23,23,1.518
240,BE_E_Demand,2030,10,24,24,0.8142
241,CH_E_Demand,2030,1,1,1,0.9381
242,CH_E_Demand,2030,1,2,2,0.9381
243,CH_E_Demand,2030,1,3,3,0.9381
244,CH_E_Demand,2030,1,4,4,0.9381
245,CH_E_Demand,2030,1,5,5,0.9381
246,CH_E_Demand,2030,1,6,6,1.749
247,CH_E_Demand,2030,1,7,7,1.749
248,CH_E_Demand,2030,1,8,8,1.749
249,CH_E_Demand,2030,1,9,9,1.749
250,CH_E_Demand,2030,1,10,10,1.749
251,CH_E_Demand,2030,1,11,11,0.9381
252,CH_E_Demand,2030,1,12,12,0.9381
253,CH_E_Demand,2030,1,13,13,0.9381
254,CH_E_Demand,2030,1,14,14,0.9381
255,CH_E_Demand,2030,1,15,15,0.9381
256,CH_E_Demand,2030,1,16,16,0.9381
257,CH_E_Demand,2030,1,17,17,0.9381
258,CH_E_Demand,2030,1,18,18,1.749
259,CH_E_Demand,2030,1,19,19,1.749
260,CH_E_Demand,2030,1,20,20,1.749
261,CH_E_Demand,2030,1,21,21,2.703
262,CH_E_Demand,2030,1,22,22,2.703
263,CH_E_Demand,2030,1,23,23,2.703
264,CH_E_Demand,2030,1,24,24,0.9381
265,CH_E_Demand,2030,2,1,1,0.5841000000000001
266,CH_E_Demand,2030,2,2,2,0.5841000000000001
267,CH_E_Demand,2030,2,3,3,0.5841000000000001
268,CH_E_Demand,2030,2,4,4,0.5841000000000001
269,CH_E_Demand,2030,2,5,5,0.5841000000000001
270,CH_E_Demand,2030,2,6,6,0.5841000000000001
271,CH_E_Demand,2030,2,7,7,0.5841000000000001
272,CH_E_Demand,2030,2,8,8,0.5841000000000001
273,CH_E_Demand,2030,2,9,9,0.5841000000000001
274,CH_E_Demand,2030,2,10,10,0.5841000000000001
275,CH_E_Demand,2030,2,11,11,0.5841000000000001
276,CH_E_Demand,2030,2,12,12,0.5841000000000001
277,CH_E_Demand,2030,2,13,13,0.066
278,CH_E_Demand,2030,2,14,14,0.066
279,CH_E_Demand,2030,2,15,15,0.066
280,CH_E_Demand,2030,2,16,16,0.066
281,CH_E_Demand,2030,2,17,17,0.066
282,CH_E_Demand,2030,2,18,18,0.5841000000000001
283,CH_E_Demand,2030,2,19,19,0.5841000000000001
284,CH_E_Demand,2030,2,20,20,0.5841000000000001
285,CH_E_Demand,2030,2,21,21,0.5841000000000001
286,CH_E_Demand,2030,2,22,22,0.5841000000000001
287,CH_E_Demand,2030,2,23,23,0.5841000000000001
288,CH_E_Demand,2030,2,24,24,0.5841000000000001
289,CH_E_Demand,2030,3,1,1,1.4789999999999999
290,CH_E_Demand,2030,3,2,2,1.4789999999999999
291,CH_E_Demand,2030,3,3,3,1.4789999999999999
292,CH_E_Demand,2030,3,4,4,1.4789999999999999
293,CH_E_Demand,2030,3,5,5,1.4789999999999999
294,CH_E_Demand,2030,3,6,6,1.4789999999999999
295,CH_E_Demand,2030,3,7,7,1.4789999999999999
296,CH_E_Demand,2030,3,8,8,1.4789999999999999
297,CH_E_Demand,2030,3,9,9,1.4789999999999999
298,CH_E_Demand,2030,3,10,10,1.4789999999999999
299,CH_E_Demand,2030,3,11,11,0.5133
300,CH_E_Demand,2030,3,12,12,0.5133
301,CH_E_Demand,2030,3,13,13,0.5133
302,CH_E_Demand,2030,3,14,14,0.5133
303,CH_E_Demand,2030,3,15,15,0.5133
304,CH_E_Demand,2030,3,16,16,1.4789999999999999
305,CH_E_Demand,2030,3,17,17,1.4789999999999999
306,CH_E_Demand,2030,3,18,18,1.4789999999999999
307,CH_E_Demand,2030,3,19,19,1.4789999999999999
308,CH_E_Demand,2030,3,20,20,1.4789999999999999
309,CH_E_Demand,2030,3,21,21,1.4789999999999999
310,CH_E_Demand,2030,3,22,22,1.4789999999999999
311,CH_E_Demand,2030,3,23,23,1.4789999999999999
312,CH_E_Demand,2030,3,24,24,1.4789999999999999
313,CH_E_Demand,2030,4,1,1,0.4071
314,CH_E_Demand,2030,4,2,2,0.4071
315,CH_E_Demand,2030,4,3,3,0.4071
316,CH_E_Demand,2030,4,4,4,0.4071
317,CH_E_Demand,2030,4,5,5,0.4071
318,CH_E_Demand,2030,4,6,6,1.1729999999999998
319,CH_E_Demand,2030,4,7,7,1.1729999999999998
320,CH_E_Demand,2030,4,8,8,1.1729999999999998
321,CH_E_Demand,2030,4,9,9,1.1729999999999998
322,CH_E_Demand,2030,4,10,10,1.1729999999999998
323,CH_E_Demand,2030,4,11,11,0.4071
324,CH_E_Demand,2030,4,12,12,0.4071
325,CH_E_Demand,2030,4,13,13,0.4071
326,CH_E_Demand,2030,4,14,14,0.4071
327,CH_E_Demand,2030,4,15,15,0.4071
328,CH_E_Demand,2030,4,16,16,0.4071
329,CH_E_Demand,2030,4,17,17,0.4071
330,CH_E_Demand,2030,4,18,18,0.4071
331,CH_E_Demand,2030,4,19,19,0.4071
332,CH_E_Demand,2030,4,20,20,0.4071
333,CH_E_Demand,2030,4,21,21,0.4071
334,CH_E_Demand,2030,4,22,22,0.4071
335,CH_E_Demand,2030,4,23,23,0.4071
336,CH_E_Demand,2030,4,24,24,0.4071
337,CH_E_Demand,2030,5,1,1,0.10400000000000001
338,CH_E_Demand,2030,5,2,2,0.10400000000000001
339,CH_E_Demand,2030,5,3,3,0.10400000000000001
340,CH_E_Demand,2030,5,4,4,0.10400000000000001
341,CH_E_Demand,2030,5,5,5,0.10400000000000001
342,CH_E_Demand,2030,5,6,6,0.10400000000000001
343,CH_E_Demand,2030,5,7,7,0.10400000000000001
344,CH_E_Demand,2030,5,8,8,0.10400000000000001
345,CH_E_Demand,2030,5,9,9,0.10400000000000001
346,CH_E_Demand,2030,5,10,10,0.10400000000000001
347,CH_E_Demand,2030,5,11,11,0.10400000000000001
348,CH_E_Demand,2030,5,12,12,0.10400000000000001
349,CH_E_Demand,2030,5,13,13,0.10400000000000001
350,CH_E_Demand,2030,5,14,14,0.10400000000000001
351,CH_E_Demand,2030,5,15,15,0.10400000000000001
352,CH_E_Demand,2030,5,16,16,0.10400000000000001
353,CH_E_Demand,2030,5,17,17,0.10400000000000001
354,CH_E_Demand,2030,5,18,18,0.9204
355,CH_E_Demand,2030,5,19,19,0.9204
356,CH_E_Demand,2030,5,20,20,0.9204
357,CH_E_Demand,2030,5,21,21,0.10400000000000001
358,CH_E_Demand,2030,5,22,22,0.10400000000000001
359,CH_E_Demand,2030,5,23,23,0.10400000000000001
360,CH_E_Demand,2030,5,24,24,0.10400000000000001
361,CH_E_Demand,2030,6,1,1,0.3186
362,CH_E_Demand,2030,6,2,2,0.3186
363,CH_E_Demand,2030,6,3,3,0.3186
364,CH_E_Demand,2030,6,4,4,0.3186
365,CH_E_Demand,2030,6,5,5,0.3186
366,CH_E_Demand,2030,6,6,6,0.3186
367,CH_E_Demand,2030,6,7,7,0.3186
368,CH_E_Demand,2030,6,8,8,0.3186
369,CH_E_Demand,2030,6,9,9,0.3186
370,CH_E_Demand,2030,6,10,10,0.3186
371,CH_E_Demand,2030,6,11,11,0.3186
372,CH_E_Demand,2030,6,12,12,0.3186
373,CH_E_Demand,2030,6,13,13,0.036000000000000004
374,CH_E_Demand,2030,6,14,14,0.036000000000000004
375,CH_E_Demand,2030,6,15,15,0.036000000000000004
376,CH_E_Demand,2030,6,16,16,0.036000000000000004
377,CH_E_Demand,2030,6,17,17,0.036000000000000004
378,CH_E_Demand,2030,6,18,18,0.036000000000000004
379,CH_E_Demand,2030,6,19,19,0.3186
380,CH_E_Demand,2030,6,20,20,0.3186
381,CH_E_Demand,2030,6,21,21,0.3186
382,CH_E_Demand,2030,6,22,22,0.3186
383,CH_E_Demand,2030,6,23,23,0.3186
384,CH_E_Demand,2030,6,24,24,0.3186
385,CH_E_Demand,2030,7,1,1,1.8869999999999998
386,CH_E_Demand,2030,7,2,2,1.8869999999999998
387,CH_E_Demand,2030,7,3,3,1.8869999999999998
388,CH_E_Demand,2030,7,4,4,1.8869999999999998
389,CH_E_Demand,2030,7,5,5,1.8869999999999998
390,CH_E_Demand,2030,7,6,6,1.8869999999999998
391,CH_E_Demand,2030,7,7,7,1.8869999999999998
392,CH_E_Demand,2030,7,8,8,1.8869999999999998
393,CH_E_Demand,2030,7,9,9,1.8869999999999998
394,CH_E_Demand,2030,7,10,10,1.8869999999999998
395,CH_E_Demand,2030,7,11,11,1.221
396,CH_E_Demand,2030,7,12,12,0.6549
397,CH_E_Demand,2030,7,13,13,0.6549
398,CH_E_Demand,2030,7,14,14,0.6549
399,CH_E_Demand,2030,7,15,15,0.6549
400,CH_E_Demand,2030,7,16,16,0.6549
401,CH_E_Demand,2030,7,17,17,1.8869999999999998
402,CH_E_Demand,2030,7,18,18,1.8869999999999998
403,CH_E_Demand,2030,7,19,19,12.156465705666303
404,CH_E_Demand,2030,7,20,20,1.8869999999999998
405,CH_E_Demand,2030,7,21,21,1.8869999999999998
406,CH_E_Demand,2030,7,22,22,1.8869999999999998
407,CH_E_Demand,2030,7,23,23,1.8869999999999998
408,CH_E_Demand,2030,7,24,24,1.221
409,CH_E_Demand,2030,8,1,1,0.5487
410,CH_E_Demand,2030,8,2,2,0.5487
411,CH_E_Demand,2030,8,3,3,0.5487
412,CH_E_Demand,2030,8,4,4,0.5487
413,CH_E_Demand,2030,8,5,5,0.5487
414,CH_E_Demand,2030,8,6,6,0.5487
415,CH_E_Demand,2030,8,7,7,0.5487
416,CH_E_Demand,2030,8,8,8,0.5487
417,CH_E_Demand,2030,8,9,9,0.062
418,CH_E_Demand,2030,8,10,10,0.062
419,CH_E_Demand,2030,8,11,11,0.062
420,CH_E_Demand,2030,8,12,12,0.062
421,CH_E_Demand,2030,8,13,13,0.062
422,CH_E_Demand,2030,8,14,14,0.062
423,CH_E_Demand,2030,8,15,15,0.062
424,CH_E_Demand,2030,8,16,16,0.062
425,CH_E_Demand,2030,8,17,17,0.062
426,CH_E_Demand,2030,8,18,18,0.062
427,CH_E_Demand,2030,8,19,19,0.5487
428,CH_E_Demand,2030,8,20,20,1.581
429,CH_E_Demand,2030,8,21,21,1.581
430,CH_E_Demand,2030,8,22,22,1.581
431,CH_E_Demand,2030,8,23,23,1.581
432,CH_E_Demand,2030,8,24,24,1.581
433,CH_E_Demand,2030,9,1,1,2.193
434,CH_E_Demand,2030,9,2,2,2.193
435,CH_E_Demand,2030,9,3,3,2.193
436,CH_E_Demand,2030,9,4,4,2.193
437,CH_E_Demand,2030,9,5,5,2.193
438,CH_E_Demand,2030,9,6,6,2.193
439,CH_E_Demand,2030,9,7,7,2.193
440,CH_E_Demand,2030,9,8,8,2.193
441,CH_E_Demand,2030,9,9,9,0.08600000000000001
442,CH_E_Demand,2030,9,10,10,0.08600000000000001
443,CH_E_Demand,2030,9,11,11,0.08600000000000001
444,CH_E_Demand,2030,9,12,12,1.419
445,CH_E_Demand,2030,9,13,13,0.08600000000000001
446,CH_E_Demand,2030,9,14,14,0.08600000000000001
447,CH_E_Demand,2030,9,15,15,0.08600000000000001
448,CH_E_Demand,2030,9,16,16,0.08600000000000001
449,CH_E_Demand,2030,9,17,17,0.08600000000000001
450,CH_E_Demand,2030,9,18,18,2.193
451,CH_E_Demand,2030,9,19,19,2.193
452,CH_E_Demand,2030,9,20,20,2.193
453,CH_E_Demand,2030,9,21,21,2.193
454,CH_E_Demand,2030,9,22,22,2.193
455,CH_E_Demand,2030,9,23,23,2.193
456,CH_E_Demand,2030,9,24,24,2.193
457,CH_E_Demand,2030,10,1,1,2.3459999999999996
458,CH_E_Demand,2030,10,2,2,2.3459999999999996
459,CH_E_Demand,2030,10,3,3,2.3459999999999996
460,CH_E_Demand,2030,10,4,4,2.3459999999999996
461,CH_E_Demand,2030,10,5,5,2.3459999999999996
462,CH_E_Demand,2030,10,6,6,4.1315657056663
463,CH_E_Demand,2030,10,7,7,4.1315657056663
464,CH_E_Demand,2030,10,8,8,4.1315657056663
465,CH_E_Demand,2030,10,9,9,2.3459999999999996
466,CH_E_Demand,2030,10,10,10,2.3459999999999996
467,CH_E_Demand,2030,10,11,11,2.3459999999999996
468,CH_E_Demand,2030,10,12,12,1.518
469,CH_E_Demand,2030,10,13,13,1.518
470,CH_E_Demand,2030,10,14,14,1.518
471,CH_E_Demand,2030,10,15,15,1.518
472,CH_E_Demand,2030,10,16,16,2.3459999999999996
473,CH_E_Demand,2030,10,17,17,2.3459999999999996
474,CH_E_Demand,2030,10,18,18,4.1396999999999995
475,CH_E_Demand,2030,10,19,19,2.3459999999999996
476,CH_E_Demand,2030,10,20,20,2.3459999999999996
477,CH_E_Demand,2030,10,21,21,2.3459999999999996
478,CH_E_Demand,2030,10,22,22,2.3459999999999996
479,CH_E_Demand,2030,10,23,23,2.3459999999999996
480,CH_E_Demand,2030,10,24,24,2.3459999999999996
481,DE_E_Demand,2030,1,1,1,0.9381
482,DE_E_Demand,2030,1,2,2,0.9381
483,DE_E_Demand,2030,1,3,3,0.9381
484,DE_E_Demand,2030,1,4,4,0.9381
485,DE_E_Demand,2030,1,5,5,0.9381
486,DE_E_Demand,2030,1,6,6,1.749
487,DE_E_Demand,2030,1,7,7,1.749
488,DE_E_Demand,2030,1,8,8,1.749
489,DE_E_Demand,2030,1,9,9,1.749
490,DE_E_Demand,2030,1,10,10,1.749
491,DE_E_Demand,2030,1,11,11,1.749
492,DE_E_Demand,2030,1,12,12,1.749
493,DE_E_Demand,2030,1,13,13,0.9381
494,DE_E_Demand,2030,1,14,14,0.9381
495,DE_E_Demand,2030,1,15,15,0.9381
496,DE_E_Demand,2030,1,16,16,0.9381
497,DE_E_Demand,2030,1,17,17,0.9381
498,DE_E_Demand,2030,1,18,18,1.749
499,DE_E_Demand,2030,1,19,19,1.749
500,DE_E_Demand,2030,1,20,20,1.749
501,DE_E_Demand,2030,1,21,21,0.9381
502,DE_E_Demand,2030,1,22,22,0.9381
503,DE_E_Demand,2030,1,23,23,0.9381
504,DE_E_Demand,2030,1,24,24,0.9381
505,DE_E_Demand,2030,2,1,1,0.5841000000000001
506,DE_E_Demand,2030,2,2,2,0.5841000000000001
507,DE_E_Demand,2030,2,3,3,0.5841000000000001
508,DE_E_Demand,2030,2,4,4,0.5841000000000001
509,DE_E_Demand,2030,2,5,5,0.5841000000000001
510,DE_E_Demand,2030,2,6,6,0.5841000000000001
511,DE_E_Demand,2030,2,7,7,0.5841000000000001
512,DE_E_Demand,2030,2,8,8,0.5841000000000001
513,DE_E_Demand,2030,2,9,9,0.5841000000000001
514,DE_E_Demand,2030,2,10,10,0.5841000000000001
515,DE_E_Demand,2030,2,11,11,0.5841000000000001
516,DE_E_Demand,2030,2,12,12,0.5841000000000001
517,DE_E_Demand,2030,2,13,13,0.5841000000000001
518,DE_E_Demand,2030,2,14,14,0.5841000000000001
519,DE_E_Demand,2030,2,15,15,0.5841000000000001
520,DE_E_Demand,2030,2,16,16,0.5841000000000001
521,DE_E_Demand,2030,2,17,17,0.5841000000000001
522,DE_E_Demand,2030,2,18,18,0.5841000000000001
523,DE_E_Demand,2030,2,19,19,0.5841000000000001
524,DE_E_Demand,2030,2,20,20,0.5841000000000001
525,DE_E_Demand,2030,2,21,21,0.5841000000000001
526,DE_E_Demand,2030,2,22,22,0.5841000000000001
527,DE_E_Demand,2030,2,23,23,0.5841000000000001
528,DE_E_Demand,2030,2,24,24,0.5841000000000001
529,DE_E_Demand,2030,3,1,1,0.058
530,DE_E_Demand,2030,3,2,2,0.058
531,DE_E_Demand,2030,3,3,3,0.058
532,DE_E_Demand,2030,3,4,4,0.058
533,DE_E_Demand,2030,3,5,5,0.058
534,DE_E_Demand,2030,3,6,6,0.058
535,DE_E_Demand,2030,3,7,7,0.058
536,DE_E_Demand,2030,3,8,8,0.058
537,DE_E_Demand,2030,3,9,9,0.058
538,DE_E_Demand,2030,3,10,10,0.058
539,DE_E_Demand,2030,3,11,11,0.058
540,DE_E_Demand,2030,3,12,12,0.5133
541,DE_E_Demand,2030,3,13,13,0.5133
542,DE_E_Demand,2030,3,14,14,0.5133
543,DE_E_Demand,2030,3,15,15,0.5133
544,DE_E_Demand,2030,3,16,16,0.5133
545,DE_E_Demand,2030,3,17,17,0.5133
546,DE_E_Demand,2030,3,18,18,0.5133
547,DE_E_Demand,2030,3,19,19,0.5133
548,DE_E_Demand,2030,3,20,20,0.5133
549,DE_E_Demand,2030,3,21,21,0.058
550,DE_E_Demand,2030,3,22,22,0.058
551,DE_E_Demand,2030,3,23,23,0.058
552,DE_E_Demand,2030,3,24,24,0.058
553,DE_E_Demand,2030,4,1,1,0.4071
554,DE_E_Demand,2030,4,2,2,0.4071
555,DE_E_Demand,2030,4,3,3,0.4071
556,DE_E_Demand,2030,4,4,4,0.4071
557,DE_E_Demand,2030,4,5,5,0.4071
558,DE_E_Demand,2030,4,6,6,0.4071
559,DE_E_Demand,2030,4,7,7,0.4071
560,DE_E_Demand,2030,4,8,8,0.4071
561,DE_E_Demand,2030,4,9,9,0.4071
562,DE_E_Demand,2030,4,10,10,0.4071
563,DE_E_Demand,2030,4,11,11,0.4071
564,DE_E_Demand,2030,4,12,12,0.4071
565,DE_E_Demand,2030,4,13,13,0.4071
566,DE_E_Demand,2030,4,14,14,0.4071
567,DE_E_Demand,2030,4,15,15,0.4071
568,DE_E_Demand,2030,4,16,16,0.4071
569,DE_E_Demand,2030,4,17,17,0.4071
570,DE_E_Demand,2030,4,18,18,0.4071
571,DE_E_Demand,2030,4,19,19,0.4071
572,DE_E_Demand,2030,4,20,20,0.4071
573,DE_E_Demand,2030,4,21,21,0.4071
574,DE_E_Demand,2030,4,22,22,0.4071
575,DE_E_Demand,2030,4,23,23,0.4071
576,DE_E_Demand,2030,4,24,24,0.046
577,DE_E_Demand,2030,5,1,1,0.10400000000000001
578,DE_E_Demand,2030,5,2,2,0.10400000000000001
579,DE_E_Demand,2030,5,3,3,0.10400000000000001
580,DE_E_Demand,2030,5,4,4,0.10400000000000001
581,DE_E_Demand,2030,5,5,5,0.10400000000000001
582,DE_E_Demand,2030,5,6,6,0.10400000000000001
583,DE_E_Demand,2030,5,7,7,0.10400000000000001
584,DE_E_Demand,2030,5,8,8,0.10400000000000001
585,DE_E_Demand,2030,5,9,9,0.10400000000000001
586,DE_E_Demand,2030,5,10,10,0.10400000000000001
587,DE_E_Demand,2030,5,11,11,0.10400000000000001
588,DE_E_Demand,2030,5,12,12,0.10400000000000001
589,DE_E_Demand,2030,5,13,13,0.10400000000000001
590,DE_E_Demand,2030,5,14,14,0.10400000000000001
591,DE_E_Demand,2030,5,15,15,0.10400000000000001
592,DE_E_Demand,2030,5,16,16,0.10400000000000001
593,DE_E_Demand,2030,5,17,17,0.10400000000000001
594,DE_E_Demand,2030,5,18,18,0.10400000000000001
595,DE_E_Demand,2030,5,19,19,0.10400000000000001
596,DE_E_Demand,2030,5,20,20,0.10400000000000001
597,DE_E_Demand,2030,5,21,21,0.10400000000000001
598,DE_E_Demand,2030,5,22,22,0.10400000000000001
599,DE_E_Demand,2030,5,23,23,0.10400000000000001
600,DE_E_Demand,2030,5,24,24,0.10400000000000001
601,DE_E_Demand,2030,6,1,1,0.3186
602,DE_E_Demand,2030,6,2,2,0.3186
603,DE_E_Demand,2030,6,3,3,0.3186
604,DE_E_Demand,2030,6,4,4,0.3186
605,DE_E_Demand,2030,6,5,5,0.3186
606,DE_E_Demand,2030,6,6,6,0.3186
607,DE_E_Demand,2030,6,7,7,0.3186
608,DE_E_Demand,2030,6,8,8,0.3186
609,DE_E_Demand,2030,6,9,9,0.3186
610,DE_E_Demand,2030,6,10,10,0.3186
611,DE_E_Demand,2030,6,11,11,0.3186
612,DE_E_Demand,2030,6,12,12,0.3186
613,DE_E_Demand,2030,6,13,13,0.3186
614,DE_E_Demand,2030,6,14,14,0.3186
615,DE_E_Demand,2030,6,15,15,0.3186
616,DE_E_Demand,2030,6,16,16,0.3186
617,DE_E_Demand,2030,6,17,17,0.3186
618,DE_E_Demand,2030,6,18,18,0.3186
619,DE_E_Demand,2030,6,19,19,0.3186
620,DE_E_Demand,2030,6,20,20,0.3186
621,DE_E_Demand,2030,6,21,21,0.3186
622,DE_E_Demand,2030,6,22,22,0.3186
623,DE_E_Demand,2030,6,23,23,0.3186
624,DE_E_Demand,2030,6,24,24,0.3186
625,DE_E_Demand,2030,7,1,1,0.6549
626,DE_E_Demand,2030,7,2,2,0.6549
627,DE_E_Demand,2030,7,3,3,0.6549
628,DE_E_Demand,2030,7,4,4,0.6549
629,DE_E_Demand,2030,7,5,5,1.221
630,DE_E_Demand,2030,7,6,6,1.221
631,DE_E_Demand,2030,7,7,7,1.8869999999999998
632,DE_E_Demand,2030,7,8,8,1.8869999999999998
633,DE_E_Demand,2030,7,9,9,1.8869999999999998
634,DE_E_Demand,2030,7,10,10,1.8869999999999998
635,DE_E_Demand,2030,7,11,11,1.221
636,DE_E_Demand,2030,7,12,12,1.221
637,DE_E_Demand,2030,7,13,13,1.221
638,DE_E_Demand,2030,7,14,14,1.221
639,DE_E_Demand,2030,7,15,15,1.221
640,DE_E_Demand,2030,7,16,16,1.221
641,DE_E_Demand,2030,7,17,17,1.8869999999999998
642,DE_E_Demand,2030,7,18,18,5.9476657056662985
643,DE_E_Demand,2030,7,19,19,17.327731411332604
644,DE_E_Demand,2030,7,20,20,1.8869999999999998
645,DE_E_Demand,2030,7,21,21,1.221
646,DE_E_Demand,2030,7,22,22,1.221
647,DE_E_Demand,2030,7,23,23,0.6549
648,DE_E_Demand,2030,7,24,24,0.6549
649,DE_E_Demand,2030,8,1,1,0.062
650,DE_E_Demand,2030,8,2,2,0.062
651,DE_E_Demand,2030,8,3,3,0.062
652,DE_E_Demand,2030,8,4,4,0.062
653,DE_E_Demand,2030,8,5,5,0.062
654,DE_E_Demand,2030,8,6,6,0.062
655,DE_E_Demand,2030,8,7,7,0.062
656,DE_E_Demand,2030,8,8,8,0.062
657,DE_E_Demand,2030,8,9,9,0.062
658,DE_E_Demand,2030,8,10,10,0.062
659,DE_E_Demand,2030,8,11,11,0.062
660,DE_E_Demand,2030,8,12,12,0.062
661,DE_E_Demand,2030,8,13,13,0.062
662,DE_E_Demand,2030,8,14,14,0.062
663,DE_E_Demand,2030,8,15,15,0.062
664,DE_E_Demand,2030,8,16,16,0.062
665,DE_E_Demand,2030,8,17,17,0.062
666,DE_E_Demand,2030,8,18,18,0.062
667,DE_E_Demand,2030,8,19,19,0.5487
668,DE_E_Demand,2030,8,20,20,0.5487
669,DE_E_Demand,2030,8,21,21,0.5487
670,DE_E_Demand,2030,8,22,22,0.062
671,DE_E_Demand,2030,8,23,23,0.062
672,DE_E_Demand,2030,8,24,24,0.062
673,DE_E_Demand,2030,9,1,1,0.08600000000000001
674,DE_E_Demand,2030,9,2,2,0.08600000000000001
675,DE_E_Demand,2030,9,3,3,0.08600000000000001
676,DE_E_Demand,2030,9,4,4,0.08600000000000001
677,DE_E_Demand,2030,9,5,5,0.08600000000000001
678,DE_E_Demand,2030,9,6,6,0.08600000000000001
679,DE_E_Demand,2030,9,7,7,0.08600000000000001
680,DE_E_Demand,2030,9,8,8,0.08600000000000001
681,DE_E_Demand,2030,9,9,9,0.08600000000000001
682,DE_E_Demand,2030,9,10,10,0.08600000000000001
683,DE_E_Demand,2030,9,11,11,0.08600000000000001
684,DE_E_Demand,2030,9,12,12,1.419
685,DE_E_Demand,2030,9,13,13,0.08600000000000001
686,DE_E_Demand,2030,9,14,14,0.08600000000000001
687,DE_E_Demand,2030,9,15,15,0.08600000000000001
688,DE_E_Demand,2030,9,16,16,0.08600000000000001
689,DE_E_Demand,2030,9,17,17,0.08600000000000001
690,DE_E_Demand,2030,9,18,18,2.193
691,DE_E_Demand,2030,9,19,19,0.7611
692,DE_E_Demand,2030,9,20,20,0.7611
693,DE_E_Demand,2030,9,21,21,0.7611
694,DE_E_Demand,2030,9,22,22,0.7611
695,DE_E_Demand,2030,9,23,23,0.08600000000000001
696,DE_E_Demand,2030,9,24,24,0.08600000000000001
697,DE_E_Demand,2030,10,1,1,1.518
698,DE_E_Demand,2030,10,2,2,1.518
699,DE_E_Demand,2030,10,3,3,1.518
700,DE_E_Demand,2030,10,4,4,1.518
701,DE_E_Demand,2030,10,5,5,1.518
702,DE_E_Demand,2030,10,6,6,1.518
703,DE_E_Demand,2030,10,7,7,2.3459999999999996
704,DE_E_Demand,2030,10,8,8,2.3459999999999996
705,DE_E_Demand,2030,10,9,9,2.3459999999999996
706,DE_E_Demand,2030,10,10,10,1.518
707,DE_E_Demand,2030,10,11,11,1.518
708,DE_E_Demand,2030,10,12,12,1.518
709,DE_E_Demand,2030,10,13,13,1.518
710,DE_E_Demand,2030,10,14,14,1.518
711,DE_E_Demand,2030,10,15,15,1.518
712,DE_E_Demand,2030,10,16,16,2.3459999999999996
713,DE_E_Demand,2030,10,17,17,2.3459999999999996
714,DE_E_Demand,2030,10,18,18,4.1396999999999995
715,DE_E_Demand,2030,10,19,19,2.3459999999999996
716,DE_E_Demand,2030,10,20,20,2.3459999999999996
717,DE_E_Demand,2030,10,21,21,1.518
718,DE_E_Demand,2030,10,22,22,1.518
719,DE_E_Demand,2030,10,23,23,1.518
720,DE_E_Demand,2030,10,24,24,0.8142
721,FR_E_Demand,2030,2,9,9,0.5841000000000001
722,FR_E_Demand,2030,2,10,10,0.5841000000000001
723,FR_E_Demand,2030,2,11,11,0.5841000000000001
724,FR_E_Demand,2030,2,12,12,0.5841000000000001
725,FR_E_Demand,2030,2,13,13,0.066
726,FR_E_Demand,2030,2,14,14,0.066
727,FR_E_Demand,2030,2,15,15,0.066
728,FR_E_Demand,2030,2,16,16,0.066
729,FR_E_Demand,2030,2,17,17,0.066
730,FR_E_Demand,2030,2,18,18,0.5841000000000001
731,FR_E_Demand,2030,2,19,19,0.5841000000000001
732,FR_E_Demand,2030,2,20,20,0.5841000000000001
733,FR_E_Demand,2030,2,21,21,0.5841000000000001
734,FR_E_Demand,2030,2,22,22,0.5841000000000001
735,FR_E_Demand,2030,2,23,23,0.5841000000000001
736,FR_E_Demand,2030,2,24,24,0.5841000000000001
737,FR_E_Demand,2030,3,1,1,0.058
738,FR_E_Demand,2030,3,2,2,0.058
739,FR_E_Demand,2030,3,3,3,0.058
740,FR_E_Demand,2030,3,4,4,0.058
741,FR_E_Demand,2030,3,5,5,0.058
742,FR_E_Demand,2030,3,6,6,0.058
743,FR_E_Demand,2030,3,7,7,0.058
744,FR_E_Demand,2030,3,8,8,0.058
745,FR_E_Demand,2030,3,9,9,0.058
746,FR_E_Demand,2030,3,10,10,0.058
747,FR_E_Demand,2030,3,11,11,0.058
748,FR_E_Demand,2030,3,12,12,0.5133
749,FR_E_Demand,2030,3,13,13,0.5133
750,FR_E_Demand,2030,3,14,14,0.5133
751,FR_E_Demand,2030,3,15,15,0.5133
752,FR_E_Demand,2030,3,16,16,0.5133
753,FR_E_Demand,2030,3,17,17,0.5133
754,FR_E_Demand,2030,3,18,18,0.5133
755,FR_E_Demand,2030,3,19,19,0.5133
756,FR_E_Demand,2030,3,20,20,0.5133
757,FR_E_Demand,2030,3,21,21,0.5133
758,FR_E_Demand,2030,3,22,22,0.5133
759,FR_E_Demand,2030,3,23,23,0.5133
760,FR_E_Demand,2030,3,24,24,0.058
761,FR_E_Demand,2030,4,1,1,0.046
762,FR_E_Demand,2030,4,2,2,0.046
763,FR_E_Demand,2030,4,3,3,0.046
764,FR_E_Demand,2030,4,4,4,0.046
765,FR_E_Demand,2030,4,5,5,0.046
766,FR_E_Demand,2030,4,6,6,0.046
767,FR_E_Demand,2030,4,7,7,0.4071
768,FR_E_Demand,2030,4,8,8,0.4071
769,FR_E_Demand,2030,4,9,9,0.4071
770,FR_E_Demand,2030,4,10,10,0.046
771,FR_E_Demand,2030,4,11,11,0.046
772,FR_E_Demand,2030,4,12,12,0.046
773,FR_E_Demand,2030,4,13,13,0.046
774,FR_E_Demand,2030,4,14,14,0.046
775,FR_E_Demand,2030,4,15,15,0.046
776,FR_E_Demand,2030,4,16,16,0.046
777,FR_E_Demand,2030,4,17,17,0.046
778,FR_E_Demand,2030,4,18,18,0.046
779,FR_E_Demand,2030,4,19,19,0.046
780,FR_E_Demand,2030,4,20,20,0.046
781,FR_E_Demand,2030,4,21,21,0.4071
782,FR_E_Demand,2030,4,22,22,0.4071
783,FR_E_Demand,2030,4,23,23,0.4071
784,FR_E_Demand,2030,4,24,24,0.046
785,FR_E_Demand,2030,5,1,1,0.10400000000000001
786,FR_E_Demand,2030,5,2,2,0.10400000000000001
787,FR_E_Demand,2030,5,3,3,0.10400000000000001
788,FR_E_Demand,2030,5,4,4,0.10400000000000001
789,FR_E_Demand,2030,5,5,5,0.10400000000000001
790,FR_E_Demand,2030,5,6,6,0.10400000000000001
791,FR_E_Demand,2030,5,7,7,0.10400000000000001
792,FR_E_Demand,2030,5,8,8,0.10400000000000001
793,FR_E_Demand,2030,5,9,9,0.10400000000000001
794,FR_E_Demand,2030,5,10,10,0.10400000000000001
795,FR_E_Demand,2030,5,11,11,0.10400000000000001
796,FR_E_Demand,2030,5,12,12,0.10400000000000001
797,FR_E_Demand,2030,5,13,13,0.10400000000000001
798,FR_E_Demand,2030,5,14,14,0.10400000000000001
799,FR_E_Demand,2030,5,15,15,0.10400000000000001
800,FR_E_Demand,2030,5,16,16,0.10400000000000001
801,FR_E_Demand,2030,5,17,17,0.10400000000000001
802,FR_E_Demand,2030,5,18,18,0.10400000000000001
803,FR_E_Demand,2030,5,19,19,0.10400000000000001
804,FR_E_Demand,2030,5,20,20,0.10400000000000001
805,FR_E_Demand,2030,5,21,21,0.10400000000000001
806,FR_E_Demand,2030,5,22,22,0.10400000000000001
807,FR_E_Demand,2030,5,23,23,0.10400000000000001
808,FR_E_Demand,2030,5,24,24,0.10400000000000001
809,FR_E_Demand,2030,6,1,1,0.036000000000000004
810,FR_E_Demand,2030,6,2,2,0.036000000000000004
811,FR_E_Demand,2030,6,3,3,0.036000000000000004
812,FR_E_Demand,2030,6,4,4,0.036000000000000004
813,FR_E_Demand,2030,6,5,5,0.036000000000000004
814,FR_E_Demand,2030,6,6,6,0.036000000000000004
815,FR_E_Demand,2030,6,7,7,0.3186
816,FR_E_Demand,2030,6,8,8,0.3186
817,FR_E_Demand,2030,6,9,9,0.3186
818,FR_E_Demand,2030,6,10,10,0.3186
819,FR_E_Demand,2030,6,11,11,0.3186
820,FR_E_Demand,2030,6,12,12,0.3186
821,FR_E_Demand,2030,6,13,13,0.036000000000000004
822,FR_E_Demand,2030,6,14,14,0.036000000000000004
823,FR_E_Demand,2030,6,15,15,0.036000000000000004
824,FR_E_Demand,2030,6,16,16,0.036000000000000004
825,FR_E_Demand,2030,6,17,17,0.036000000000000004
826,FR_E_Demand,2030,6,18,18,0.036000000000000004
827,FR_E_Demand,2030,6,19,19,0.036000000000000004
828,FR_E_Demand,2030,6,20,20,0.036000000000000004
829,FR_E_Demand,2030,6,21,21,0.3186
830,FR_E_Demand,2030,6,22,22,0.3186
831,FR_E_Demand,2030,6,23,23,0.3186
832,FR_E_Demand,2030,6,24,24,0.3186
833,FR_E_Demand,2030,7,1,1,0.6549
834,FR_E_Demand,2030,7,2,2,0.6549
835,FR_E_Demand,2030,7,3,3,0.6549
836,FR_E_Demand,2030,7,4,4,0.6549
837,FR_E_Demand,2030,7,5,5,1.221
838,FR_E_Demand,2030,7,6,6,1.8869999999999998
839,FR_E_Demand,2030,7,7,7,1.8869999999999998
840,FR_E_Demand,2030,7,8,8,1.8869999999999998
841,FR_E_Demand,2030,7,9,9,1.8869999999999998
842,FR_E_Demand,2030,7,10,10,1.8869999999999998
843,FR_E_Demand,2030,7,11,11,1.8869999999999998
844,FR_E_Demand,2030,7,12,12,1.8869999999999998
845,FR_E_Demand,2030,7,13,13,1.8869999999999998
846,FR_E_Demand,2030,7,14,14,1.221
847,FR_E_Demand,2030,7,15,15,1.221
848,FR_E_Demand,2030,7,16,16,1.221
849,FR_E_Demand,2030,7,17,17,1.8869999999999998
850,FR_E_Demand,2030,7,18,18,5.9476657056662985
851,FR_E_Demand,2030,7,19,19,17.327731411332604
852,FR_E_Demand,2030,7,20,20,5.9476657056662985
853,FR_E_Demand,2030,7,21,21,5.9476657056662985
854,FR_E_Demand,2030,7,22,22,6.630765705666296
855,FR_E_Demand,2030,7,23,23,1.8869999999999998
856,FR_E_Demand,2030,7,24,24,1.221
857,FR_E_Demand,2030,8,1,1,0.062
858,FR_E_Demand,2030,8,2,2,0.062
859,FR_E_Demand,2030,8,3,3,0.062
860,FR_E_Demand,2030,8,4,4,0.062
861,FR_E_Demand,2030,8,5,5,0.062
862,FR_E_Demand,2030,8,6,6,0.062
863,FR_E_Demand,2030,8,7,7,0.062
864,FR_E_Demand,2030,8,8,8,0.062
865,FR_E_Demand,2030,8,9,9,0.062
866,FR_E_Demand,2030,8,10,10,0.062
867,FR_E_Demand,2030,8,11,11,0.062
868,FR_E_Demand,2030,8,12,12,0.062
869,FR_E_Demand,2030,8,13,13,0.062
870,FR_E_Demand,2030,8,14,14,0.062
871,FR_E_Demand,2030,8,15,15,0.062
872,FR_E_Demand,2030,8,16,16,0.062
873,FR_E_Demand,2030,8,17,17,0.062
874,FR_E_Demand,2030,8,18,18,0.062
875,FR_E_Demand,2030,8,19,19,0.062
876,FR_E_Demand,2030,8,20,20,0.062
877,FR_E_Demand,2030,8,21,21,0.062
878,FR_E_Demand,2030,8,22,22,0.062
879,FR_E_Demand,2030,8,23,23,0.062
880,FR_E_Demand,2030,8,24,24,0.062
881,FR_E_Demand,2030,9,1,1,0.08600000000000001
882,FR_E_Demand,2030,9,2,2,0.08600000000000001
883,FR_E_Demand,2030,9,3,3,0.08600000000000001
884,FR_E_Demand,2030,9,4,4,0.08600000000000001
885,FR_E_Demand,2030,9,5,5,0.08600000000000001
886,FR_E_Demand,2030,9,6,6,0.08600000000000001
887,FR_E_Demand,2030,9,7,7,0.08600000000000001
888,FR_E_Demand,2030,9,8,8,0.08600000000000001
889,FR_E_Demand,2030,9,9,9,0.08600000000000001
890,FR_E_Demand,2030,9,10,10,0.08600000000000001
891,FR_E_Demand,2030,9,11,11,0.08600000000000001
892,FR_E_Demand,2030,9,12,12,1.419
893,FR_E_Demand,2030,9,13,13,0.08600000000000001
894,FR_E_Demand,2030,9,14,14,0.08600000000000001
895,FR_E_Demand,2030,9,15,15,0.08600000000000001
896,FR_E_Demand,2030,9,16,16,0.08600000000000001
897,FR_E_Demand,2030,9,17,17,0.08600000000000001
898,FR_E_Demand,2030,9,18,18,0.7611
899,FR_E_Demand,2030,9,19,19,0.7611
900,FR_E_Demand,2030,9,20,20,0.7611
901,FR_E_Demand,2030,9,21,21,0.7611
902,FR_E_Demand,2030,9,22,22,0.7611
903,FR_E_Demand,2030,9,23,23,0.7611
904,FR_E_Demand,2030,9,24,24,0.08600000000000001
905,FR_E_Demand,2030,10,1,1,0.8142
906,FR_E_Demand,2030,10,2,2,0.8142
907,FR_E_Demand,2030,10,3,3,0.8142
908,FR_E_Demand,2030,10,4,4,0.8142
909,FR_E_Demand,2030,10,5,5,0.8142
910,FR_E_Demand,2030,10,6,6,0.8142
911,FR_E_Demand,2030,10,7,7,1.518
912,FR_E_Demand,2030,10,8,8,1.518
913,FR_E_Demand,2030,10,9,9,1.518
914,FR_E_Demand,2030,10,10,10,1.518
915,FR_E_Demand,2030,10,11,11,1.518
916,FR_E_Demand,2030,10,12,12,1.518
917,FR_E_Demand,2030,10,13,13,1.518
918,FR_E_Demand,2030,10,14,14,0.8142
919,FR_E_Demand,2030,10,15,15,0.8142
920,FR_E_Demand,2030,10,16,16,0.8142
921,FR_E_Demand,2030,10,17,17,1.518
922,FR_E_Demand,2030,10,18,18,1.518
923,FR_E_Demand,2030,10,19,19,1.518
924,FR_E_Demand,2030,10,20,20,1.518
925,FR_E_Demand,2030,10,21,21,1.518
926,FR_E_Demand,2030,10,22,22,1.518
927,FR_E_Demand,2030,10,23,23,1.518
928,FR_E_Demand,2030,10,24,24,0.8142
929,LU_E_Demand,2030,1,1,1,0.9381
930,LU_E_Demand,2030,1,2,2,0.9381
931,LU_E_Demand,2030,1,3,3,0.9381
932,LU_E_Demand,2030,1,4,4,0.9381
933,LU_E_Demand,2030,1,5,5,0.9381
934,LU_E_Demand,2030,1,6,6,1.749
935,LU_E_Demand,2030,1,7,7,1.749
936,LU_E_Demand,2030,1,8,8,1.749
937,LU_E_Demand,2030,1,9,9,1.749
938,LU_E_Demand,2030,1,10,10,1.749
939,LU_E_Demand,2030,1,11,11,1.749
940,LU_E_Demand,2030,1,12,12,1.749
941,LU_E_Demand,2030,1,13,13,1.749
942,LU_E_Demand,2030,1,14,14,0.9381
943,LU_E_Demand,2030,1,15,15,0.9381
944,LU_E_Demand,2030,1,16,16,0.9381
945,LU_E_Demand,2030,1,17,17,0.9381
946,LU_E_Demand,2030,1,18,18,1.749
947,LU_E_Demand,2030,1,19,19,1.749
948,LU_E_Demand,2030,1,20,20,1.749
949,LU_E_Demand,2030,1,21,21,1.749
950,LU_E_Demand,2030,1,22,22,1.749
951,LU_E_Demand,2030,1,23,23,0.9381
952,LU_E_Demand,2030,1,24,24,0.9381
953,LU_E_Demand,2030,2,1,1,0.066
954,LU_E_Demand,2030,2,2,2,0.066
955,LU_E_Demand,2030,2,3,3,0.066
956,LU_E_Demand,2030,2,4,4,0.066
957,LU_E_Demand,2030,2,5,5,0.066
958,LU_E_Demand,2030,2,6,6,0.5841000000000001
959,LU_E_Demand,2030,2,7,7,0.5841000000000001
960,LU_E_Demand,2030,2,8,8,0.5841000000000001
961,LU_E_Demand,2030,2,9,9,0.5841000000000001
962,LU_E_Demand,2030,2,10,10,0.5841000000000001
963,LU_E_Demand,2030,2,11,11,0.5841000000000001
964,LU_E_Demand,2030,2,12,12,0.5841000000000001
965,LU_E_Demand,2030,2,13,13,0.5841000000000001
966,LU_E_Demand,2030,2,14,14,0.5841000000000001
967,LU_E_Demand,2030,2,15,15,0.5841000000000001
968,LU_E_Demand,2030,2,16,16,0.5841000000000001
969,LU_E_Demand,2030,2,17,17,0.5841000000000001
970,LU_E_Demand,2030,2,18,18,0.5841000000000001
971,LU_E_Demand,2030,2,19,19,0.5841000000000001
972,LU_E_Demand,2030,2,20,20,0.5841000000000001
973,LU_E_Demand,2030,2,21,21,0.5841000000000001
974,LU_E_Demand,2030,2,22,22,0.5841000000000001
975,LU_E_Demand,2030,2,23,23,0.5841000000000001
976,LU_E_Demand,2030,2,24,24,0.5841000000000001
977,LU_E_Demand,2030,3,1,1,0.058
978,LU_E_Demand,2030,3,2,2,0.058
979,LU_E_Demand,2030,3,3,3,0.058
980,LU_E_Demand,2030,3,4,4,0.058
981,LU_E_Demand,2030,3,5,5,0.058
982,LU_E_Demand,2030,3,6,6,0.058
983,LU_E_Demand,2030,3,7,7,0.058
984,LU_E_Demand,2030,3,8,8,0.058
985,LU_E_Demand,2030,3,9,9,0.058
986,LU_E_Demand,2030,3,10,10,0.058
987,LU_E_Demand,2030,3,11,11,0.058
988,LU_E_Demand,2030,3,12,12,0.5133
989,LU_E_Demand,2030,3,13,13,0.5133
990,LU_E_Demand,2030,3,14,14,0.5133
991,LU_E_Demand,2030,3,15,15,0.5133
992,LU_E_Demand,2030,3,16,16,0.5133
993,LU_E_Demand,2030,3,17,17,0.5133
994,LU_E_Demand,2030,3,18,18,0.5133
995,LU_E_Demand,2030,3,19,19,0.5133
996,LU_E_Demand,2030,3,20,20,0.5133
997,LU_E_Demand,2030,3,21,21,0.5133
998,LU_E_Demand,2030,3,22,22,0.058
999,LU_E_Demand,2030,3,23,23,0.058
1000,LU_E_Demand,2030,3,24,24,0.058
1001,LU_E_Demand,2030,4,1,1,0.046
1002,LU_E_Demand,2030,4,2,2,0.046
1003,LU_E_Demand,2030,4,3,3,0.046
1004,LU_E_Demand,2030,4,4,4,0.046
1005,LU_E_Demand,2030,4,5,5,0.046
1006,LU_E_Demand,2030,4,6,6,0.046
1007,LU_E_Demand,2030,4,7,7,0.4071
1008,LU_E_Demand,2030,4,8,8,0.4071
1009,LU_E_Demand,2030,4,9,9,0.4071
1010,LU_E_Demand,2030,4,10,10,0.4071
1011,LU_E_Demand,2030,4,11,11,0.4071
1012,LU_E_Demand,2030,4,12,12,0.4071
1013,LU_E_Demand,2030,4,13,13,0.4071
1014,LU_E_Demand,2030,4,14,14,0.4071
1015,LU_E_Demand,2030,4,15,15,0.046
1016,LU_E_Demand,2030,4,16,16,0.046
1017,LU_E_Demand,2030,4,17,17,0.046
1018,LU_E_Demand,2030,4,18,18,0.4071
1019,LU_E_Demand,2030,4,19,19,0.4071
1020,LU_E_Demand,2030,4,20,20,0.4071
1021,LU_E_Demand,2030,4,21,21,0.4071
1022,LU_E_Demand,2030,4,22,22,0.4071
1023,LU_E_Demand,2030,4,23,23,0.4071
1024,LU_E_Demand,2030,4,24,24,0.046
1025,LU_E_Demand,2030,5,1,1,0.10400000000000001
1026,LU_E_Demand,2030,5,2,2,0.10400000000000001
1027,LU_E_Demand,2030,5,3,3,0.10400000000000001
1028,LU_E_Demand,2030,5,4,4,0.10400000000000001
1029,LU_E_Demand,2030,5,5,5,0.10400000000000001
1030,LU_E_Demand,2030,5,6,6,0.10400000000000001
1031,LU_E_Demand,2030,5,7,7,0.10400000000000001
1032,LU_E_Demand,2030,5,8,8,0.10400000000000001
1033,LU_E_Demand,2030,5,9,9,0.10400000000000001
1034,LU_E_Demand,2030,5,10,10,0.10400000000000001
1035,LU_E_Demand,2030,5,11,11,0.10400000000000001
1036,LU_E_Demand,2030,5,12,12,0.10400000000000001
1037,LU_E_Demand,2030,5,13,13,0.10400000000000001
1038,LU_E_Demand,2030,5,14,14,0.10400000000000001
1039,LU_E_Demand,2030,5,15,15,0.10400000000000001
1040,LU_E_Demand,2030,5,16,16,0.10400000000000001
1041,LU_E_Demand,2030,5,17,17,0.10400000000000001
1042,LU_E_Demand,2030,5,18,18,0.10400000000000001
1043,LU_E_Demand,2030,5,19,19,0.10400000000000001
1044,LU_E_Demand,2030,5,20,20,0.10400000000000001
1045,LU_E_Demand,2030,5,21,21,0.10400000000000001
1046,LU_E_Demand,2030,5,22,22,0.10400000000000001
1047,LU_E_Demand,2030,5,23,23,0.10400000000000001
1048,LU_E_Demand,2030,5,24,24,0.10400000000000001
1049,LU_E_Demand,2030,6,1,1,0.3186
1050,LU_E_Demand,2030,6,2,2,0.3186
1051,LU_E_Demand,2030,6,3,3,0.3186
1052,LU_E_Demand,2030,6,4,4,0.3186
1053,LU_E_Demand,2030,6,5,5,0.3186
1054,LU_E_Demand,2030,6,6,6,0.3186
1055,LU_E_Demand,2030,6,7,7,0.3186
1056,LU_E_Demand,2030,6,8,8,0.3186
1057,LU_E_Demand,2030,6,9,9,0.3186
1058,LU_E_Demand,2030,6,10,10,0.3186
1059,LU_E_Demand,2030,6,11,11,0.3186
1060,LU_E_Demand,2030,6,12,12,0.3186
1061,LU_E_Demand,2030,6,13,13,0.3186
1062,LU_E_Demand,2030,6,14,14,0.036000000000000004
1063,LU_E_Demand,2030,6,15,15,0.036000000000000004
1064,LU_E_Demand,2030,6,16,16,0.036000000000000004
1065,LU_E_Demand,2030,6,17,17,0.036000000000000004
1066,LU_E_Demand,2030,6,18,18,0.3186
1067,LU_E_Demand,2030,6,19,19,0.3186
1068,LU_E_Demand,2030,6,20,20,0.3186
1069,LU_E_Demand,2030,6,21,21,0.3186
1070,LU_E_Demand,2030,6,22,22,0.3186
1071,LU_E_Demand,2030,6,23,23,0.3186
1072,LU_E_Demand,2030,6,24,24,0.3186
1073,LU_E_Demand,2030,7,1,1,0.6549
1074,LU_E_Demand,2030,7,2,2,0.6549
1075,LU_E_Demand,2030,7,3,3,0.6549
1076,LU_E_Demand,2030,7,4,4,0.6549
1077,LU_E_Demand,2030,7,5,5,1.221
1078,LU_E_Demand,2030,7,6,6,1.221
1079,LU_E_Demand,2030,7,7,7,1.8869999999999998
1080,LU_E_Demand,2030,7,8,8,1.8869999999999998
1081,LU_E_Demand,2030,7,9,9,1.8869999999999998
1082,LU_E_Demand,2030,7,10,10,1.8869999999999998
1083,LU_E_Demand,2030,7,11,11,1.221
1084,LU_E_Demand,2030,7,12,12,1.221
1085,LU_E_Demand,2030,7,13,13,1.221
1086,LU_E_Demand,2030,7,14,14,1.221
1087,LU_E_Demand,2030,7,15,15,1.221
1088,LU_E_Demand,2030,7,16,16,1.221
1089,LU_E_Demand,2030,7,17,17,1.8869999999999998
1090,LU_E_Demand,2030,7,18,18,5.9476657056662985
1091,LU_E_Demand,2030,7,19,19,17.327731411332604
1092,LU_E_Demand,2030,7,20,20,1.8869999999999998
1093,LU_E_Demand,2030,7,21,21,1.221
1094,LU_E_Demand,2030,7,22,22,1.221
1095,LU_E_Demand,2030,7,23,23,1.221
1096,LU_E_Demand,2030,7,24,24,0.6549
1097,LU_E_Demand,2030,8,1,1,0.062
1098,LU_E_Demand,2030,8,2,2,0.062
1099,LU_E_Demand,2030,8,3,3,0.062
1100,LU_E_Demand,2030,8,4,4,0.062
1101,LU_E_Demand,2030,8,5,5,0.062
1102,LU_E_Demand,2030,8,6,6,0.062
1103,LU_E_Demand,2030,8,7,7,0.062
1104,LU_E_Demand,2030,8,8,8,0.062
1105,LU_E_Demand,2030,8,9,9,0.062
1106,LU_E_Demand,2030,8,10,10,0.062
1107,LU_E_Demand,2030,8,11,11,0.062
1108,LU_E_Demand,2030,8,12,12,0.062
1109,LU_E_Demand,2030,8,13,13,0.062
1110,LU_E_Demand,2030,8,14,14,0.062
1111,LU_E_Demand,2030,8,15,15,0.062
1112,LU_E_Demand,2030,8,16,16,0.062
1113,LU_E_Demand,2030,8,17,17,0.062
1114,LU_E_Demand,2030,8,18,18,0.062
1115,LU_E_Demand,2030,8,19,19,0.062
1116,LU_E_Demand,2030,8,20,20,0.062
1117,LU_E_Demand,2030,8,21,21,0.062
1118,LU_E_Demand,2030,8,22,22,0.062
1119,LU_E_Demand,2030,8,23,23,0.062
1120,LU_E_Demand,2030,8,24,24,0.062
1121,LU_E_Demand,2030,9,1,1,0.08600000000000001
1122,LU_E_Demand,2030,9,2,2,0.08600000000000001
1123,LU_E_Demand,2030,9,3,3,0.08600000000000001
1124,LU_E_Demand,2030,9,4,4,0.08600000000000001
1125,LU_E_Demand,2030,9,5,5,0.08600000000000001
1126,LU_E_Demand,2030,9,6,6,0.08600000000000001
1127,LU_E_Demand,2030,9,7,7,0.08600000000000001
1128,LU_E_Demand,2030,9,8,8,0.08600000000000001
1129,LU_E_Demand,2030,9,9,9,0.08600000000000001
1130,LU_E_Demand,2030,9,10,10,0.08600000000000001
1131,LU_E_Demand,2030,9,11,11,0.08600000000000001
1132,LU_E_Demand,2030,9,12,12,1.419
1133,LU_E_Demand,2030,9,13,13,0.08600000000000001
1134,LU_E_Demand,2030,9,14,14,0.08600000000000001
1135,LU_E_Demand,2030,9,15,15,0.08600000000000001
1136,LU_E_Demand,2030,9,16,16,0.08600000000000001
1137,LU_E_Demand,2030,9,17,17,0.08600000000000001
1138,LU_E_Demand,2030,9,18,18,0.7611
1139,LU_E_Demand,2030,9,19,19,0.7611
1140,LU_E_Demand,2030,9,20,20,0.7611
1141,LU_E_Demand,2030,9,21,21,0.7611
1142,LU_E_Demand,2030,9,22,22,0.7611
1143,LU_E_Demand,2030,9,23,23,0.08600000000000001
1144,LU_E_Demand,2030,9,24,24,0.08600000000000001
1145,LU_E_Demand,2030,10,1,1,1.518
1146,LU_E_Demand,2030,10,2,2,1.518
1147,LU_E_Demand,2030,10,3,3,1.518
1148,LU_E_Demand,2030,10,4,4,1.518
1149,LU_E_Demand,2030,10,5,5,1.518
1150,LU_E_Demand,2030,10,6,6,1.518
1151,LU_E_Demand,2030,10,7,7,1.518
1152,LU_E_Demand,2030,10,8,8,1.518
1153,LU_E_Demand,2030,10,9,9,1.518
1154,LU_E_Demand,2030,10,10,10,1.518
1155,LU_E_Demand,2030,10,11,11,1.518
1156,LU_E_Demand,2030,10,12,12,1.518
1157,LU_E_Demand,2030,10,13,13,1.518
1158,LU_E_Demand,2030,10,14,14,1.518
1159,LU_E_Demand,2030,10,15,15,1.518
1160,LU_E_Demand,2030,10,16,16,1.518
1161,LU_E_Demand,2030,10,17,17,1.518
1162,LU_E_Demand,2030,10,18,18,1.518
1163,LU_E_Demand,2030,10,19,19,1.518
1164,LU_E_Demand,2030,10,20,20,1.518
1165,LU_E_Demand,2030,10,21,21,1.518
1166,LU_E_Demand,2030,10,22,22,1.518
1167,LU_E_Demand,2030,10,23,23,1.518
1168,LU_E_Demand,2030,10,24,24,0.8142
1169,NL_E_Demand,2030,1,1,1,0.9381
1170,NL_E_Demand,2030,1,2,2,0.9381
1171,NL_E_Demand,2030,1,3,3,0.9381
1172,NL_E_Demand,2030,1,4,4,0.9381
1173,NL_E_Demand,2030,1,5,5,0.9381
1174,NL_E_Demand,2030,1,6,6,0.9381
1175,NL_E_Demand,2030,1,7,7,1.749
1176,NL_E_Demand,2030,1,8,8,1.749
1177,NL_E_Demand,2030,1,9,9,1.749
1178,NL_E_Demand,2030,1,10,10,1.749
1179,NL_E_Demand,2030,1,11,11,1.749
1180,NL_E_Demand,2030,1,12,12,1.749
1181,NL_E_Demand,2030,1,13,13,1.749
1182,NL_E_Demand,2030,1,14,14,0.9381
1183,NL_E_Demand,2030,1,15,15,0.9381
1184,NL_E_Demand,2030,1,16,16,0.9381
1185,NL_E_Demand,2030,1,17,17,0.9381
1186,NL_E_Demand,2030,1,18,18,1.749
1187,NL_E_Demand,2030,1,19,19,1.749
1188,NL_E_Demand,2030,1,20,20,1.749
1189,NL_E_Demand,2030,1,21,21,0.9381
1190,NL_E_Demand,2030,1,22,22,0.9381
1191,NL_E_Demand,2030,1,23,23,0.9381
1192,NL_E_Demand,2030,1,24,24,0.9381
1193,NL_E_Demand,2030,2,1,1,0.066
1194,NL_E_Demand,2030,2,2,2,0.066
1195,NL_E_Demand,2030,2,3,3,0.066
1196,NL_E_Demand,2030,2,4,4,0.066
1197,NL_E_Demand,2030,2,5,5,0.066
1198,NL_E_Demand,2030,2,6,6,0.5841000000000001
1199,NL_E_Demand,2030,2,7,7,0.5841000000000001
1200,NL_E_Demand,2030,2,8,8,0.5841000000000001
1201,NL_E_Demand,2030,2,9,9,0.5841000000000001
1202,NL_E_Demand,2030,2,10,10,0.5841000000000001
1203,NL_E_Demand,2030,2,11,11,0.5841000000000001
1204,NL_E_Demand,2030,2,12,12,1.089
1205,NL_E_Demand,2030,2,13,13,1.089
1206,NL_E_Demand,2030,2,14,14,1.089
1207,NL_E_Demand,2030,2,15,15,0.5841000000000001
1208,NL_E_Demand,2030,2,16,16,0.5841000000000001
1209,NL_E_Demand,2030,2,17,17,0.5841000000000001
1210,NL_E_Demand,2030,2,18,18,0.5841000000000001
1211,NL_E_Demand,2030,2,19,19,0.5841000000000001
1212,NL_E_Demand,2030,2,20,20,0.5841000000000001
1213,NL_E_Demand,2030,2,21,21,0.5841000000000001
1214,NL_E_Demand,2030,2,22,22,0.5841000000000001
1215,NL_E_Demand,2030,2,23,23,0.5841000000000001
1216,NL_E_Demand,2030,2,24,24,0.5841000000000001
1217,NL_E_Demand,2030,3,1,1,0.058
1218,NL_E_Demand,2030,3,2,2,0.058
1219,NL_E_Demand,2030,3,3,3,0.058
1220,NL_E_Demand,2030,3,4,4,0.058
1221,NL_E_Demand,2030,3,5,5,0.058
1222,NL_E_Demand,2030,3,6,6,0.058
1223,NL_E_Demand,2030,3,7,7,0.058
1224,NL_E_Demand,2030,3,8,8,0.058
1225,NL_E_Demand,2030,3,9,9,0.058
1226,NL_E_Demand,2030,3,10,10,0.058
1227,NL_E_Demand,2030,3,11,11,0.058
1228,NL_E_Demand,2030,3,12,12,0.058
1229,NL_E_Demand,2030,3,13,13,0.058
1230,NL_E_Demand,2030,3,14,14,0.058
1231,NL_E_Demand,2030,3,15,15,0.058
1232,NL_E_Demand,2030,3,16,16,0.058
1233,NL_E_Demand,2030,3,17,17,0.058
1234,NL_E_Demand,2030,3,18,18,0.058
1235,NL_E_Demand,2030,3,19,19,0.058
1236,NL_E_Demand,2030,3,20,20,0.058
1237,NL_E_Demand,2030,3,21,21,0.058
1238,NL_E_Demand,2030,3,22,22,0.058
1239,NL_E_Demand,2030,3,23,23,0.058
1240,NL_E_Demand,2030,3,24,24,0.058
1241,NL_E_Demand,2030,4,1,1,0.046
1242,NL_E_Demand,2030,4,2,2,0.046
1243,NL_E_Demand,2030,4,3,3,0.046
1244,NL_E_Demand,2030,4,4,4,0.046
1245,NL_E_Demand,2030,4,5,5,0.046
1246,NL_E_Demand,2030,4,6,6,0.046
1247,NL_E_Demand,2030,4,7,7,0.4071
1248,NL_E_Demand,2030,4,8,8,0.4071
1249,NL_E_Demand,2030,4,9,9,0.4071
1250,NL_E_Demand,2030,4,10,10,0.4071
1251,NL_E_Demand,2030,4,11,11,0.4071
1252,NL_E_Demand,2030,4,12,12,0.4071
1253,NL_E_Demand,2030,4,13,13,0.4071
1254,NL_E_Demand,2030,4,14,14,0.4071
1255,NL_E_Demand,2030,4,15,15,0.4071
1256,NL_E_Demand,2030,4,16,16,0.4071
1257,NL_E_Demand,2030,4,17,17,0.4071
1258,NL_E_Demand,2030,4,18,18,0.4071
1259,NL_E_Demand,2030,4,19,19,0.4071
1260,NL_E_Demand,2030,4,20,20,0.4071
1261,NL_E_Demand,2030,4,21,21,0.046
1262,NL_E_Demand,2030,4,22,22,0.046
1263,NL_E_Demand,2030,4,23,23,0.046
1264,NL_E_Demand,2030,4,24,24,0.046
1265,NL_E_Demand,2030,5,1,1,0.10400000000000001
1266,NL_E_Demand,2030,5,2,2,0.10400000000000001
1267,NL_E_Demand,2030,5,3,3,0.10400000000000001
1268,NL_E_Demand,2030,5,4,4,0.10400000000000001
1269,NL_E_Demand,2030,5,5,5,0.10400000000000001
1270,NL_E_Demand,2030,5,6,6,0.10400000000000001
1271,NL_E_Demand,2030,5,7,7,0.10400000000000001
1272,NL_E_Demand,2030,5,8,8,0.10400000000000001
1273,NL_E_Demand,2030,5,9,9,0.10400000000000001
1274,NL_E_Demand,2030,5,10,10,0.10400000000000001
1275,NL_E_Demand,2030,5,11,11,0.10400000000000001
1276,NL_E_Demand,2030,5,12,12,0.10400000000000001
1277,NL_E_Demand,2030,5,13,13,0.10400000000000001
1278,NL_E_Demand,2030,5,14,14,0.10400000000000001
1279,NL_E_Demand,2030,5,15,15,0.10400000000000001
1280,NL_E_Demand,2030,5,16,16,0.10400000000000001
1281,NL_E_Demand,2030,5,17,17,0.10400000000000001
1282,NL_E_Demand,2030,5,18,18,0.10400000000000001
1283,NL_E_Demand,2030,5,19,19,0.10400000000000001
1284,NL_E_Demand,2030,5,20,20,0.10400000000000001
1285,NL_E_Demand,2030,5,21,21,0.10400000000000001
1286,NL_E_Demand,2030,5,22,22,0.10400000000000001
1287,NL_E_Demand,2030,5,23,23,0.10400000000000001
1288,NL_E_Demand,2030,5,24,24,0.10400000000000001
1289,NL_E_Demand,2030,6,1,1,0.3186
1290,NL_E_Demand,2030,6,2,2,0.3186
1291,NL_E_Demand,2030,6,3,3,0.3186
1292,NL_E_Demand,2030,6,4,4,0.3186
1293,NL_E_Demand,2030,6,5,5,0.3186
1294,NL_E_Demand,2030,6,6,6,0.3186
1295,NL_E_Demand,2030,6,7,7,0.3186
1296,NL_E_Demand,2030,6,8,8,0.3186
1297,NL_E_Demand,2030,6,9,9,0.3186
1298,NL_E_Demand,2030,6,10,10,0.3186
1299,NL_E_Demand,2030,6,11,11,0.3186
1300,NL_E_Demand,2030,6,12,12,0.3186
1301,NL_E_Demand,2030,6,13,13,0.3186
1302,NL_E_Demand,2030,6,14,14,0.3186
1303,NL_E_Demand,2030,6,15,15,0.3186
1304,NL_E_Demand,2030,6,16,16,0.3186
1305,NL_E_Demand,2030,6,17,17,0.3186
1306,NL_E_Demand,2030,6,18,18,0.3186
1307,NL_E_Demand,2030,6,19,19,0.3186
1308,NL_E_Demand,2030,6,20,20,0.3186
1309,NL_E_Demand,2030,6,21,21,0.3186
1310,NL_E_Demand,2030,6,22,22,0.3186
1311,NL_E_Demand,2030,6,23,23,0.3186
1312,NL_E_Demand,2030,6,24,24,0.3186
1313,NL_E_Demand,2030,7,1,1,0.6549
1314,NL_E_Demand,2030,7,2,2,0.6549
1315,NL_E_Demand,2030,7,3,3,0.6549
1316,NL_E_Demand,2030,7,4,4,0.6549
1317,NL_E_Demand,2030,7,5,5,1.221
1318,NL_E_Demand,2030,7,6,6,1.221
1319,NL_E_Demand,2030,7,7,7,1.221
1320,NL_E_Demand,2030,7,8,8,1.8869999999999998
1321,NL_E_Demand,2030,7,9,9,1.8869999999999998
1322,NL_E_Demand,2030,7,10,10,1.8869999999999998
1323,NL_E_Demand,2030,7,11,11,1.8869999999999998
1324,NL_E_Demand,2030,7,12,12,1.8869999999999998
1325,NL_E_Demand,2030,7,13,13,1.8869999999999998
1326,NL_E_Demand,2030,7,14,14,1.8869999999999998
1327,NL_E_Demand,2030,7,15,15,1.221
1328,NL_E_Demand,2030,7,16,16,1.221
1329,NL_E_Demand,2030,7,17,17,1.8869999999999998
1330,NL_E_Demand,2030,7,18,18,6.9264657056663035
1331,NL_E_Demand,2030,7,19,19,18.178731411332606
1332,NL_E_Demand,2030,7,20,20,1.8869999999999998
1333,NL_E_Demand,2030,7,21,21,1.221
1334,NL_E_Demand,2030,7,22,22,1.221
1335,NL_E_Demand,2030,7,23,23,0.6549
1336,NL_E_Demand,2030,7,24,24,0.6549
1337,NL_E_Demand,2030,8,1,1,0.062
1338,NL_E_Demand,2030,8,2,2,0.062
1339,NL_E_Demand,2030,8,3,3,0.062
1340,NL_E_Demand,2030,8,4,4,0.062
1341,NL_E_Demand,2030,8,5,5,0.062
1342,NL_E_Demand,2030,8,6,6,0.062
1343,NL_E_Demand,2030,8,7,7,0.062
1344,NL_E_Demand,2030,8,8,8,0.062
1345,NL_E_Demand,2030,8,9,9,0.062
1346,NL_E_Demand,2030,8,10,10,0.062
1347,NL_E_Demand,2030,8,11,11,0.062
1348,NL_E_Demand,2030,8,12,12,0.062
1349,NL_E_Demand,2030,8,13,13,0.062
1350,NL_E_Demand,2030,8,14,14,0.062
1351,NL_E_Demand,2030,8,15,15,0.062
1352,NL_E_Demand,2030,8,16,16,0.062
1353,NL_E_Demand,2030,8,17,17,0.062
1354,NL_E_Demand,2030,8,18,18,0.062
1355,NL_E_Demand,2030,8,19,19,0.062
1356,NL_E_Demand,2030,8,20,20,0.062
1357,NL_E_Demand,2030,8,21,21,0.062
1358,NL_E_Demand,2030,8,22,22,0.062
1359,NL_E_Demand,2030,8,23,23,0.062
1360,NL_E_Demand,2030,8,24,24,0.062
1361,NL_E_Demand,2030,9,1,1,0.08600000000000001
1362,NL_E_Demand,2030,9,2,2,0.08600000000000001
1363,NL_E_Demand,2030,9,3,3,0.08600000000000001
1364,NL_E_Demand,2030,9,4,4,0.08600000000000001
1365,NL_E_Demand,2030,9,5,5,0.08600000000000001
1366,NL_E_Demand,2030,9,6,6,0.08600000000000001
1367,NL_E_Demand,2030,9,7,7,0.08600000000000001
1368,NL_E_Demand,2030,9,8,8,0.08600000000000001
1369,NL_E_Demand,2030,9,9,9,0.08600000000000001
1370,NL_E_Demand,2030,9,10,10,0.08600000000000001
1371,NL_E_Demand,2030,9,11,11,0.08600000000000001
1372,NL_E_Demand,2030,9,12,12,1.419
1373,NL_E_Demand,2030,9,13,13,0.08600000000000001
1374,NL_E_Demand,2030,9,14,14,0.08600000000000001
1375,NL_E_Demand,2030,9,15,15,0.08600000000000001
1376,NL_E_Demand,2030,9,16,16,0.08600000000000001
1377,NL_E_Demand,2030,9,17,17,0.08600000000000001
1378,NL_E_Demand,2030,9,18,18,0.7611
1379,NL_E_Demand,2030,9,19,19,0.7611
1380,NL_E_Demand,2030,9,20,20,0.7611
1381,NL_E_Demand,2030,9,21,21,0.7611
1382,NL_E_Demand,2030,9,22,22,0.7611
1383,NL_E_Demand,2030,9,23,23,0.08600000000000001
1384,NL_E_Demand,2030,9,24,24,0.08600000000000001
1385,NL_E_Demand,2030,10,1,1,1.518
1386,NL_E_Demand,2030,10,2,2,1.518
1387,NL_E_Demand,2030,10,3,3,1.518
1388,NL_E_Demand,2030,10,4,4,1.518
1389,NL_E_Demand,2030,10,5,5,1.518
1390,NL_E_Demand,2030,10,6,6,1.518
1391,NL_E_Demand,2030,10,7,7,1.518
1392,NL_E_Demand,2030,10,8,8,1.518
1393,NL_E_Demand,2030,10,9,9,1.518
1394,NL_E_Demand,2030,10,10,10,1.518
1395,NL_E_Demand,2030,10,11,11,1.518
1396,NL_E_Demand,2030,10,12,12,1.518
1397,NL_E_Demand,2030,10,13,13,1.518
1398,NL_E_Demand,2030,10,14,14,1.518
1399,NL_E_Demand,2030,10,15,15,1.518
1400,NL_E_Demand,2030,10,16,16,2.3459999999999996
1401,NL_E_Demand,2030,10,17,17,2.3459999999999996
1402,NL_E_Demand,2030,10,18,18,4.1396999999999995
1403,NL_E_Demand,2030,10,19,19,2.3459999999999996
1404,NL_E_Demand,2030,10,20,20,2.3459999999999996
1405,NL_E_Demand,2030,10,21,21,1.518
1406,NL_E_Demand,2030,10,22,22,1.518
1407,NL_E_Demand,2030,10,23,23,0.8142
1408,NL_E_Demand,2030,10,24,24,0.8142
1409,UK_E_Demand,2030,1,1,1,0.106
1410,UK_E_Demand,2030,1,2,2,0.106
1411,UK_E_Demand,2030,1,3,3,0.106
1412,UK_E_Demand,2030,1,4,4,0.106
1413,UK_E_Demand,2030,1,5,5,0.106
1414,UK_E_Demand,2030,1,6,6,0.106
1415,UK_E_Demand,2030,1,7,7,0.106
1416,UK_E_Demand,2030,1,8,8,1.749
1417,UK_E_Demand,2030,1,9,9,1.749
1418,UK_E_Demand,2030,1,10,10,1.749
1419,UK_E_Demand,2030,1,11,11,1.749
1420,UK_E_Demand,2030,1,12,12,1.749
1421,UK_E_Demand,2030,1,13,13,1.749
1422,UK_E_Demand,2030,1,14,14,0.9381
1423,UK_E_Demand,2030,1,15,15,0.9381
1424,UK_E_Demand,2030,1,16,16,0.9381
1425,UK_E_Demand,2030,1,17,17,0.9381
1426,UK_E_Demand,2030,1,18,18,1.749
1427,UK_E_Demand,2030,1,19,19,0.9381
1428,UK_E_Demand,2030,1,20,20,0.9381
1429,UK_E_Demand,2030,1,21,21,0.9381
1430,UK_E_Demand,2030,1,22,22,0.106
1431,UK_E_Demand,2030,1,23,23,0.106
1432,UK_E_Demand,2030,1,24,24,0.106
1433,UK_E_Demand,2030,2,1,1,0.066
1434,UK_E_Demand,2030,2,2,2,0.066
1435,UK_E_Demand,2030,2,3,3,0.066
1436,UK_E_Demand,2030,2,4,4,0.066
1437,UK_E_Demand,2030,2,5,5,0.066
1438,UK_E_Demand,2030,2,6,6,0.066
1439,UK_E_Demand,2030,2,7,7,0.066
1440,UK_E_Demand,2030,2,8,8,0.066
1441,UK_E_Demand,2030,2,9,9,0.5841000000000001
1442,UK_E_Demand,2030,2,10,10,0.5841000000000001
1443,UK_E_Demand,2030,2,11,11,0.5841000000000001
1444,UK_E_Demand,2030,2,12,12,1.089
1445,UK_E_Demand,2030,2,13,13,1.089
1446,UK_E_Demand,2030,2,14,14,1.089
1447,UK_E_Demand,2030,2,15,15,1.089
1448,UK_E_Demand,2030,2,16,16,1.089
1449,UK_E_Demand,2030,2,17,17,1.089
1450,UK_E_Demand,2030,2,18,18,1.089
1451,UK_E_Demand,2030,2,19,19,1.089
1452,UK_E_Demand,2030,2,20,20,1.089
1453,UK_E_Demand,2030,2,21,21,0.5841000000000001
1454,UK_E_Demand,2030,2,22,22,0.5841000000000001
1455,UK_E_Demand,2030,2,23,23,0.066
1456,UK_E_Demand,2030,2,24,24,0.066
1457,UK_E_Demand,2030,3,1,1,0.058
1458,UK_E_Demand,2030,3,2,2,0.058
1459,UK_E_Demand,2030,3,3,3,0.058
1460,UK_E_Demand,2030,3,4,4,0.058
1461,UK_E_Demand,2030,3,5,5,0.058
1462,UK_E_Demand,2030,3,6,6,0.058
1463,UK_E_Demand,2030,3,7,7,0.058
1464,UK_E_Demand,2030,3,8,8,0.058
1465,UK_E_Demand,2030,3,9,9,0.058
1466,UK_E_Demand,2030,3,10,10,0.058
1467,UK_E_Demand,2030,3,11,11,0.058
1468,UK_E_Demand,2030,3,12,12,0.058
1469,UK_E_Demand,2030,3,13,13,0.058
1470,UK_E_Demand,2030,3,14,14,0.058
1471,UK_E_Demand,2030,3,15,15,0.058
1472,UK_E_Demand,2030,3,16,16,0.058
1473,UK_E_Demand,2030,3,17,17,0.058
1474,UK_E_Demand,2030,3,18,18,0.058
1475,UK_E_Demand,2030,3,19,19,0.058
1476,UK_E_Demand,2030,3,20,20,0.058
1477,UK_E_Demand,2030,3,21,21,0.058
1478,UK_E_Demand,2030,3,22,22,0.058
1479,UK_E_Demand,2030,3,23,23,0.058
1480,UK_E_Demand,2030,3,24,24,0.058
1481,UK_E_Demand,2030,4,1,1,0.046
1482,UK_E_Demand,2030,4,2,2,0.046
1483,UK_E_Demand,2030,4,3,3,0.046
1484,UK_E_Demand,2030,4,4,4,0.046
1485,UK_E_Demand,2030,4,5,5,0.046
1486,UK_E_Demand,2030,4,6,6,0.046
1487,UK_E_Demand,2030,4,7,7,0.046
1488,UK_E_Demand,2030,4,8,8,0.046
1489,UK_E_Demand,2030,4,9,9,0.046
1490,UK_E_Demand,2030,4,10,10,0.046
1491,UK_E_Demand,2030,4,11,11,0.046
1492,UK_E_Demand,2030,4,12,12,0.046
1493,UK_E_Demand,2030,4,13,13,0.046
1494,UK_E_Demand,2030,4,14,14,0.046
1495,UK_E_Demand,2030,4,15,15,0.046
1496,UK_E_Demand,2030,4,16,16,0.046
1497,UK_E_Demand,2030,4,17,17,0.046
1498,UK_E_Demand,2030,4,18,18,0.046
1499,UK_E_Demand,2030,4,19,19,0.046
1500,UK_E_Demand,2030,4,20,20,0.046
1501,UK_E_Demand,2030,4,21,21,0.046
1502,UK_E_Demand,2030,4,22,22,0.046
1503,UK_E_Demand,2030,4,23,23,0.046
1504,UK_E_Demand,2030,4,24,24,0.046
1505,UK_E_Demand,2030,5,1,1,0.10400000000000001
1506,UK_E_Demand,2030,5,2,2,0.10400000000000001
1507,UK_E_Demand,2030,5,3,3,0.10400000000000001
1508,UK_E_Demand,2030,5,4,4,0.10400000000000001
1509,UK_E_Demand,2030,5,5,5,0.10400000000000001
1510,UK_E_Demand,2030,5,6,6,0.10400000000000001
1511,UK_E_Demand,2030,5,7,7,0.10400000000000001
1512,UK_E_Demand,2030,5,8,8,0.10400000000000001
1513,UK_E_Demand,2030,5,9,9,0.10400000000000001
1514,UK_E_Demand,2030,5,10,10,0.10400000000000001
1515,UK_E_Demand,2030,5,11,11,0.10400000000000001
1516,UK_E_Demand,2030,5,12,12,0.10400000000000001
1517,UK_E_Demand,2030,5,13,13,0.10400000000000001
1518,UK_E_Demand,2030,5,14,14,0.10400000000000001
1519,UK_E_Demand,2030,5,15,15,0.10400000000000001
1520,UK_E_Demand,2030,5,16,16,0.10400000000000001
1521,UK_E_Demand,2030,5,17,17,0.10400000000000001
1522,UK_E_Demand,2030,5,18,18,0.10400000000000001
1523,UK_E_Demand,2030,5,19,19,0.10400000000000001
1524,UK_E_Demand,2030,5,20,20,0.10400000000000001
1525,UK_E_Demand,2030,5,21,21,0.10400000000000001
1526,UK_E_Demand,2030,5,22,22,0.10400000000000001
1527,UK_E_Demand,2030,5,23,23,0.10400000000000001
1528,UK_E_Demand,2030,5,24,24,0.10400000000000001
1529,UK_E_Demand,2030,6,1,1,0.036000000000000004
1530,UK_E_Demand,2030,6,2,2,0.036000000000000004
1531,UK_E_Demand,2030,6,3,3,0.036000000000000004
1532,UK_E_Demand,2030,6,4,4,0.036000000000000004
1533,UK_E_Demand,2030,6,5,5,0.036000000000000004
1534,UK_E_Demand,2030,6,6,6,0.036000000000000004
1535,UK_E_Demand,2030,6,7,7,0.036000000000000004
1536,UK_E_Demand,2030,6,8,8,0.036000000000000004
1537,UK_E_Demand,2030,6,9,9,0.3186
1538,UK_E_Demand,2030,6,10,10,0.3186
1539,UK_E_Demand,2030,6,11,11,0.3186
1540,UK_E_Demand,2030,6,12,12,0.3186
1541,UK_E_Demand,2030,6,13,13,0.3186
1542,UK_E_Demand,2030,6,14,14,0.036000000000000004
1543,UK_E_Demand,2030,6,15,15,0.036000000000000004
1544,UK_E_Demand,2030,6,16,16,0.036000000000000004
1545,UK_E_Demand,2030,6,17,17,0.036000000000000004
1546,UK_E_Demand,2030,6,18,18,0.036000000000000004
1547,UK_E_Demand,2030,6,19,19,0.036000000000000004
1548,UK_E_Demand,2030,6,20,20,0.036000000000000004
1549,UK_E_Demand,2030,6,21,21,0.036000000000000004
1550,UK_E_Demand,2030,6,22,22,0.036000000000000004
1551,UK_E_Demand,2030,6,23,23,0.036000000000000004
1552,UK_E_Demand,2030,6,24,24,0.036000000000000004
1553,UK_E_Demand,2030,7,1,1,0.074
1554,UK_E_Demand,2030,7,2,2,0.074
1555,UK_E_Demand,2030,7,3,3,0.074
1556,UK_E_Demand,2030,7,4,4,0.074
1557,UK_E_Demand,2030,7,5,5,0.074
1558,UK_E_Demand,2030,7,6,6,0.074
1559,UK_E_Demand,2030,7,7,7,1.221
1560,UK_E_Demand,2030,7,8,8,1.221
1561,UK_E_Demand,2030,7,9,9,1.8869999999999998
1562,UK_E_Demand,2030,7,10,10,1.8869999999999998
1563,UK_E_Demand,2030,7,11,11,1.8869999999999998
1564,UK_E_Demand,2030,7,12,12,1.8869999999999998
1565,UK_E_Demand,2030,7,13,13,1.8869999999999998
1566,UK_E_Demand,2030,7,14,14,1.8869999999999998
1567,UK_E_Demand,2030,7,15,15,1.221
1568,UK_E_Demand,2030,7,16,16,1.221
1569,UK_E_Demand,2030,7,17,17,1.8869999999999998
1570,UK_E_Demand,2030,7,18,18,6.9264657056663035
1571,UK_E_Demand,2030,7,19,19,18.178731411332606
1572,UK_E_Demand,2030,7,20,20,5.9476657056662985
1573,UK_E_Demand,2030,7,21,21,1.8869999999999998
1574,UK_E_Demand,2030,7,22,22,1.221
1575,UK_E_Demand,2030,7,23,23,0.074
1576,UK_E_Demand,2030,7,24,24,0.074
1577,UK_E_Demand,2030,8,1,1,0.062
1578,UK_E_Demand,2030,8,2,2,0.062
1579,UK_E_Demand,2030,8,3,3,0.062
1580,UK_E_Demand,2030,8,4,4,0.062
1581,UK_E_Demand,2030,8,5,5,0.062
1582,UK_E_Demand,2030,8,6,6,0.062
1583,UK_E_Demand,2030,8,7,7,0.062
1584,UK_E_Demand,2030,8,8,8,0.062
1585,UK_E_Demand,2030,8,9,9,0.062
1586,UK_E_Demand,2030,8,10,10,0.062
1587,UK_E_Demand,2030,8,11,11,0.062
1588,UK_E_Demand,2030,8,12,12,0.062
1589,UK_E_Demand,2030,8,13,13,0.062
1590,UK_E_Demand,2030,8,14,14,0.062
1591,UK_E_Demand,2030,8,15,15,0.062
1592,UK_E_Demand,2030,8,16,16,0.062
1593,UK_E_Demand,2030,8,17,17,0.062
1594,UK_E_Demand,2030,8,18,18,0.062
1595,UK_E_Demand,2030,8,19,19,0.062
1596,UK_E_Demand,2030,8,20,20,0.062
1597,UK_E_Demand,2030,8,21,21,0.062
1598,UK_E_Demand,2030,8,22,22,0.062
1599,UK_E_Demand,2030,8,23,23,0.062
1600,UK_E_Demand,2030,8,24,24,0.062
1601,UK_E_Demand,2030,9,1,1,0.08600000000000001
1602,UK_E_Demand,2030,9,2,2,0.08600000000000001
1603,UK_E_Demand,2030,9,3,3,0.08600000000000001
1604,UK_E_Demand,2030,9,4,4,0.08600000000000001
1605,UK_E_Demand,2030,9,5,5,0.08600000000000001
1606,UK_E_Demand,2030,9,6,6,0.08600000000000001
1607,UK_E_Demand,2030,9,7,7,0.08600000000000001
1608,UK_E_Demand,2030,9,8,8,0.08600000000000001
1609,UK_E_Demand,2030,9,9,9,0.08600000000000001
1610,UK_E_Demand,2030,9,10,10,0.08600000000000001
1611,UK_E_Demand,2030,9,11,11,0.08600000000000001
1612,UK_E_Demand,2030,9,12,12,1.419
1613,UK_E_Demand,2030,9,13,13,0.08600000000000001
1614,UK_E_Demand,2030,9,14,14,0.08600000000000001
1615,UK_E_Demand,2030,9,15,15,0.08600000000000001
1616,UK_E_Demand,2030,9,16,16,0.08600000000000001
1617,UK_E_Demand,2030,9,17,17,0.08600000000000001
1618,UK_E_Demand,2030,9,18,18,0.7611
1619,UK_E_Demand,2030,9,19,19,0.7611
1620,UK_E_Demand,2030,9,20,20,0.7611
1621,UK_E_Demand,2030,9,21,21,0.7611
1622,UK_E_Demand,2030,9,22,22,0.7611
1623,UK_E_Demand,2030,9,23,23,0.08600000000000001
1624,UK_E_Demand,2030,9,24,24,0.08600000000000001
1625,UK_E_Demand,2030,10,1,1,0.092
1626,UK_E_Demand,2030,10,2,2,0.092
1627,UK_E_Demand,2030,10,3,3,0.092
1628,UK_E_Demand,2030,10,4,4,0.092
1629,UK_E_Demand,2030,10,5,5,0.092
1630,UK_E_Demand,2030,10,6,6,0.092
1631,UK_E_Demand,2030,10,7,7,0.8142
1632,UK_E_Demand,2030,10,8,8,1.518
1633,UK_E_Demand,2030,10,9,9,1.518
1634,UK_E_Demand,2030,10,10,10,1.518
1635,UK_E_Demand,2030,10,11,11,1.518
1636,UK_E_Demand,2030,10,12,12,1.518
1637,UK_E_Demand,2030,10,13,13,1.518
1638,UK_E_Demand,2030,10,14,14,1.518
1639,UK_E_Demand,2030,10,15,15,1.518
1640,UK_E_Demand,2030,10,16,16,2.3459999999999996
1641,UK_E_Demand,2030,10,17,17,2.3459999999999996
1642,UK_E_Demand,2030,10,18,18,2.3459999999999996
1643,UK_E_Demand,2030,10,19,19,2.3459999999999996
1644,UK_E_Demand,2030,10,20,20,2.3459999999999996
1645,UK_E_Demand,2030,10,21,21,1.518
1646,UK_E_Demand,2030,10,22,22,1.518
1647,UK_E_Demand,2030,10,23,23,0.092
1648,UK_E_Demand,2030,10,24,24,0.092
1649,FR_E_Demand,2030,1,1,1,0.9381
1650,FR_E_Demand,2030,1,2,2,0.9381
1651,FR_E_Demand,2030,1,3,3,0.9381
1652,FR_E_Demand,2030,1,4,4,0.9381
1653,FR_E_Demand,2030,1,5,5,0.9381
1654,FR_E_Demand,2030,1,6,6,1.749
1655,FR_E_Demand,2030,1,7,7,1.749
1656,FR_E_Demand,2030,1,8,8,1.749
1657,FR_E_Demand,2030,1,9,9,1.749
1658,FR_E_Demand,2030,1,10,10,1.749
1659,FR_E_Demand,2030,1,11,11,1.749
1660,FR_E_Demand,2030,1,12,12,1.749
1661,FR_E_Demand,2030,1,13,13,1.749
1662,FR_E_Demand,2030,1,14,14,0.9381
1663,FR_E_Demand,2030,1,15,15,0.9381
1664,FR_E_Demand,2030,1,16,16,0.9381
1665,FR_E_Demand,2030,1,17,17,0.9381
1666,FR_E_Demand,2030,1,18,18,1.749
1667,FR_E_Demand,2030,1,19,19,1.749
1668,FR_E_Demand,2030,1,20,20,1.749
1669,FR_E_Demand,2030,1,21,21,2.703
1670,FR_E_Demand,2030,1,22,22,2.703
1671,FR_E_Demand,2030,1,23,23,2.703
1672,FR_E_Demand,2030,1,24,24,0.9381
1673,FR_E_Demand,2030,2,1,1,0.066
1674,FR_E_Demand,2030,2,2,2,0.066
1675,FR_E_Demand,2030,2,3,3,0.066
1676,FR_E_Demand,2030,2,4,4,0.066
1677,FR_E_Demand,2030,2,5,5,0.066
1678,FR_E_Demand,2030,2,6,6,0.066
1679,FR_E_Demand,2030,2,7,7,0.066
1680,FR_E_Demand,2030,2,8,8,0.066
