id,asset,year,rep_period,time_block_start,time_block_end,dual_max_output_flow_with_basic_unit_commitment
1,BE_CCGT,2030,1,1,6,0.0
2,BE_CCGT,2030,1,7,12,0.0
3,BE_CCGT,2030,1,13,18,0.0
4,BE_CCGT,2030,1,19,24,0.0
5,BE_CCGT,2030,2,1,6,0.0
6,BE_CCGT,2030,2,7,12,0.0
7,BE_CCGT,2030,2,13,18,0.0
8,BE_CCGT,2030,2,19,24,0.0
9,BE_CCGT,2030,3,1,6,0.0
10,BE_CCGT,2030,3,7,12,0.0
11,BE_CCGT,2030,3,13,18,0.0
12,BE_CCGT,2030,3,19,24,0.0
13,BE_CCGT,2030,4,1,6,0.0
14,BE_CCGT,2030,4,7,12,0.0
15,BE_CCGT,2030,4,13,18,0.0
16,BE_CCGT,2030,4,19,24,0.0
17,BE_CCGT,2030,5,1,6,0.0
18,BE_CCGT,2030,5,7,12,0.0
19,BE_CCGT,2030,5,13,18,0.0
20,BE_CCGT,2030,5,19,24,0.0
21,BE_CCGT,2030,6,1,6,0.0
22,BE_CCGT,2030,6,7,12,0.0
23,BE_CCGT,2030,6,13,18,0.0
24,BE_CCGT,2030,6,19,24,0.0
25,BE_CCGT,2030,7,1,6,0.0
26,BE_CCGT,2030,7,7,12,0.0
27,BE_CCGT,2030,7,13,18,0.0
28,BE_CCGT,2030,7,19,24,0.0
29,BE_CCGT,2030,8,1,6,0.0
30,BE_CCGT,2030,8,7,12,0.0
31,BE_CCGT,2030,8,13,18,0.0
32,BE_CCGT,2030,8,19,24,0.0
33,BE_CCGT,2030,9,1,6,0.0
34,BE_CCGT,2030,9,7,12,0.0
35,BE_CCGT,2030,9,13,18,0.0
36,BE_CCGT,2030,9,19,24,0.0
37,BE_CCGT,2030,10,1,6,0.0
38,BE_CCGT,2030,10,7,12,0.0
39,BE_CCGT,2030,10,13,18,0.0
40,BE_CCGT,2030,10,19,24,0.0
41,BE_Coal,2030,1,1,6,0.0
42,BE_Coal,2030,1,7,12,0.0
43,BE_Coal,2030,1,13,18,0.0
44,BE_Coal,2030,1,19,24,0.0
45,BE_Coal,2030,2,1,6,0.0
46,BE_Coal,2030,2,7,12,0.0
47,BE_Coal,2030,2,13,18,0.0
48,BE_Coal,2030,2,19,24,0.0
49,BE_Coal,2030,3,1,6,0.0
50,BE_Coal,2030,3,7,12,0.0
51,BE_Coal,2030,3,13,18,0.0
52,BE_Coal,2030,3,19,24,0.0
53,BE_Coal,2030,4,1,6,0.0
54,BE_Coal,2030,4,7,12,0.0
55,BE_Coal,2030,4,13,18,0.0
56,BE_Coal,2030,4,19,24,0.0
57,BE_Coal,2030,5,1,6,0.0
58,BE_Coal,2030,5,7,12,0.0
59,BE_Coal,2030,5,13,18,0.0
60,BE_Coal,2030,5,19,24,0.0
61,BE_Coal,2030,6,1,6,0.0
62,BE_Coal,2030,6,7,12,0.0
63,BE_Coal,2030,6,13,18,0.0
64,BE_Coal,2030,6,19,24,0.0
65,BE_Coal,2030,7,1,6,0.0
66,BE_Coal,2030,7,7,12,0.0
67,BE_Coal,2030,7,13,18,0.0
68,BE_Coal,2030,7,19,24,0.0
69,BE_Coal,2030,8,1,6,0.0
70,BE_Coal,2030,8,7,12,0.0
71,BE_Coal,2030,8,13,18,0.0
72,BE_Coal,2030,8,19,24,0.0
73,BE_Coal,2030,9,1,6,0.0
74,BE_Coal,2030,9,7,12,0.0
75,BE_Coal,2030,9,13,18,0.0
76,BE_Coal,2030,9,19,24,0.0
77,BE_Coal,2030,10,1,6,0.0
78,BE_Coal,2030,10,7,12,0.0
79,BE_Coal,2030,10,13,18,0.0
80,BE_Coal,2030,10,19,24,0.0
81,BE_Nuclear,2030,1,1,6,0.0
82,BE_Nuclear,2030,1,7,12,0.0
83,BE_Nuclear,2030,1,13,18,0.0
84,BE_Nuclear,2030,1,19,24,0.0
85,BE_Nuclear,2030,2,1,6,0.0
86,BE_Nuclear,2030,2,7,12,0.0
87,BE_Nuclear,2030,2,13,18,0.0
88,BE_Nuclear,2030,2,19,24,0.0
89,BE_Nuclear,2030,3,1,6,0.0
90,BE_Nuclear,2030,3,7,12,0.0
91,BE_Nuclear,2030,3,13,18,0.0
92,BE_Nuclear,2030,3,19,24,0.0
93,BE_Nuclear,2030,4,1,6,0.0
94,BE_Nuclear,2030,4,7,12,0.0
95,BE_Nuclear,2030,4,13,18,0.0
96,BE_Nuclear,2030,4,19,24,0.0
97,BE_Nuclear,2030,5,1,6,0.0
98,BE_Nuclear,2030,5,7,12,0.0
99,BE_Nuclear,2030,5,13,18,0.0
100,BE_Nuclear,2030,5,19,24,0.0
101,BE_Nuclear,2030,6,1,6,0.0
102,BE_Nuclear,2030,6,7,12,0.0
103,BE_Nuclear,2030,6,13,18,0.0
104,BE_Nuclear,2030,6,19,24,0.0
105,BE_Nuclear,2030,7,1,6,0.0
106,BE_Nuclear,2030,7,7,12,0.0
107,BE_Nuclear,2030,7,13,18,0.0
108,BE_Nuclear,2030,7,19,24,0.0
109,BE_Nuclear,2030,8,1,6,0.0
110,BE_Nuclear,2030,8,7,12,0.0
111,BE_Nuclear,2030,8,13,18,0.0
112,BE_Nuclear,2030,8,19,24,0.0
113,BE_Nuclear,2030,9,1,6,0.0
114,BE_Nuclear,2030,9,7,12,0.0
115,BE_Nuclear,2030,9,13,18,0.0
116,BE_Nuclear,2030,9,19,24,0.0
117,BE_Nuclear,2030,10,1,6,0.0
118,BE_Nuclear,2030,10,7,12,0.0
119,BE_Nuclear,2030,10,13,18,0.0
120,BE_Nuclear,2030,10,19,24,0.0
121,BE_OCGT,2030,1,1,6,0.0
122,BE_OCGT,2030,1,7,12,0.0
123,BE_OCGT,2030,1,13,18,0.0
124,BE_OCGT,2030,1,19,24,0.0
125,BE_OCGT,2030,2,1,6,0.0
126,BE_OCGT,2030,2,7,12,0.0
127,BE_OCGT,2030,2,13,18,0.0
128,BE_OCGT,2030,2,19,24,0.0
129,BE_OCGT,2030,3,1,6,0.0
130,BE_OCGT,2030,3,7,12,0.0
131,BE_OCGT,2030,3,13,18,0.0
132,BE_OCGT,2030,3,19,24,0.0
133,BE_OCGT,2030,4,1,6,0.0
134,BE_OCGT,2030,4,7,12,0.0
135,BE_OCGT,2030,4,13,18,0.0
136,BE_OCGT,2030,4,19,24,0.0
137,BE_OCGT,2030,5,1,6,0.0
138,BE_OCGT,2030,5,7,12,0.0
139,BE_OCGT,2030,5,13,18,0.0
140,BE_OCGT,2030,5,19,24,0.0
141,BE_OCGT,2030,6,1,6,0.0
142,BE_OCGT,2030,6,7,12,0.0
143,BE_OCGT,2030,6,13,18,0.0
144,BE_OCGT,2030,6,19,24,0.0
145,BE_OCGT,2030,7,1,6,0.0
146,BE_OCGT,2030,7,7,12,0.0
147,BE_OCGT,2030,7,13,18,0.0
148,BE_OCGT,2030,7,19,24,0.0
149,BE_OCGT,2030,8,1,6,0.0
150,BE_OCGT,2030,8,7,12,0.0
151,BE_OCGT,2030,8,13,18,0.0
152,BE_OCGT,2030,8,19,24,0.0
153,BE_OCGT,2030,9,1,6,0.0
154,BE_OCGT,2030,9,7,12,0.0
155,BE_OCGT,2030,9,13,18,0.0
156,BE_OCGT,2030,9,19,24,0.0
157,BE_OCGT,2030,10,1,6,0.0
158,BE_OCGT,2030,10,7,12,0.0
159,BE_OCGT,2030,10,13,18,0.0
160,BE_OCGT,2030,10,19,24,0.0
161,CH_CCGT,2030,1,1,6,0.0
162,CH_CCGT,2030,1,7,12,0.0
163,CH_CCGT,2030,1,13,18,0.0
164,CH_CCGT,2030,1,19,24,0.0
165,CH_CCGT,2030,2,1,6,0.0
166,CH_CCGT,2030,2,7,12,0.0
167,CH_CCGT,2030,2,13,18,0.0
168,CH_CCGT,2030,2,19,24,0.0
169,CH_CCGT,2030,3,1,6,0.0
170,CH_CCGT,2030,3,7,12,0.0
171,CH_CCGT,2030,3,13,18,0.0
172,CH_CCGT,2030,3,19,24,0.0
173,CH_CCGT,2030,4,1,6,0.0
174,CH_CCGT,2030,4,7,12,0.0
175,CH_CCGT,2030,4,13,18,0.0
176,CH_CCGT,2030,4,19,24,0.0
177,CH_CCGT,2030,5,1,6,0.0
178,CH_CCGT,2030,5,7,12,0.0
179,CH_CCGT,2030,5,13,18,0.0
180,CH_CCGT,2030,5,19,24,0.0
181,CH_CCGT,2030,6,1,6,0.0
182,CH_CCGT,2030,6,7,12,0.0
183,CH_CCGT,2030,6,13,18,0.0
184,CH_CCGT,2030,6,19,24,0.0
185,CH_CCGT,2030,7,1,6,0.0
186,CH_CCGT,2030,7,7,12,0.0
187,CH_CCGT,2030,7,13,18,0.0
188,CH_CCGT,2030,7,19,24,0.0
189,CH_CCGT,2030,8,1,6,0.0
190,CH_CCGT,2030,8,7,12,0.0
191,CH_CCGT,2030,8,13,18,0.0
192,CH_CCGT,2030,8,19,24,0.0
193,CH_CCGT,2030,9,1,6,0.0
194,CH_CCGT,2030,9,7,12,0.0
195,CH_CCGT,2030,9,13,18,0.0
196,CH_CCGT,2030,9,19,24,0.0
197,CH_CCGT,2030,10,1,6,0.0
198,CH_CCGT,2030,10,7,12,0.0
199,CH_CCGT,2030,10,13,18,0.0
200,CH_CCGT,2030,10,19,24,0.0
201,CH_Coal,2030,1,1,6,0.0
202,CH_Coal,2030,1,7,12,0.0
203,CH_Coal,2030,1,13,18,0.0
204,CH_Coal,2030,1,19,24,0.0
205,CH_Coal,2030,2,1,6,0.0
206,CH_Coal,2030,2,7,12,0.0
207,CH_Coal,2030,2,13,18,0.0
208,CH_Coal,2030,2,19,24,0.0
209,CH_Coal,2030,3,1,6,0.0
210,CH_Coal,2030,3,7,12,0.0
211,CH_Coal,2030,3,13,18,0.0
212,CH_Coal,2030,3,19,24,0.0
213,CH_Coal,2030,4,1,6,0.0
214,CH_Coal,2030,4,7,12,0.0
215,CH_Coal,2030,4,13,18,0.0
216,CH_Coal,2030,4,19,24,0.0
217,CH_Coal,2030,5,1,6,0.0
218,CH_Coal,2030,5,7,12,0.0
219,CH_Coal,2030,5,13,18,0.0
220,CH_Coal,2030,5,19,24,0.0
221,CH_Coal,2030,6,1,6,0.0
222,CH_Coal,2030,6,7,12,0.0
223,CH_Coal,2030,6,13,18,0.0
224,CH_Coal,2030,6,19,24,0.0
225,CH_Coal,2030,7,1,6,0.0
226,CH_Coal,2030,7,7,12,0.0
227,CH_Coal,2030,7,13,18,0.0
228,CH_Coal,2030,7,19,24,0.0
229,CH_Coal,2030,8,1,6,0.0
230,CH_Coal,2030,8,7,12,0.0
231,CH_Coal,2030,8,13,18,0.0
232,CH_Coal,2030,8,19,24,0.0
233,CH_Coal,2030,9,1,6,0.0
234,CH_Coal,2030,9,7,12,0.0
235,CH_Coal,2030,9,13,18,0.0
236,CH_Coal,2030,9,19,24,0.0
237,CH_Coal,2030,10,1,6,0.0
238,CH_Coal,2030,10,7,12,0.0
239,CH_Coal,2030,10,13,18,0.0
240,CH_Coal,2030,10,19,24,0.0
241,CH_Nuclear,2030,1,1,6,0.0
242,CH_Nuclear,2030,1,7,12,0.0
243,CH_Nuclear,2030,1,13,18,0.0
244,CH_Nuclear,2030,1,19,24,0.0
245,CH_Nuclear,2030,2,1,6,0.0
246,CH_Nuclear,2030,2,7,12,0.0
247,CH_Nuclear,2030,2,13,18,0.0
248,CH_Nuclear,2030,2,19,24,0.0
249,CH_Nuclear,2030,3,1,6,0.0
250,CH_Nuclear,2030,3,7,12,0.0
251,CH_Nuclear,2030,3,13,18,0.0
252,CH_Nuclear,2030,3,19,24,0.0
253,CH_Nuclear,2030,4,1,6,0.0
254,CH_Nuclear,2030,4,7,12,0.0
255,CH_Nuclear,2030,4,13,18,0.0
256,CH_Nuclear,2030,4,19,24,0.0
257,CH_Nuclear,2030,5,1,6,0.0
258,CH_Nuclear,2030,5,7,12,0.0
259,CH_Nuclear,2030,5,13,18,0.0
260,CH_Nuclear,2030,5,19,24,0.0
261,CH_Nuclear,2030,6,1,6,0.0
262,CH_Nuclear,2030,6,7,12,0.0
263,CH_Nuclear,2030,6,13,18,0.0
264,CH_Nuclear,2030,6,19,24,0.0
265,CH_Nuclear,2030,7,1,6,0.0
266,CH_Nuclear,2030,7,7,12,0.0
267,CH_Nuclear,2030,7,13,18,0.0
268,CH_Nuclear,2030,7,19,24,0.0
269,CH_Nuclear,2030,8,1,6,0.0
270,CH_Nuclear,2030,8,7,12,0.0
271,CH_Nuclear,2030,8,13,18,0.0
272,CH_Nuclear,2030,8,19,24,0.0
273,CH_Nuclear,2030,9,1,6,0.0
274,CH_Nuclear,2030,9,7,12,0.0
275,CH_Nuclear,2030,9,13,18,0.0
276,CH_Nuclear,2030,9,19,24,0.0
277,CH_Nuclear,2030,10,1,6,0.0
278,CH_Nuclear,2030,10,7,12,0.0
279,CH_Nuclear,2030,10,13,18,0.0
280,CH_Nuclear,2030,10,19,24,0.0
281,CH_OCGT,2030,1,1,6,0.0
282,CH_OCGT,2030,1,7,12,0.0
283,CH_OCGT,2030,1,13,18,0.0
284,CH_OCGT,2030,1,19,24,0.0
285,CH_OCGT,2030,2,1,6,0.0
286,CH_OCGT,2030,2,7,12,0.0
287,CH_OCGT,2030,2,13,18,0.0
288,CH_OCGT,2030,2,19,24,0.0
289,CH_OCGT,2030,3,1,6,0.0
290,CH_OCGT,2030,3,7,12,0.0
291,CH_OCGT,2030,3,13,18,0.0
292,CH_OCGT,2030,3,19,24,0.0
293,CH_OCGT,2030,4,1,6,0.0
294,CH_OCGT,2030,4,7,12,0.0
295,CH_OCGT,2030,4,13,18,0.0
296,CH_OCGT,2030,4,19,24,0.0
297,CH_OCGT,2030,5,1,6,0.0
298,CH_OCGT,2030,5,7,12,0.0
299,CH_OCGT,2030,5,13,18,0.0
300,CH_OCGT,2030,5,19,24,0.0
301,CH_OCGT,2030,6,1,6,0.0
302,CH_OCGT,2030,6,7,12,0.0
303,CH_OCGT,2030,6,13,18,0.0
304,CH_OCGT,2030,6,19,24,0.0
305,CH_OCGT,2030,7,1,6,0.0
306,CH_OCGT,2030,7,7,12,0.0
307,CH_OCGT,2030,7,13,18,0.0
308,CH_OCGT,2030,7,19,24,0.0
309,CH_OCGT,2030,8,1,6,0.0
310,CH_OCGT,2030,8,7,12,0.0
311,CH_OCGT,2030,8,13,18,0.0
312,CH_OCGT,2030,8,19,24,0.0
313,CH_OCGT,2030,9,1,6,0.0
314,CH_OCGT,2030,9,7,12,0.0
315,CH_OCGT,2030,9,13,18,0.0
316,CH_OCGT,2030,9,19,24,0.0
317,CH_OCGT,2030,10,1,6,0.0
318,CH_OCGT,2030,10,7,12,0.0
319,CH_OCGT,2030,10,13,18,0.0
320,CH_OCGT,2030,10,19,24,0.0
321,DE_CCGT,2030,1,1,6,0.0
322,DE_CCGT,2030,1,7,12,0.0
323,DE_CCGT,2030,1,13,18,0.0
324,DE_CCGT,2030,1,19,24,0.0
325,DE_CCGT,2030,2,1,6,0.0
326,DE_CCGT,2030,2,7,12,0.0
327,DE_CCGT,2030,2,13,18,0.0
328,DE_CCGT,2030,2,19,24,0.0
329,DE_CCGT,2030,3,1,6,0.0
330,DE_CCGT,2030,3,7,12,0.0
331,DE_CCGT,2030,3,13,18,0.0
332,DE_CCGT,2030,3,19,24,0.0
333,DE_CCGT,2030,4,1,6,0.0
334,DE_CCGT,2030,4,7,12,0.0
335,DE_CCGT,2030,4,13,18,0.0
336,DE_CCGT,2030,4,19,24,0.0
337,DE_CCGT,2030,5,1,6,0.0
338,DE_CCGT,2030,5,7,12,0.0
339,DE_CCGT,2030,5,13,18,0.0
340,DE_CCGT,2030,5,19,24,0.0
341,DE_CCGT,2030,6,1,6,0.0
342,DE_CCGT,2030,6,7,12,0.0
343,DE_CCGT,2030,6,13,18,0.0
344,DE_CCGT,2030,6,19,24,0.0
345,DE_CCGT,2030,7,1,6,0.0
346,DE_CCGT,2030,7,7,12,0.0
347,DE_CCGT,2030,7,13,18,0.0
348,DE_CCGT,2030,7,19,24,0.0
349,DE_CCGT,2030,8,1,6,0.0
350,DE_CCGT,2030,8,7,12,0.0
351,DE_CCGT,2030,8,13,18,0.0
352,DE_CCGT,2030,8,19,24,0.0
353,DE_CCGT,2030,9,1,6,0.0
354,DE_CCGT,2030,9,7,12,0.0
355,DE_CCGT,2030,9,13,18,0.0
356,DE_CCGT,2030,9,19,24,0.0
357,DE_CCGT,2030,10,1,6,0.0
358,DE_CCGT,2030,10,7,12,0.0
359,DE_CCGT,2030,10,13,18,0.0
360,DE_CCGT,2030,10,19,24,0.0
361,DE_Coal,2030,1,1,6,0.0
362,DE_Coal,2030,1,7,12,0.0
363,DE_Coal,2030,1,13,18,0.0
364,DE_Coal,2030,1,19,24,0.0
365,DE_Coal,2030,2,1,6,0.0
366,DE_Coal,2030,2,7,12,0.0
367,DE_Coal,2030,2,13,18,0.0
368,DE_Coal,2030,2,19,24,0.0
369,DE_Coal,2030,3,1,6,0.0
370,DE_Coal,2030,3,7,12,0.0
371,DE_Coal,2030,3,13,18,0.0
372,DE_Coal,2030,3,19,24,0.0
373,DE_Coal,2030,4,1,6,0.0
374,DE_Coal,2030,4,7,12,0.0
375,DE_Coal,2030,4,13,18,0.0
376,DE_Coal,2030,4,19,24,0.0
377,DE_Coal,2030,5,1,6,0.0
378,DE_Coal,2030,5,7,12,0.0
379,DE_Coal,2030,5,13,18,0.0
380,DE_Coal,2030,5,19,24,0.0
381,DE_Coal,2030,6,1,6,0.0
382,DE_Coal,2030,6,7,12,0.0
383,DE_Coal,2030,6,13,18,0.0
384,DE_Coal,2030,6,19,24,0.0
385,DE_Coal,2030,7,1,6,0.0
386,DE_Coal,2030,7,7,12,0.0
387,DE_Coal,2030,7,13,18,0.0
388,DE_Coal,2030,7,19,24,-3.3966000000000003
389,DE_Coal,2030,8,1,6,0.0
390,DE_Coal,2030,8,7,12,0.0
391,DE_Coal,2030,8,13,18,0.0
392,DE_Coal,2030,8,19,24,0.0
393,DE_Coal,2030,9,1,6,0.0
394,DE_Coal,2030,9,7,12,0.0
395,DE_Coal,2030,9,13,18,0.0
396,DE_Coal,2030,9,19,24,0.0
397,DE_Coal,2030,10,1,6,-9.190799999999996
398,DE_Coal,2030,10,7,12,-9.1908
399,DE_Coal,2030,10,13,18,-96.08195993966412
400,DE_Coal,2030,10,19,24,-4.2228
401,DE_Nuclear,2030,1,1,6,0.0
402,DE_Nuclear,2030,1,7,12,0.0
403,DE_Nuclear,2030,1,13,18,0.0
404,DE_Nuclear,2030,1,19,24,0.0
405,DE_Nuclear,2030,2,1,6,0.0
406,DE_Nuclear,2030,2,7,12,0.0
407,DE_Nuclear,2030,2,13,18,0.0
408,DE_Nuclear,2030,2,19,24,0.0
409,DE_Nuclear,2030,3,1,6,0.0
410,DE_Nuclear,2030,3,7,12,0.0
411,DE_Nuclear,2030,3,13,18,0.0
412,DE_Nuclear,2030,3,19,24,0.0
413,DE_Nuclear,2030,4,1,6,0.0
414,DE_Nuclear,2030,4,7,12,0.0
415,DE_Nuclear,2030,4,13,18,0.0
416,DE_Nuclear,2030,4,19,24,0.0
417,DE_Nuclear,2030,5,1,6,0.0
418,DE_Nuclear,2030,5,7,12,0.0
419,DE_Nuclear,2030,5,13,18,0.0
420,DE_Nuclear,2030,5,19,24,0.0
421,DE_Nuclear,2030,6,1,6,0.0
422,DE_Nuclear,2030,6,7,12,0.0
423,DE_Nuclear,2030,6,13,18,0.0
424,DE_Nuclear,2030,6,19,24,0.0
425,DE_Nuclear,2030,7,1,6,0.0
426,DE_Nuclear,2030,7,7,12,0.0
427,DE_Nuclear,2030,7,13,18,0.0
428,DE_Nuclear,2030,7,19,24,0.0
429,DE_Nuclear,2030,8,1,6,0.0
430,DE_Nuclear,2030,8,7,12,0.0
431,DE_Nuclear,2030,8,13,18,0.0
432,DE_Nuclear,2030,8,19,24,0.0
433,DE_Nuclear,2030,9,1,6,0.0
434,DE_Nuclear,2030,9,7,12,0.0
435,DE_Nuclear,2030,9,13,18,0.0
436,DE_Nuclear,2030,9,19,24,0.0
437,DE_Nuclear,2030,10,1,6,0.0
438,DE_Nuclear,2030,10,7,12,0.0
439,DE_Nuclear,2030,10,13,18,0.0
440,DE_Nuclear,2030,10,19,24,0.0
441,DE_OCGT,2030,1,1,6,0.0
442,DE_OCGT,2030,1,7,12,0.0
443,DE_OCGT,2030,1,13,18,0.0
444,DE_OCGT,2030,1,19,24,0.0
445,DE_OCGT,2030,2,1,6,0.0
446,DE_OCGT,2030,2,7,12,0.0
447,DE_OCGT,2030,2,13,18,0.0
448,DE_OCGT,2030,2,19,24,0.0
449,DE_OCGT,2030,3,1,6,0.0
450,DE_OCGT,2030,3,7,12,0.0
451,DE_OCGT,2030,3,13,18,0.0
452,DE_OCGT,2030,3,19,24,0.0
453,DE_OCGT,2030,4,1,6,0.0
454,DE_OCGT,2030,4,7,12,0.0
455,DE_OCGT,2030,4,13,18,0.0
456,DE_OCGT,2030,4,19,24,0.0
457,DE_OCGT,2030,5,1,6,0.0
458,DE_OCGT,2030,5,7,12,0.0
459,DE_OCGT,2030,5,13,18,0.0
460,DE_OCGT,2030,5,19,24,0.0
461,DE_OCGT,2030,6,1,6,0.0
462,DE_OCGT,2030,6,7,12,0.0
463,DE_OCGT,2030,6,13,18,0.0
464,DE_OCGT,2030,6,19,24,0.0
465,DE_OCGT,2030,7,1,6,0.0
466,DE_OCGT,2030,7,7,12,0.0
467,DE_OCGT,2030,7,13,18,0.0
468,DE_OCGT,2030,7,19,24,0.0
469,DE_OCGT,2030,8,1,6,0.0
470,DE_OCGT,2030,8,7,12,0.0
471,DE_OCGT,2030,8,13,18,0.0
472,DE_OCGT,2030,8,19,24,0.0
473,DE_OCGT,2030,9,1,6,0.0
474,DE_OCGT,2030,9,7,12,0.0
475,DE_OCGT,2030,9,13,18,0.0
476,DE_OCGT,2030,9,19,24,0.0
477,DE_OCGT,2030,10,1,6,0.0
478,DE_OCGT,2030,10,7,12,0.0
479,DE_OCGT,2030,10,13,18,0.0
480,DE_OCGT,2030,10,19,24,0.0
481,FR_CCGT,2030,1,1,6,0.0
482,FR_CCGT,2030,1,7,12,0.0
483,FR_CCGT,2030,1,13,18,0.0
484,FR_CCGT,2030,1,19,24,0.0
485,FR_CCGT,2030,2,1,6,0.0
486,FR_CCGT,2030,2,7,12,0.0
487,FR_CCGT,2030,2,13,18,0.0
488,FR_CCGT,2030,2,19,24,0.0
489,FR_CCGT,2030,3,1,6,0.0
490,FR_CCGT,2030,3,7,12,0.0
491,FR_CCGT,2030,3,13,18,0.0
492,FR_CCGT,2030,3,19,24,0.0
493,FR_CCGT,2030,4,1,6,0.0
494,FR_CCGT,2030,4,7,12,0.0
495,FR_CCGT,2030,4,13,18,0.0
496,FR_CCGT,2030,4,19,24,0.0
497,FR_CCGT,2030,5,1,6,0.0
498,FR_CCGT,2030,5,7,12,0.0
499,FR_CCGT,2030,5,13,18,0.0
500,FR_CCGT,2030,5,19,24,0.0
501,FR_CCGT,2030,6,1,6,0.0
502,FR_CCGT,2030,6,7,12,0.0
503,FR_CCGT,2030,6,13,18,0.0
504,FR_CCGT,2030,6,19,24,0.0
505,FR_CCGT,2030,7,1,6,0.0
506,FR_CCGT,2030,7,7,12,0.0
507,FR_CCGT,2030,7,13,18,0.0
508,FR_CCGT,2030,7,19,24,0.0
509,FR_CCGT,2030,8,1,6,0.0
510,FR_CCGT,2030,8,7,12,0.0
511,FR_CCGT,2030,8,13,18,0.0
512,FR_CCGT,2030,8,19,24,0.0
513,FR_CCGT,2030,9,1,6,0.0
514,FR_CCGT,2030,9,7,12,0.0
515,FR_CCGT,2030,9,13,18,0.0
516,FR_CCGT,2030,9,19,24,0.0
517,FR_CCGT,2030,10,1,6,0.0
518,FR_CCGT,2030,10,7,12,0.0
519,FR_CCGT,2030,10,13,18,0.0
520,FR_CCGT,2030,10,19,24,0.0
521,FR_Coal,2030,1,1,6,0.0
522,FR_Coal,2030,1,7,12,0.0
523,FR_Coal,2030,1,13,18,0.0
524,FR_Coal,2030,1,19,24,0.0
525,FR_Coal,2030,2,1,6,0.0
526,FR_Coal,2030,2,7,12,0.0
527,FR_Coal,2030,2,13,18,0.0
528,FR_Coal,2030,2,19,24,0.0
529,FR_Coal,2030,3,1,6,0.0
530,FR_Coal,2030,3,7,12,0.0
531,FR_Coal,2030,3,13,18,0.0
532,FR_Coal,2030,3,19,24,0.0
533,FR_Coal,2030,4,1,6,0.0
534,FR_Coal,2030,4,7,12,0.0
535,FR_Coal,2030,4,13,18,0.0
536,FR_Coal,2030,4,19,24,0.0
537,FR_Coal,2030,5,1,6,0.0
538,FR_Coal,2030,5,7,12,0.0
539,FR_Coal,2030,5,13,18,0.0
540,FR_Coal,2030,5,19,24,0.0
541,FR_Coal,2030,6,1,6,0.0
542,FR_Coal,2030,6,7,12,0.0
543,FR_Coal,2030,6,13,18,0.0
544,FR_Coal,2030,6,19,24,0.0
545,FR_Coal,2030,7,1,6,0.0
546,FR_Coal,2030,7,7,12,0.0
547,FR_Coal,2030,7,13,18,0.0
548,FR_Coal,2030,7,19,24,0.0
549,FR_Coal,2030,8,1,6,0.0
550,FR_Coal,2030,8,7,12,0.0
551,FR_Coal,2030,8,13,18,0.0
552,FR_Coal,2030,8,19,24,0.0
553,FR_Coal,2030,9,1,6,0.0
554,FR_Coal,2030,9,7,12,0.0
555,FR_Coal,2030,9,13,18,0.0
556,FR_Coal,2030,9,19,24,0.0
557,FR_Coal,2030,10,1,6,0.0
558,FR_Coal,2030,10,7,12,0.0
559,FR_Coal,2030,10,13,18,0.0
560,FR_Coal,2030,10,19,24,0.0
561,FR_Nuclear,2030,1,1,6,0.0
562,FR_Nuclear,2030,1,7,12,0.0
563,FR_Nuclear,2030,1,13,18,0.0
564,FR_Nuclear,2030,1,19,24,0.0
565,FR_Nuclear,2030,2,1,6,0.0
566,FR_Nuclear,2030,2,7,12,0.0
567,FR_Nuclear,2030,2,13,18,0.0
568,FR_Nuclear,2030,2,19,24,0.0
569,FR_Nuclear,2030,3,1,6,0.0
570,FR_Nuclear,2030,3,7,12,0.0
571,FR_Nuclear,2030,3,13,18,0.0
572,FR_Nuclear,2030,3,19,24,0.0
573,FR_Nuclear,2030,4,1,6,0.0
574,FR_Nuclear,2030,4,7,12,0.0
575,FR_Nuclear,2030,4,13,18,0.0
576,FR_Nuclear,2030,4,19,24,0.0
577,FR_Nuclear,2030,5,1,6,0.0
578,FR_Nuclear,2030,5,7,12,0.0
579,FR_Nuclear,2030,5,13,18,0.0
580,FR_Nuclear,2030,5,19,24,0.0
581,FR_Nuclear,2030,6,1,6,0.0
582,FR_Nuclear,2030,6,7,12,0.0
583,FR_Nuclear,2030,6,13,18,0.0
584,FR_Nuclear,2030,6,19,24,0.0
585,FR_Nuclear,2030,7,1,6,0.0
586,FR_Nuclear,2030,7,7,12,0.0
587,FR_Nuclear,2030,7,13,18,0.0
588,FR_Nuclear,2030,7,19,24,0.0
589,FR_Nuclear,2030,8,1,6,0.0
590,FR_Nuclear,2030,8,7,12,0.0
591,FR_Nuclear,2030,8,13,18,0.0
592,FR_Nuclear,2030,8,19,24,0.0
593,FR_Nuclear,2030,9,1,6,0.0
594,FR_Nuclear,2030,9,7,12,0.0
595,FR_Nuclear,2030,9,13,18,0.0
596,FR_Nuclear,2030,9,19,24,0.0
597,FR_Nuclear,2030,10,1,6,0.0
598,FR_Nuclear,2030,10,7,12,0.0
599,FR_Nuclear,2030,10,13,18,0.0
600,FR_Nuclear,2030,10,19,24,0.0
601,FR_OCGT,2030,1,1,6,0.0
602,FR_OCGT,2030,1,7,12,0.0
603,FR_OCGT,2030,1,13,18,0.0
604,FR_OCGT,2030,1,19,24,0.0
605,FR_OCGT,2030,2,1,6,0.0
606,FR_OCGT,2030,2,7,12,0.0
607,FR_OCGT,2030,2,13,18,0.0
608,FR_OCGT,2030,2,19,24,0.0
609,FR_OCGT,2030,3,1,6,0.0
610,FR_OCGT,2030,3,7,12,0.0
611,FR_OCGT,2030,3,13,18,0.0
612,FR_OCGT,2030,3,19,24,0.0
613,FR_OCGT,2030,4,1,6,0.0
614,FR_OCGT,2030,4,7,12,0.0
615,FR_OCGT,2030,4,13,18,0.0
616,FR_OCGT,2030,4,19,24,0.0
617,FR_OCGT,2030,5,1,6,0.0
618,FR_OCGT,2030,5,7,12,0.0
619,FR_OCGT,2030,5,13,18,0.0
620,FR_OCGT,2030,5,19,24,0.0
621,FR_OCGT,2030,6,1,6,0.0
622,FR_OCGT,2030,6,7,12,0.0
623,FR_OCGT,2030,6,13,18,0.0
624,FR_OCGT,2030,6,19,24,0.0
625,FR_OCGT,2030,7,1,6,0.0
626,FR_OCGT,2030,7,7,12,0.0
627,FR_OCGT,2030,7,13,18,0.0
628,FR_OCGT,2030,7,19,24,0.0
629,FR_OCGT,2030,8,1,6,0.0
630,FR_OCGT,2030,8,7,12,0.0
631,FR_OCGT,2030,8,13,18,0.0
632,FR_OCGT,2030,8,19,24,0.0
633,FR_OCGT,2030,9,1,6,0.0
634,FR_OCGT,2030,9,7,12,0.0
635,FR_OCGT,2030,9,13,18,0.0
636,FR_OCGT,2030,9,19,24,0.0
637,FR_OCGT,2030,10,1,6,0.0
638,FR_OCGT,2030,10,7,12,0.0
639,FR_OCGT,2030,10,13,18,0.0
640,FR_OCGT,2030,10,19,24,0.0
641,LU_CCGT,2030,1,1,6,0.0
642,LU_CCGT,2030,1,7,12,0.0
643,LU_CCGT,2030,1,13,18,0.0
644,LU_CCGT,2030,1,19,24,0.0
645,LU_CCGT,2030,2,1,6,0.0
646,LU_CCGT,2030,2,7,12,0.0
647,LU_CCGT,2030,2,13,18,0.0
648,LU_CCGT,2030,2,19,24,0.0
649,LU_CCGT,2030,3,1,6,0.0
650,LU_CCGT,2030,3,7,12,0.0
651,LU_CCGT,2030,3,13,18,0.0
652,LU_CCGT,2030,3,19,24,0.0
653,LU_CCGT,2030,4,1,6,0.0
654,LU_CCGT,2030,4,7,12,0.0
655,LU_CCGT,2030,4,13,18,0.0
656,LU_CCGT,2030,4,19,24,0.0
657,LU_CCGT,2030,5,1,6,0.0
658,LU_CCGT,2030,5,7,12,0.0
659,LU_CCGT,2030,5,13,18,0.0
660,LU_CCGT,2030,5,19,24,0.0
661,LU_CCGT,2030,6,1,6,0.0
662,LU_CCGT,2030,6,7,12,0.0
663,LU_CCGT,2030,6,13,18,0.0
664,LU_CCGT,2030,6,19,24,0.0
665,LU_CCGT,2030,7,1,6,0.0
666,LU_CCGT,2030,7,7,12,0.0
667,LU_CCGT,2030,7,13,18,0.0
668,LU_CCGT,2030,7,19,24,0.0
669,LU_CCGT,2030,8,1,6,0.0
670,LU_CCGT,2030,8,7,12,0.0
671,LU_CCGT,2030,8,13,18,0.0
672,LU_CCGT,2030,8,19,24,0.0
673,LU_CCGT,2030,9,1,6,0.0
674,LU_CCGT,2030,9,7,12,0.0
675,LU_CCGT,2030,9,13,18,0.0
676,LU_CCGT,2030,9,19,24,0.0
677,LU_CCGT,2030,10,1,6,0.0
678,LU_CCGT,2030,10,7,12,0.0
679,LU_CCGT,2030,10,13,18,0.0
680,LU_CCGT,2030,10,19,24,0.0
681,LU_Coal,2030,1,1,6,0.0
682,LU_Coal,2030,1,7,12,0.0
683,LU_Coal,2030,1,13,18,0.0
684,LU_Coal,2030,1,19,24,0.0
685,LU_Coal,2030,2,1,6,0.0
686,LU_Coal,2030,2,7,12,0.0
687,LU_Coal,2030,2,13,18,0.0
688,LU_Coal,2030,2,19,24,0.0
689,LU_Coal,2030,3,1,6,0.0
690,LU_Coal,2030,3,7,12,0.0
691,LU_Coal,2030,3,13,18,0.0
692,LU_Coal,2030,3,19,24,0.0
693,LU_Coal,2030,4,1,6,0.0
694,LU_Coal,2030,4,7,12,0.0
695,LU_Coal,2030,4,13,18,0.0
696,LU_Coal,2030,4,19,24,0.0
697,LU_Coal,2030,5,1,6,0.0
698,LU_Coal,2030,5,7,12,0.0
699,LU_Coal,2030,5,13,18,0.0
700,LU_Coal,2030,5,19,24,0.0
701,LU_Coal,2030,6,1,6,0.0
702,LU_Coal,2030,6,7,12,0.0
703,LU_Coal,2030,6,13,18,0.0
704,LU_Coal,2030,6,19,24,0.0
705,LU_Coal,2030,7,1,6,0.0
706,LU_Coal,2030,7,7,12,0.0
707,LU_Coal,2030,7,13,18,0.0
708,LU_Coal,2030,7,19,24,0.0
709,LU_Coal,2030,8,1,6,0.0
710,LU_Coal,2030,8,7,12,0.0
711,LU_Coal,2030,8,13,18,0.0
712,LU_Coal,2030,8,19,24,0.0
713,LU_Coal,2030,9,1,6,0.0
714,LU_Coal,2030,9,7,12,0.0
715,LU_Coal,2030,9,13,18,0.0
716,LU_Coal,2030,9,19,24,0.0
717,LU_Coal,2030,10,1,6,0.0
718,LU_Coal,2030,10,7,12,0.0
719,LU_Coal,2030,10,13,18,0.0
720,LU_Coal,2030,10,19,24,0.0
721,LU_Nuclear,2030,1,1,6,0.0
722,LU_Nuclear,2030,1,7,12,0.0
723,LU_Nuclear,2030,1,13,18,0.0
724,LU_Nuclear,2030,1,19,24,0.0
725,LU_Nuclear,2030,2,1,6,0.0
726,LU_Nuclear,2030,2,7,12,0.0
727,LU_Nuclear,2030,2,13,18,0.0
728,LU_Nuclear,2030,2,19,24,0.0
729,LU_Nuclear,2030,3,1,6,0.0
730,LU_Nuclear,2030,3,7,12,0.0
731,LU_Nuclear,2030,3,13,18,0.0
732,LU_Nuclear,2030,3,19,24,0.0
733,LU_Nuclear,2030,4,1,6,0.0
734,LU_Nuclear,2030,4,7,12,0.0
735,LU_Nuclear,2030,4,13,18,0.0
736,LU_Nuclear,2030,4,19,24,0.0
737,LU_Nuclear,2030,5,1,6,0.0
738,LU_Nuclear,2030,5,7,12,0.0
739,LU_Nuclear,2030,5,13,18,0.0
740,LU_Nuclear,2030,5,19,24,0.0
741,LU_Nuclear,2030,6,1,6,0.0
742,LU_Nuclear,2030,6,7,12,0.0
743,LU_Nuclear,2030,6,13,18,0.0
744,LU_Nuclear,2030,6,19,24,0.0
745,LU_Nuclear,2030,7,1,6,0.0
746,LU_Nuclear,2030,7,7,12,0.0
747,LU_Nuclear,2030,7,13,18,0.0
748,LU_Nuclear,2030,7,19,24,0.0
749,LU_Nuclear,2030,8,1,6,0.0
750,LU_Nuclear,2030,8,7,12,0.0
751,LU_Nuclear,2030,8,13,18,0.0
752,LU_Nuclear,2030,8,19,24,0.0
753,LU_Nuclear,2030,9,1,6,0.0
754,LU_Nuclear,2030,9,7,12,0.0
755,LU_Nuclear,2030,9,13,18,0.0
756,LU_Nuclear,2030,9,19,24,0.0
757,LU_Nuclear,2030,10,1,6,0.0
758,LU_Nuclear,2030,10,7,12,0.0
759,LU_Nuclear,2030,10,13,18,0.0
760,LU_Nuclear,2030,10,19,24,0.0
761,LU_OCGT,2030,1,1,6,0.0
762,LU_OCGT,2030,1,7,12,0.0
763,LU_OCGT,2030,1,13,18,0.0
764,LU_OCGT,2030,1,19,24,0.0
765,LU_OCGT,2030,2,1,6,0.0
766,LU_OCGT,2030,2,7,12,0.0
767,LU_OCGT,2030,2,13,18,0.0
768,LU_OCGT,2030,2,19,24,0.0
769,LU_OCGT,2030,3,1,6,0.0
770,LU_OCGT,2030,3,7,12,0.0
771,LU_OCGT,2030,3,13,18,0.0
772,LU_OCGT,2030,3,19,24,0.0
773,LU_OCGT,2030,4,1,6,0.0
774,LU_OCGT,2030,4,7,12,0.0
775,LU_OCGT,2030,4,13,18,0.0
776,LU_OCGT,2030,4,19,24,0.0
777,LU_OCGT,2030,5,1,6,0.0
778,LU_OCGT,2030,5,7,12,0.0
779,LU_OCGT,2030,5,13,18,0.0
780,LU_OCGT,2030,5,19,24,0.0
781,LU_OCGT,2030,6,1,6,0.0
782,LU_OCGT,2030,6,7,12,0.0
783,LU_OCGT,2030,6,13,18,0.0
784,LU_OCGT,2030,6,19,24,0.0
785,LU_OCGT,2030,7,1,6,0.0
786,LU_OCGT,2030,7,7,12,0.0
787,LU_OCGT,2030,7,13,18,0.0
788,LU_OCGT,2030,7,19,24,0.0
789,LU_OCGT,2030,8,1,6,0.0
790,LU_OCGT,2030,8,7,12,0.0
791,LU_OCGT,2030,8,13,18,0.0
792,LU_OCGT,2030,8,19,24,0.0
793,LU_OCGT,2030,9,1,6,0.0
794,LU_OCGT,2030,9,7,12,0.0
795,LU_OCGT,2030,9,13,18,0.0
796,LU_OCGT,2030,9,19,24,0.0
797,LU_OCGT,2030,10,1,6,0.0
798,LU_OCGT,2030,10,7,12,0.0
799,LU_OCGT,2030,10,13,18,0.0
800,LU_OCGT,2030,10,19,24,0.0
801,NL_CCGT,2030,1,1,6,0.0
802,NL_CCGT,2030,1,7,12,0.0
803,NL_CCGT,2030,1,13,18,0.0
804,NL_CCGT,2030,1,19,24,0.0
805,NL_CCGT,2030,2,1,6,0.0
806,NL_CCGT,2030,2,7,12,0.0
807,NL_CCGT,2030,2,13,18,0.0
808,NL_CCGT,2030,2,19,24,0.0
809,NL_CCGT,2030,3,1,6,0.0
810,NL_CCGT,2030,3,7,12,0.0
811,NL_CCGT,2030,3,13,18,0.0
812,NL_CCGT,2030,3,19,24,0.0
813,NL_CCGT,2030,4,1,6,0.0
814,NL_CCGT,2030,4,7,12,0.0
815,NL_CCGT,2030,4,13,18,0.0
816,NL_CCGT,2030,4,19,24,0.0
817,NL_CCGT,2030,5,1,6,0.0
818,NL_CCGT,2030,5,7,12,0.0
819,NL_CCGT,2030,5,13,18,0.0
820,NL_CCGT,2030,5,19,24,0.0
821,NL_CCGT,2030,6,1,6,0.0
822,NL_CCGT,2030,6,7,12,0.0
823,NL_CCGT,2030,6,13,18,0.0
824,NL_CCGT,2030,6,19,24,0.0
825,NL_CCGT,2030,7,1,6,0.0
826,NL_CCGT,2030,7,7,12,0.0
827,NL_CCGT,2030,7,13,18,0.0
828,NL_CCGT,2030,7,19,24,0.0
829,NL_CCGT,2030,8,1,6,0.0
830,NL_CCGT,2030,8,7,12,0.0
831,NL_CCGT,2030,8,13,18,0.0
832,NL_CCGT,2030,8,19,24,0.0
833,NL_CCGT,2030,9,1,6,0.0
834,NL_CCGT,2030,9,7,12,0.0
835,NL_CCGT,2030,9,13,18,0.0
836,NL_CCGT,2030,9,19,24,0.0
837,NL_CCGT,2030,10,1,6,0.0
838,NL_CCGT,2030,10,7,12,0.0
839,NL_CCGT,2030,10,13,18,0.0
840,NL_CCGT,2030,10,19,24,0.0
841,NL_Coal,2030,1,1,6,0.0
842,NL_Coal,2030,1,7,12,0.0
843,NL_Coal,2030,1,13,18,0.0
844,NL_Coal,2030,1,19,24,0.0
845,NL_Coal,2030,2,1,6,0.0
846,NL_Coal,2030,2,7,12,0.0
847,NL_Coal,2030,2,13,18,0.0
848,NL_Coal,2030,2,19,24,0.0
849,NL_Coal,2030,3,1,6,0.0
850,NL_Coal,2030,3,7,12,0.0
851,NL_Coal,2030,3,13,18,0.0
852,NL_Coal,2030,3,19,24,0.0
853,NL_Coal,2030,4,1,6,0.0
854,NL_Coal,2030,4,7,12,0.0
855,NL_Coal,2030,4,13,18,0.0
856,NL_Coal,2030,4,19,24,0.0
857,NL_Coal,2030,5,1,6,0.0
858,NL_Coal,2030,5,7,12,0.0
859,NL_Coal,2030,5,13,18,0.0
860,NL_Coal,2030,5,19,24,0.0
861,NL_Coal,2030,6,1,6,0.0
862,NL_Coal,2030,6,7,12,0.0
863,NL_Coal,2030,6,13,18,0.0
864,NL_Coal,2030,6,19,24,0.0
865,NL_Coal,2030,7,1,6,0.0
866,NL_Coal,2030,7,7,12,0.0
867,NL_Coal,2030,7,13,18,0.0
868,NL_Coal,2030,7,19,24,0.0
869,NL_Coal,2030,8,1,6,0.0
870,NL_Coal,2030,8,7,12,0.0
871,NL_Coal,2030,8,13,18,0.0
872,NL_Coal,2030,8,19,24,0.0
873,NL_Coal,2030,9,1,6,0.0
874,NL_Coal,2030,9,7,12,0.0
875,NL_Coal,2030,9,13,18,0.0
876,NL_Coal,2030,9,19,24,0.0
877,NL_Coal,2030,10,1,6,0.0
878,NL_Coal,2030,10,7,12,0.0
879,NL_Coal,2030,10,13,18,0.0
880,NL_Coal,2030,10,19,24,0.0
881,NL_Nuclear,2030,1,1,6,0.0
882,NL_Nuclear,2030,1,7,12,0.0
883,NL_Nuclear,2030,1,13,18,0.0
884,NL_Nuclear,2030,1,19,24,0.0
885,NL_Nuclear,2030,2,1,6,0.0
886,NL_Nuclear,2030,2,7,12,0.0
887,NL_Nuclear,2030,2,13,18,0.0
888,NL_Nuclear,2030,2,19,24,0.0
889,NL_Nuclear,2030,3,1,6,0.0
890,NL_Nuclear,2030,3,7,12,0.0
891,NL_Nuclear,2030,3,13,18,0.0
892,NL_Nuclear,2030,3,19,24,0.0
893,NL_Nuclear,2030,4,1,6,0.0
894,NL_Nuclear,2030,4,7,12,0.0
895,NL_Nuclear,2030,4,13,18,0.0
896,NL_Nuclear,2030,4,19,24,0.0
897,NL_Nuclear,2030,5,1,6,0.0
898,NL_Nuclear,2030,5,7,12,0.0
899,NL_Nuclear,2030,5,13,18,0.0
900,NL_Nuclear,2030,5,19,24,0.0
901,NL_Nuclear,2030,6,1,6,0.0
902,NL_Nuclear,2030,6,7,12,0.0
903,NL_Nuclear,2030,6,13,18,0.0
904,NL_Nuclear,2030,6,19,24,0.0
905,NL_Nuclear,2030,7,1,6,0.0
906,NL_Nuclear,2030,7,7,12,0.0
907,NL_Nuclear,2030,7,13,18,0.0
908,NL_Nuclear,2030,7,19,24,0.0
909,NL_Nuclear,2030,8,1,6,0.0
910,NL_Nuclear,2030,8,7,12,0.0
911,NL_Nuclear,2030,8,13,18,0.0
912,NL_Nuclear,2030,8,19,24,0.0
913,NL_Nuclear,2030,9,1,6,0.0
914,NL_Nuclear,2030,9,7,12,0.0
915,NL_Nuclear,2030,9,13,18,0.0
916,NL_Nuclear,2030,9,19,24,0.0
917,NL_Nuclear,2030,10,1,6,0.0
918,NL_Nuclear,2030,10,7,12,0.0
919,NL_Nuclear,2030,10,13,18,0.0
920,NL_Nuclear,2030,10,19,24,0.0
921,NL_OCGT,2030,1,1,6,0.0
922,NL_OCGT,2030,1,7,12,0.0
923,NL_OCGT,2030,1,13,18,0.0
924,NL_OCGT,2030,1,19,24,0.0
925,NL_OCGT,2030,2,1,6,0.0
926,NL_OCGT,2030,2,7,12,0.0
927,NL_OCGT,2030,2,13,18,0.0
928,NL_OCGT,2030,2,19,24,0.0
929,NL_OCGT,2030,3,1,6,0.0
930,NL_OCGT,2030,3,7,12,0.0
931,NL_OCGT,2030,3,13,18,0.0
932,NL_OCGT,2030,3,19,24,0.0
933,NL_OCGT,2030,4,1,6,0.0
934,NL_OCGT,2030,4,7,12,0.0
935,NL_OCGT,2030,4,13,18,0.0
936,NL_OCGT,2030,4,19,24,0.0
937,NL_OCGT,2030,5,1,6,0.0
938,NL_OCGT,2030,5,7,12,0.0
939,NL_OCGT,2030,5,13,18,0.0
940,NL_OCGT,2030,5,19,24,0.0
941,NL_OCGT,2030,6,1,6,0.0
942,NL_OCGT,2030,6,7,12,0.0
943,NL_OCGT,2030,6,13,18,0.0
944,NL_OCGT,2030,6,19,24,0.0
945,NL_OCGT,2030,7,1,6,0.0
946,NL_OCGT,2030,7,7,12,0.0
947,NL_OCGT,2030,7,13,18,0.0
948,NL_OCGT,2030,7,19,24,0.0
949,NL_OCGT,2030,8,1,6,0.0
950,NL_OCGT,2030,8,7,12,0.0
951,NL_OCGT,2030,8,13,18,0.0
952,NL_OCGT,2030,8,19,24,0.0
953,NL_OCGT,2030,9,1,6,0.0
954,NL_OCGT,2030,9,7,12,0.0
955,NL_OCGT,2030,9,13,18,0.0
956,NL_OCGT,2030,9,19,24,0.0
957,NL_OCGT,2030,10,1,6,0.0
958,NL_OCGT,2030,10,7,12,0.0
959,NL_OCGT,2030,10,13,18,0.0
960,NL_OCGT,2030,10,19,24,0.0
961,UK_CCGT,2030,1,1,6,0.0
962,UK_CCGT,2030,1,7,12,0.0
963,UK_CCGT,2030,1,13,18,0.0
964,UK_CCGT,2030,1,19,24,0.0
965,UK_CCGT,2030,2,1,6,0.0
966,UK_CCGT,2030,2,7,12,0.0
967,UK_CCGT,2030,2,13,18,0.0
968,UK_CCGT,2030,2,19,24,0.0
969,UK_CCGT,2030,3,1,6,0.0
970,UK_CCGT,2030,3,7,12,0.0
971,UK_CCGT,2030,3,13,18,0.0
972,UK_CCGT,2030,3,19,24,0.0
973,UK_CCGT,2030,4,1,6,0.0
974,UK_CCGT,2030,4,7,12,0.0
975,UK_CCGT,2030,4,13,18,0.0
976,UK_CCGT,2030,4,19,24,0.0
977,UK_CCGT,2030,5,1,6,0.0
978,UK_CCGT,2030,5,7,12,0.0
979,UK_CCGT,2030,5,13,18,0.0
980,UK_CCGT,2030,5,19,24,0.0
981,UK_CCGT,2030,6,1,6,0.0
982,UK_CCGT,2030,6,7,12,0.0
983,UK_CCGT,2030,6,13,18,0.0
984,UK_CCGT,2030,6,19,24,0.0
985,UK_CCGT,2030,7,1,6,0.0
986,UK_CCGT,2030,7,7,12,0.0
987,UK_CCGT,2030,7,13,18,0.0
988,UK_CCGT,2030,7,19,24,0.0
989,UK_CCGT,2030,8,1,6,0.0
990,UK_CCGT,2030,8,7,12,0.0
991,UK_CCGT,2030,8,13,18,0.0
992,UK_CCGT,2030,8,19,24,0.0
993,UK_CCGT,2030,9,1,6,0.0
994,UK_CCGT,2030,9,7,12,0.0
995,UK_CCGT,2030,9,13,18,0.0
996,UK_CCGT,2030,9,19,24,0.0
997,UK_CCGT,2030,10,1,6,0.0
998,UK_CCGT,2030,10,7,12,0.0
999,UK_CCGT,2030,10,13,18,0.0
1000,UK_CCGT,2030,10,19,24,0.0
1001,UK_Coal,2030,1,1,6,0.0
1002,UK_Coal,2030,1,7,12,0.0
1003,UK_Coal,2030,1,13,18,0.0
1004,UK_Coal,2030,1,19,24,0.0
1005,UK_Coal,2030,2,1,6,0.0
1006,UK_Coal,2030,2,7,12,0.0
1007,UK_Coal,2030,2,13,18,0.0
1008,UK_Coal,2030,2,19,24,0.0
1009,UK_Coal,2030,3,1,6,0.0
1010,UK_Coal,2030,3,7,12,0.0
1011,UK_Coal,2030,3,13,18,0.0
1012,UK_Coal,2030,3,19,24,0.0
1013,UK_Coal,2030,4,1,6,0.0
1014,UK_Coal,2030,4,7,12,0.0
1015,UK_Coal,2030,4,13,18,0.0
1016,UK_Coal,2030,4,19,24,0.0
1017,UK_Coal,2030,5,1,6,0.0
1018,UK_Coal,2030,5,7,12,0.0
1019,UK_Coal,2030,5,13,18,0.0
1020,UK_Coal,2030,5,19,24,0.0
1021,UK_Coal,2030,6,1,6,0.0
1022,UK_Coal,2030,6,7,12,0.0
1023,UK_Coal,2030,6,13,18,0.0
1024,UK_Coal,2030,6,19,24,0.0
1025,UK_Coal,2030,7,1,6,0.0
1026,UK_Coal,2030,7,7,12,0.0
1027,UK_Coal,2030,7,13,18,0.0
1028,UK_Coal,2030,7,19,24,0.0
1029,UK_Coal,2030,8,1,6,0.0
1030,UK_Coal,2030,8,7,12,0.0
1031,UK_Coal,2030,8,13,18,0.0
1032,UK_Coal,2030,8,19,24,0.0
1033,UK_Coal,2030,9,1,6,0.0
1034,UK_Coal,2030,9,7,12,0.0
1035,UK_Coal,2030,9,13,18,0.0
1036,UK_Coal,2030,9,19,24,0.0
1037,UK_Coal,2030,10,1,6,0.0
1038,UK_Coal,2030,10,7,12,0.0
1039,UK_Coal,2030,10,13,18,0.0
1040,UK_Coal,2030,10,19,24,0.0
1041,UK_Nuclear,2030,1,1,6,0.0
1042,UK_Nuclear,2030,1,7,12,0.0
1043,UK_Nuclear,2030,1,13,18,0.0
1044,UK_Nuclear,2030,1,19,24,0.0
1045,UK_Nuclear,2030,2,1,6,0.0
1046,UK_Nuclear,2030,2,7,12,0.0
1047,UK_Nuclear,2030,2,13,18,0.0
1048,UK_Nuclear,2030,2,19,24,0.0
1049,UK_Nuclear,2030,3,1,6,0.0
1050,UK_Nuclear,2030,3,7,12,0.0
1051,UK_Nuclear,2030,3,13,18,0.0
1052,UK_Nuclear,2030,3,19,24,0.0
1053,UK_Nuclear,2030,4,1,6,0.0
1054,UK_Nuclear,2030,4,7,12,0.0
1055,UK_Nuclear,2030,4,13,18,0.0
1056,UK_Nuclear,2030,4,19,24,0.0
1057,UK_Nuclear,2030,5,1,6,0.0
1058,UK_Nuclear,2030,5,7,12,0.0
1059,UK_Nuclear,2030,5,13,18,0.0
1060,UK_Nuclear,2030,5,19,24,0.0
1061,UK_Nuclear,2030,6,1,6,0.0
1062,UK_Nuclear,2030,6,7,12,0.0
1063,UK_Nuclear,2030,6,13,18,0.0
1064,UK_Nuclear,2030,6,19,24,0.0
1065,UK_Nuclear,2030,7,1,6,0.0
1066,UK_Nuclear,2030,7,7,12,0.0
1067,UK_Nuclear,2030,7,13,18,0.0
1068,UK_Nuclear,2030,7,19,24,0.0
1069,UK_Nuclear,2030,8,1,6,0.0
1070,UK_Nuclear,2030,8,7,12,0.0
1071,UK_Nuclear,2030,8,13,18,0.0
1072,UK_Nuclear,2030,8,19,24,0.0
1073,UK_Nuclear,2030,9,1,6,0.0
1074,UK_Nuclear,2030,9,7,12,0.0
1075,UK_Nuclear,2030,9,13,18,0.0
1076,UK_Nuclear,2030,9,19,24,0.0
1077,UK_Nuclear,2030,10,1,6,0.0
1078,UK_Nuclear,2030,10,7,12,0.0
1079,UK_Nuclear,2030,10,13,18,0.0
1080,UK_Nuclear,2030,10,19,24,0.0
1081,UK_OCGT,2030,1,1,6,0.0
1082,UK_OCGT,2030,1,7,12,0.0
1083,UK_OCGT,2030,1,13,18,0.0
1084,UK_OCGT,2030,1,19,24,0.0
1085,UK_OCGT,2030,2,1,6,0.0
1086,UK_OCGT,2030,2,7,12,0.0
1087,UK_OCGT,2030,2,13,18,0.0
1088,UK_OCGT,2030,2,19,24,0.0
1089,UK_OCGT,2030,3,1,6,0.0
1090,UK_OCGT,2030,3,7,12,0.0
1091,UK_OCGT,2030,3,13,18,0.0
1092,UK_OCGT,2030,3,19,24,0.0
1093,UK_OCGT,2030,4,1,6,0.0
1094,UK_OCGT,2030,4,7,12,0.0
1095,UK_OCGT,2030,4,13,18,0.0
1096,UK_OCGT,2030,4,19,24,0.0
1097,UK_OCGT,2030,5,1,6,0.0
1098,UK_OCGT,2030,5,7,12,0.0
1099,UK_OCGT,2030,5,13,18,0.0
1100,UK_OCGT,2030,5,19,24,0.0
1101,UK_OCGT,2030,6,1,6,0.0
1102,UK_OCGT,2030,6,7,12,0.0
1103,UK_OCGT,2030,6,13,18,0.0
1104,UK_OCGT,2030,6,19,24,0.0
1105,UK_OCGT,2030,7,1,6,0.0
1106,UK_OCGT,2030,7,7,12,0.0
1107,UK_OCGT,2030,7,13,18,0.0
1108,UK_OCGT,2030,7,19,24,0.0
1109,UK_OCGT,2030,8,1,6,0.0
1110,UK_OCGT,2030,8,7,12,0.0
1111,UK_OCGT,2030,8,13,18,0.0
1112,UK_OCGT,2030,8,19,24,0.0
1113,UK_OCGT,2030,9,1,6,0.0
1114,UK_OCGT,2030,9,7,12,0.0
1115,UK_OCGT,2030,9,13,18,0.0
1116,UK_OCGT,2030,9,19,24,0.0
1117,UK_OCGT,2030,10,1,6,0.0
1118,UK_OCGT,2030,10,7,12,0.0
1119,UK_OCGT,2030,10,13,18,0.0
1120,UK_OCGT,2030,10,19,24,0.0
