id,asset,year,rep_period,time_block_start,time_block_end,dual_max_output_flows_limit_simple_method
1,BE_Battery,2030,1,1,6,0.0
2,BE_Battery,2030,1,7,12,0.0
3,BE_Battery,2030,1,13,18,0.0
4,BE_Battery,2030,1,19,24,0.0
5,BE_Battery,2030,2,1,6,0.0
6,BE_Battery,2030,2,7,12,0.0
7,BE_Battery,2030,2,13,18,0.0
8,BE_Battery,2030,2,19,24,0.0
9,BE_Battery,2030,3,1,6,0.0
10,BE_Battery,2030,3,7,12,0.0
11,BE_Battery,2030,3,13,18,0.0
12,BE_Battery,2030,3,19,24,0.0
13,BE_Battery,2030,4,1,6,0.0
14,BE_Battery,2030,4,7,12,-2.1666
15,BE_Battery,2030,4,13,18,0.0
16,BE_Battery,2030,4,19,24,0.0
17,BE_Battery,2030,5,1,6,0.0
18,BE_Battery,2030,5,7,12,0.0
19,BE_Battery,2030,5,13,18,0.0
20,BE_Battery,2030,5,19,24,0.0
21,BE_Battery,2030,6,1,6,0.0
22,BE_Battery,2030,6,7,12,0.0
23,BE_Battery,2030,6,13,18,0.0
24,BE_Battery,2030,6,19,24,0.0
25,BE_Battery,2030,7,1,6,0.0
26,BE_Battery,2030,7,7,12,0.0
27,BE_Battery,2030,7,13,18,0.0
28,BE_Battery,2030,7,19,24,0.0
29,BE_Battery,2030,8,1,6,0.0
30,BE_Battery,2030,8,7,12,0.0
31,BE_Battery,2030,8,13,18,0.0
32,BE_Battery,2030,8,19,24,0.0
33,BE_Battery,2030,9,1,6,0.0
34,BE_Battery,2030,9,7,12,0.0
35,BE_Battery,2030,9,13,18,0.0
36,BE_Battery,2030,9,19,24,0.0
37,BE_Battery,2030,10,1,6,0.0
38,BE_Battery,2030,10,7,12,0.0
39,BE_Battery,2030,10,13,18,-0.8201657056662857
40,BE_Battery,2030,10,19,24,0.0
41,BE_CCGT,2030,1,1,6,0.0
42,BE_CCGT,2030,1,7,12,0.0
43,BE_CCGT,2030,1,13,18,0.0
44,BE_CCGT,2030,1,19,24,0.0
45,BE_CCGT,2030,2,1,6,0.0
46,BE_CCGT,2030,2,7,12,0.0
47,BE_CCGT,2030,2,13,18,0.0
48,BE_CCGT,2030,2,19,24,0.0
49,BE_CCGT,2030,3,1,6,0.0
50,BE_CCGT,2030,3,7,12,0.0
51,BE_CCGT,2030,3,13,18,0.0
52,BE_CCGT,2030,3,19,24,0.0
53,BE_CCGT,2030,4,1,6,0.0
54,BE_CCGT,2030,4,7,12,0.0
55,BE_CCGT,2030,4,13,18,0.0
56,BE_CCGT,2030,4,19,24,0.0
57,BE_CCGT,2030,5,1,6,0.0
58,BE_CCGT,2030,5,7,12,0.0
59,BE_CCGT,2030,5,13,18,0.0
60,BE_CCGT,2030,5,19,24,0.0
61,BE_CCGT,2030,6,1,6,0.0
62,BE_CCGT,2030,6,7,12,0.0
63,BE_CCGT,2030,6,13,18,0.0
64,BE_CCGT,2030,6,19,24,0.0
65,BE_CCGT,2030,7,1,6,0.0
66,BE_CCGT,2030,7,7,12,-3.9959999999999987
67,BE_CCGT,2030,7,13,18,-3.9959999999999987
68,BE_CCGT,2030,7,19,24,-60.3423599396641
69,BE_CCGT,2030,8,1,6,0.0
70,BE_CCGT,2030,8,7,12,0.0
71,BE_CCGT,2030,8,13,18,0.0
72,BE_CCGT,2030,8,19,24,0.0
73,BE_CCGT,2030,9,1,6,0.0
74,BE_CCGT,2030,9,7,12,0.0
75,BE_CCGT,2030,9,13,18,0.0
76,BE_CCGT,2030,9,19,24,0.0
77,BE_CCGT,2030,10,1,6,0.0
78,BE_CCGT,2030,10,7,12,0.0
79,BE_CCGT,2030,10,13,18,-4.967999999999998
80,BE_CCGT,2030,10,19,24,0.0
81,BE_Coal,2030,1,1,6,0.0
82,BE_Coal,2030,1,7,12,-4.865399999999999
83,BE_Coal,2030,1,13,18,0.0
84,BE_Coal,2030,1,19,24,0.0
85,BE_Coal,2030,2,1,6,0.0
86,BE_Coal,2030,2,7,12,0.0
87,BE_Coal,2030,2,13,18,0.0
88,BE_Coal,2030,2,19,24,0.0
89,BE_Coal,2030,3,1,6,0.0
90,BE_Coal,2030,3,7,12,0.0
91,BE_Coal,2030,3,13,18,0.0
92,BE_Coal,2030,3,19,24,0.0
93,BE_Coal,2030,4,1,6,0.0
94,BE_Coal,2030,4,7,12,0.0
95,BE_Coal,2030,4,13,18,0.0
96,BE_Coal,2030,4,19,24,0.0
97,BE_Coal,2030,5,1,6,0.0
98,BE_Coal,2030,5,7,12,0.0
99,BE_Coal,2030,5,13,18,0.0
100,BE_Coal,2030,5,19,24,0.0
101,BE_Coal,2030,6,1,6,0.0
102,BE_Coal,2030,6,7,12,0.0
103,BE_Coal,2030,6,13,18,0.0
104,BE_Coal,2030,6,19,24,0.0
105,BE_Coal,2030,7,1,6,-3.3966000000000003
106,BE_Coal,2030,7,7,12,-7.392599999999999
107,BE_Coal,2030,7,13,18,-7.392599999999999
108,BE_Coal,2030,7,19,24,-63.7389599396641
109,BE_Coal,2030,8,1,6,0.0
110,BE_Coal,2030,8,7,12,0.0
111,BE_Coal,2030,8,13,18,0.0
112,BE_Coal,2030,8,19,24,0.0
113,BE_Coal,2030,9,1,6,0.0
114,BE_Coal,2030,9,7,12,0.0
115,BE_Coal,2030,9,13,18,0.0
116,BE_Coal,2030,9,19,24,0.0
117,BE_Coal,2030,10,1,6,-4.2228
118,BE_Coal,2030,10,7,12,-4.2228
119,BE_Coal,2030,10,13,18,-9.1908
120,BE_Coal,2030,10,19,24,-4.2228
121,BE_Nuclear,2030,1,1,6,-2.9574000000000007
122,BE_Nuclear,2030,1,7,12,-7.8228
123,BE_Nuclear,2030,1,13,18,-2.9574000000000007
124,BE_Nuclear,2030,1,19,24,-2.9574000000000007
125,BE_Nuclear,2030,2,1,6,0.0
126,BE_Nuclear,2030,2,7,12,-1.8414000000000001
127,BE_Nuclear,2030,2,13,18,-1.8414000000000001
128,BE_Nuclear,2030,2,19,24,-1.8414000000000001
129,BE_Nuclear,2030,3,1,6,0.0
130,BE_Nuclear,2030,3,7,12,0.0
131,BE_Nuclear,2030,3,13,18,0.0
132,BE_Nuclear,2030,3,19,24,0.0
133,BE_Nuclear,2030,4,1,6,0.0
134,BE_Nuclear,2030,4,7,12,-1.2834
135,BE_Nuclear,2030,4,13,18,0.0
136,BE_Nuclear,2030,4,19,24,-1.2834
137,BE_Nuclear,2030,5,1,6,0.0
138,BE_Nuclear,2030,5,7,12,0.0
139,BE_Nuclear,2030,5,13,18,0.0
140,BE_Nuclear,2030,5,19,24,0.0
141,BE_Nuclear,2030,6,1,6,-1.0044
142,BE_Nuclear,2030,6,7,12,-1.0044
143,BE_Nuclear,2030,6,13,18,0.0
144,BE_Nuclear,2030,6,19,24,-1.0044
145,BE_Nuclear,2030,7,1,6,-5.461200000000001
146,BE_Nuclear,2030,7,7,12,-9.4572
147,BE_Nuclear,2030,7,13,18,-9.4572
148,BE_Nuclear,2030,7,19,24,-65.8035599396641
149,BE_Nuclear,2030,8,1,6,0.0
150,BE_Nuclear,2030,8,7,12,0.0
151,BE_Nuclear,2030,8,13,18,0.0
152,BE_Nuclear,2030,8,19,24,0.0
153,BE_Nuclear,2030,9,1,6,0.0
154,BE_Nuclear,2030,9,7,12,0.0
155,BE_Nuclear,2030,9,13,18,0.0
156,BE_Nuclear,2030,9,19,24,-2.3994000000000004
157,BE_Nuclear,2030,10,1,6,-6.7896
158,BE_Nuclear,2030,10,7,12,-6.7896
159,BE_Nuclear,2030,10,13,18,-11.757599999999998
160,BE_Nuclear,2030,10,19,24,-6.7896
161,BE_OCGT,2030,1,1,6,0.0
162,BE_OCGT,2030,1,7,12,0.0
163,BE_OCGT,2030,1,13,18,0.0
164,BE_OCGT,2030,1,19,24,0.0
165,BE_OCGT,2030,2,1,6,0.0
166,BE_OCGT,2030,2,7,12,0.0
167,BE_OCGT,2030,2,13,18,0.0
168,BE_OCGT,2030,2,19,24,0.0
169,BE_OCGT,2030,3,1,6,0.0
170,BE_OCGT,2030,3,7,12,0.0
171,BE_OCGT,2030,3,13,18,0.0
172,BE_OCGT,2030,3,19,24,0.0
173,BE_OCGT,2030,4,1,6,0.0
174,BE_OCGT,2030,4,7,12,0.0
175,BE_OCGT,2030,4,13,18,0.0
176,BE_OCGT,2030,4,19,24,0.0
177,BE_OCGT,2030,5,1,6,0.0
178,BE_OCGT,2030,5,7,12,0.0
179,BE_OCGT,2030,5,13,18,0.0
180,BE_OCGT,2030,5,19,24,0.0
181,BE_OCGT,2030,6,1,6,0.0
182,BE_OCGT,2030,6,7,12,0.0
183,BE_OCGT,2030,6,13,18,0.0
184,BE_OCGT,2030,6,19,24,0.0
185,BE_OCGT,2030,7,1,6,0.0
186,BE_OCGT,2030,7,7,12,0.0
187,BE_OCGT,2030,7,13,18,0.0
188,BE_OCGT,2030,7,19,24,-56.3463599396641
189,BE_OCGT,2030,8,1,6,0.0
190,BE_OCGT,2030,8,7,12,0.0
191,BE_OCGT,2030,8,13,18,0.0
192,BE_OCGT,2030,8,19,24,0.0
193,BE_OCGT,2030,9,1,6,0.0
194,BE_OCGT,2030,9,7,12,0.0
195,BE_OCGT,2030,9,13,18,0.0
196,BE_OCGT,2030,9,19,24,0.0
197,BE_OCGT,2030,10,1,6,0.0
198,BE_OCGT,2030,10,7,12,0.0
199,BE_OCGT,2030,10,13,18,0.0
200,BE_OCGT,2030,10,19,24,0.0
201,BE_Solar,2030,1,1,6,-5.6286000000000005
202,BE_Solar,2030,1,7,12,-10.494
203,BE_Solar,2030,1,13,18,-5.6286000000000005
204,BE_Solar,2030,1,19,24,-5.6286000000000005
205,BE_Solar,2030,2,1,6,-0.396
206,BE_Solar,2030,2,7,12,-3.5046
207,BE_Solar,2030,2,13,18,-3.5046
208,BE_Solar,2030,2,19,24,-3.5046
209,BE_Solar,2030,3,1,6,-0.34800000000000003
210,BE_Solar,2030,3,7,12,-0.34800000000000003
211,BE_Solar,2030,3,13,18,-0.34800000000000003
212,BE_Solar,2030,3,19,24,-0.34800000000000003
213,BE_Solar,2030,4,1,6,-0.276
214,BE_Solar,2030,4,7,12,-2.4426
215,BE_Solar,2030,4,13,18,-0.276
216,BE_Solar,2030,4,19,24,-2.4426
217,BE_Solar,2030,5,1,6,-0.624
218,BE_Solar,2030,5,7,12,-0.624
219,BE_Solar,2030,5,13,18,-0.624
220,BE_Solar,2030,5,19,24,-0.624
221,BE_Solar,2030,6,1,6,-1.9116
222,BE_Solar,2030,6,7,12,-1.9116
223,BE_Solar,2030,6,13,18,-0.216
224,BE_Solar,2030,6,19,24,-1.9116
225,BE_Solar,2030,7,1,6,-7.3260000000000005
226,BE_Solar,2030,7,7,12,-11.322
227,BE_Solar,2030,7,13,18,-11.322
228,BE_Solar,2030,7,19,24,-67.6683599396641
229,BE_Solar,2030,8,1,6,-0.372
230,BE_Solar,2030,8,7,12,-0.372
231,BE_Solar,2030,8,13,18,-0.372
232,BE_Solar,2030,8,19,24,-0.372
233,BE_Solar,2030,9,1,6,-0.516
234,BE_Solar,2030,9,7,12,-0.516
235,BE_Solar,2030,9,13,18,-0.516
236,BE_Solar,2030,9,19,24,-4.5666
237,BE_Solar,2030,10,1,6,-9.108
238,BE_Solar,2030,10,7,12,-9.108
239,BE_Solar,2030,10,13,18,-14.075999999999999
240,BE_Solar,2030,10,19,24,-9.108
241,BE_Wind_Offshore,2030,1,1,6,-4.9926
242,BE_Wind_Offshore,2030,1,7,12,-9.858
243,BE_Wind_Offshore,2030,1,13,18,-4.9926
244,BE_Wind_Offshore,2030,1,19,24,-4.9926
245,BE_Wind_Offshore,2030,2,1,6,0.0
246,BE_Wind_Offshore,2030,2,7,12,-3.1086
247,BE_Wind_Offshore,2030,2,13,18,-3.1086
248,BE_Wind_Offshore,2030,2,19,24,-3.1086
249,BE_Wind_Offshore,2030,3,1,6,0.0
250,BE_Wind_Offshore,2030,3,7,12,0.0
251,BE_Wind_Offshore,2030,3,13,18,0.0
252,BE_Wind_Offshore,2030,3,19,24,0.0
253,BE_Wind_Offshore,2030,4,1,6,0.0
254,BE_Wind_Offshore,2030,4,7,12,-2.1666
255,BE_Wind_Offshore,2030,4,13,18,0.0
256,BE_Wind_Offshore,2030,4,19,24,-2.1666
257,BE_Wind_Offshore,2030,5,1,6,0.0
258,BE_Wind_Offshore,2030,5,7,12,0.0
259,BE_Wind_Offshore,2030,5,13,18,0.0
260,BE_Wind_Offshore,2030,5,19,24,0.0
261,BE_Wind_Offshore,2030,6,1,6,-1.6956
262,BE_Wind_Offshore,2030,6,7,12,-1.6956
263,BE_Wind_Offshore,2030,6,13,18,0.0
264,BE_Wind_Offshore,2030,6,19,24,-1.6956
265,BE_Wind_Offshore,2030,7,1,6,-6.882000000000001
266,BE_Wind_Offshore,2030,7,7,12,-10.877999999999998
267,BE_Wind_Offshore,2030,7,13,18,-10.877999999999998
268,BE_Wind_Offshore,2030,7,19,24,-67.2243599396641
269,BE_Wind_Offshore,2030,8,1,6,0.0
270,BE_Wind_Offshore,2030,8,7,12,0.0
271,BE_Wind_Offshore,2030,8,13,18,0.0
272,BE_Wind_Offshore,2030,8,19,24,0.0
273,BE_Wind_Offshore,2030,9,1,6,0.0
274,BE_Wind_Offshore,2030,9,7,12,0.0
275,BE_Wind_Offshore,2030,9,13,18,0.0
276,BE_Wind_Offshore,2030,9,19,24,-4.0506
277,BE_Wind_Offshore,2030,10,1,6,-8.556000000000001
278,BE_Wind_Offshore,2030,10,7,12,-8.556000000000001
279,BE_Wind_Offshore,2030,10,13,18,-13.524
280,BE_Wind_Offshore,2030,10,19,24,-8.556000000000001
281,BE_Wind_Onshore,2030,1,1,6,-4.9926
282,BE_Wind_Onshore,2030,1,7,12,-9.858
283,BE_Wind_Onshore,2030,1,13,18,-4.9926
284,BE_Wind_Onshore,2030,1,19,24,-4.9926
285,BE_Wind_Onshore,2030,2,1,6,0.0
286,BE_Wind_Onshore,2030,2,7,12,-3.1086
287,BE_Wind_Onshore,2030,2,13,18,-3.1086
288,BE_Wind_Onshore,2030,2,19,24,-3.1086
289,BE_Wind_Onshore,2030,3,1,6,0.0
290,BE_Wind_Onshore,2030,3,7,12,0.0
291,BE_Wind_Onshore,2030,3,13,18,0.0
292,BE_Wind_Onshore,2030,3,19,24,0.0
293,BE_Wind_Onshore,2030,4,1,6,0.0
294,BE_Wind_Onshore,2030,4,7,12,-2.1666
295,BE_Wind_Onshore,2030,4,13,18,0.0
296,BE_Wind_Onshore,2030,4,19,24,-2.1666
297,BE_Wind_Onshore,2030,5,1,6,0.0
298,BE_Wind_Onshore,2030,5,7,12,0.0
299,BE_Wind_Onshore,2030,5,13,18,0.0
300,BE_Wind_Onshore,2030,5,19,24,0.0
301,BE_Wind_Onshore,2030,6,1,6,-1.6956
302,BE_Wind_Onshore,2030,6,7,12,-1.6956
303,BE_Wind_Onshore,2030,6,13,18,0.0
304,BE_Wind_Onshore,2030,6,19,24,-1.6956
305,BE_Wind_Onshore,2030,7,1,6,-6.882000000000001
306,BE_Wind_Onshore,2030,7,7,12,-10.877999999999998
307,BE_Wind_Onshore,2030,7,13,18,-10.877999999999998
308,BE_Wind_Onshore,2030,7,19,24,-67.2243599396641
309,BE_Wind_Onshore,2030,8,1,6,0.0
310,BE_Wind_Onshore,2030,8,7,12,0.0
311,BE_Wind_Onshore,2030,8,13,18,0.0
312,BE_Wind_Onshore,2030,8,19,24,0.0
313,BE_Wind_Onshore,2030,9,1,6,0.0
314,BE_Wind_Onshore,2030,9,7,12,0.0
315,BE_Wind_Onshore,2030,9,13,18,0.0
316,BE_Wind_Onshore,2030,9,19,24,-4.0506
317,BE_Wind_Onshore,2030,10,1,6,-8.556000000000001
318,BE_Wind_Onshore,2030,10,7,12,-8.556000000000001
319,BE_Wind_Onshore,2030,10,13,18,-13.524
320,BE_Wind_Onshore,2030,10,19,24,-8.556000000000001
321,CH_Battery,2030,1,1,6,0.0
322,CH_Battery,2030,1,7,12,0.0
323,CH_Battery,2030,1,13,18,0.0
324,CH_Battery,2030,1,19,24,0.0
325,CH_Battery,2030,2,1,6,0.0
326,CH_Battery,2030,2,7,12,0.0
327,CH_Battery,2030,2,13,18,0.0
328,CH_Battery,2030,2,19,24,0.0
329,CH_Battery,2030,3,1,6,0.0
330,CH_Battery,2030,3,7,12,0.0
331,CH_Battery,2030,3,13,18,0.0
332,CH_Battery,2030,3,19,24,0.0
333,CH_Battery,2030,4,1,6,0.0
334,CH_Battery,2030,4,7,12,0.0
335,CH_Battery,2030,4,13,18,0.0
336,CH_Battery,2030,4,19,24,0.0
337,CH_Battery,2030,5,1,6,0.0
338,CH_Battery,2030,5,7,12,0.0
339,CH_Battery,2030,5,13,18,0.0
340,CH_Battery,2030,5,19,24,0.0
341,CH_Battery,2030,6,1,6,0.0
342,CH_Battery,2030,6,7,12,0.0
343,CH_Battery,2030,6,13,18,0.0
344,CH_Battery,2030,6,19,24,0.0
345,CH_Battery,2030,7,1,6,0.0
346,CH_Battery,2030,7,7,12,0.0
347,CH_Battery,2030,7,13,18,0.0
348,CH_Battery,2030,7,19,24,-2.4179657056663046
349,CH_Battery,2030,8,1,6,0.0
350,CH_Battery,2030,8,7,12,0.0
351,CH_Battery,2030,8,13,18,0.0
352,CH_Battery,2030,8,19,24,0.0
353,CH_Battery,2030,9,1,6,0.0
354,CH_Battery,2030,9,7,12,0.0
355,CH_Battery,2030,9,13,18,0.0
356,CH_Battery,2030,9,19,24,0.0
357,CH_Battery,2030,10,1,6,0.0
358,CH_Battery,2030,10,7,12,0.0
359,CH_Battery,2030,10,13,18,0.0
360,CH_Battery,2030,10,19,24,0.0
361,CH_CCGT,2030,1,1,6,0.0
362,CH_CCGT,2030,1,7,12,0.0
363,CH_CCGT,2030,1,13,18,0.0
364,CH_CCGT,2030,1,19,24,0.0
365,CH_CCGT,2030,2,1,6,0.0
366,CH_CCGT,2030,2,7,12,0.0
367,CH_CCGT,2030,2,13,18,0.0
368,CH_CCGT,2030,2,19,24,0.0
369,CH_CCGT,2030,3,1,6,0.0
370,CH_CCGT,2030,3,7,12,0.0
371,CH_CCGT,2030,3,13,18,0.0
372,CH_CCGT,2030,3,19,24,-3.131999999999999
373,CH_CCGT,2030,4,1,6,0.0
374,CH_CCGT,2030,4,7,12,0.0
375,CH_CCGT,2030,4,13,18,0.0
376,CH_CCGT,2030,4,19,24,-2.483999999999999
377,CH_CCGT,2030,5,1,6,0.0
378,CH_CCGT,2030,5,7,12,0.0
379,CH_CCGT,2030,5,13,18,0.0
380,CH_CCGT,2030,5,19,24,0.0
381,CH_CCGT,2030,6,1,6,0.0
382,CH_CCGT,2030,6,7,12,0.0
383,CH_CCGT,2030,6,13,18,0.0
384,CH_CCGT,2030,6,19,24,0.0
385,CH_CCGT,2030,7,1,6,0.0
386,CH_CCGT,2030,7,7,12,0.0
387,CH_CCGT,2030,7,13,18,0.0
388,CH_CCGT,2030,7,19,24,-60.3423599396641
389,CH_CCGT,2030,8,1,6,0.0
390,CH_CCGT,2030,8,7,12,0.0
391,CH_CCGT,2030,8,13,18,0.0
392,CH_CCGT,2030,8,19,24,0.0
393,CH_CCGT,2030,9,1,6,0.0
394,CH_CCGT,2030,9,7,12,0.0
395,CH_CCGT,2030,9,13,18,0.0
396,CH_CCGT,2030,9,19,24,0.0
397,CH_CCGT,2030,10,1,6,0.0
398,CH_CCGT,2030,10,7,12,0.0
399,CH_CCGT,2030,10,13,18,0.0
400,CH_CCGT,2030,10,19,24,0.0
401,CH_Coal,2030,1,1,6,0.0
402,CH_Coal,2030,1,7,12,0.0
403,CH_Coal,2030,1,13,18,0.0
404,CH_Coal,2030,1,19,24,0.0
405,CH_Coal,2030,2,1,6,0.0
406,CH_Coal,2030,2,7,12,0.0
407,CH_Coal,2030,2,13,18,0.0
408,CH_Coal,2030,2,19,24,0.0
409,CH_Coal,2030,3,1,6,-2.6622
410,CH_Coal,2030,3,7,12,-2.6622
411,CH_Coal,2030,3,13,18,0.0
412,CH_Coal,2030,3,19,24,-5.794199999999998
413,CH_Coal,2030,4,1,6,0.0
414,CH_Coal,2030,4,7,12,0.0
415,CH_Coal,2030,4,13,18,0.0
416,CH_Coal,2030,4,19,24,-4.5954
417,CH_Coal,2030,5,1,6,0.0
418,CH_Coal,2030,5,7,12,0.0
419,CH_Coal,2030,5,13,18,0.0
420,CH_Coal,2030,5,19,24,0.0
421,CH_Coal,2030,6,1,6,0.0
422,CH_Coal,2030,6,7,12,0.0
423,CH_Coal,2030,6,13,18,0.0
424,CH_Coal,2030,6,19,24,0.0
425,CH_Coal,2030,7,1,6,-3.3966000000000003
426,CH_Coal,2030,7,7,12,-3.3966000000000003
427,CH_Coal,2030,7,13,18,0.0
428,CH_Coal,2030,7,19,24,-63.7389599396641
429,CH_Coal,2030,8,1,6,0.0
430,CH_Coal,2030,8,7,12,0.0
431,CH_Coal,2030,8,13,18,0.0
432,CH_Coal,2030,8,19,24,0.0
433,CH_Coal,2030,9,1,6,0.0
434,CH_Coal,2030,9,7,12,0.0
435,CH_Coal,2030,9,13,18,0.0
436,CH_Coal,2030,9,19,24,0.0
437,CH_Coal,2030,10,1,6,-4.2228
438,CH_Coal,2030,10,7,12,-4.2228
439,CH_Coal,2030,10,13,18,-4.2228
440,CH_Coal,2030,10,19,24,-4.2228
441,CH_Nuclear,2030,1,1,6,-2.9574000000000007
442,CH_Nuclear,2030,1,7,12,-2.9574000000000007
443,CH_Nuclear,2030,1,13,18,-2.9574000000000007
444,CH_Nuclear,2030,1,19,24,-2.9574000000000007
445,CH_Nuclear,2030,2,1,6,-1.8414000000000001
446,CH_Nuclear,2030,2,7,12,-1.8414000000000001
447,CH_Nuclear,2030,2,13,18,-1.8414000000000001
448,CH_Nuclear,2030,2,19,24,-1.8414000000000001
449,CH_Nuclear,2030,3,1,6,-4.2804
450,CH_Nuclear,2030,3,7,12,-4.2804
451,CH_Nuclear,2030,3,13,18,-1.6182
452,CH_Nuclear,2030,3,19,24,-7.412399999999999
453,CH_Nuclear,2030,4,1,6,-1.2834
454,CH_Nuclear,2030,4,7,12,-1.2834
455,CH_Nuclear,2030,4,13,18,-1.2834
456,CH_Nuclear,2030,4,19,24,-5.878799999999999
457,CH_Nuclear,2030,5,1,6,-2.9016
458,CH_Nuclear,2030,5,7,12,-2.9016
459,CH_Nuclear,2030,5,13,18,-2.9016
460,CH_Nuclear,2030,5,19,24,-2.9016
461,CH_Nuclear,2030,6,1,6,-1.0044
462,CH_Nuclear,2030,6,7,12,-1.0044
463,CH_Nuclear,2030,6,13,18,0.0
464,CH_Nuclear,2030,6,19,24,-1.0044
465,CH_Nuclear,2030,7,1,6,-5.461200000000001
466,CH_Nuclear,2030,7,7,12,-5.461200000000001
467,CH_Nuclear,2030,7,13,18,-2.0646000000000004
468,CH_Nuclear,2030,7,19,24,-65.8035599396641
469,CH_Nuclear,2030,8,1,6,-1.7298000000000002
470,CH_Nuclear,2030,8,7,12,-1.7298000000000002
471,CH_Nuclear,2030,8,13,18,0.0
472,CH_Nuclear,2030,8,19,24,-1.7298000000000002
473,CH_Nuclear,2030,9,1,6,-2.3994000000000004
474,CH_Nuclear,2030,9,7,12,-2.3994000000000004
475,CH_Nuclear,2030,9,13,18,0.0
476,CH_Nuclear,2030,9,19,24,-2.3994000000000004
477,CH_Nuclear,2030,10,1,6,-6.7896
478,CH_Nuclear,2030,10,7,12,-6.7896
479,CH_Nuclear,2030,10,13,18,-6.7896
480,CH_Nuclear,2030,10,19,24,-6.7896
481,CH_OCGT,2030,1,1,6,0.0
482,CH_OCGT,2030,1,7,12,0.0
483,CH_OCGT,2030,1,13,18,0.0
484,CH_OCGT,2030,1,19,24,0.0
485,CH_OCGT,2030,2,1,6,0.0
486,CH_OCGT,2030,2,7,12,0.0
487,CH_OCGT,2030,2,13,18,0.0
488,CH_OCGT,2030,2,19,24,0.0
489,CH_OCGT,2030,3,1,6,0.0
490,CH_OCGT,2030,3,7,12,0.0
491,CH_OCGT,2030,3,13,18,0.0
492,CH_OCGT,2030,3,19,24,0.0
493,CH_OCGT,2030,4,1,6,0.0
494,CH_OCGT,2030,4,7,12,0.0
495,CH_OCGT,2030,4,13,18,0.0
496,CH_OCGT,2030,4,19,24,0.0
497,CH_OCGT,2030,5,1,6,0.0
498,CH_OCGT,2030,5,7,12,0.0
499,CH_OCGT,2030,5,13,18,0.0
500,CH_OCGT,2030,5,19,24,0.0
501,CH_OCGT,2030,6,1,6,0.0
502,CH_OCGT,2030,6,7,12,0.0
503,CH_OCGT,2030,6,13,18,0.0
504,CH_OCGT,2030,6,19,24,0.0
505,CH_OCGT,2030,7,1,6,0.0
506,CH_OCGT,2030,7,7,12,0.0
507,CH_OCGT,2030,7,13,18,0.0
508,CH_OCGT,2030,7,19,24,-56.3463599396641
509,CH_OCGT,2030,8,1,6,0.0
510,CH_OCGT,2030,8,7,12,0.0
511,CH_OCGT,2030,8,13,18,0.0
512,CH_OCGT,2030,8,19,24,0.0
513,CH_OCGT,2030,9,1,6,0.0
514,CH_OCGT,2030,9,7,12,0.0
515,CH_OCGT,2030,9,13,18,0.0
516,CH_OCGT,2030,9,19,24,0.0
517,CH_OCGT,2030,10,1,6,0.0
518,CH_OCGT,2030,10,7,12,0.0
519,CH_OCGT,2030,10,13,18,0.0
520,CH_OCGT,2030,10,19,24,0.0
521,CH_Solar,2030,1,1,6,-5.6286000000000005
522,CH_Solar,2030,1,7,12,-5.6286000000000005
523,CH_Solar,2030,1,13,18,-5.6286000000000005
524,CH_Solar,2030,1,19,24,-5.6286000000000005
525,CH_Solar,2030,2,1,6,-3.5046
526,CH_Solar,2030,2,7,12,-3.5046
527,CH_Solar,2030,2,13,18,-3.5046
528,CH_Solar,2030,2,19,24,-3.5046
529,CH_Solar,2030,3,1,6,-5.742
530,CH_Solar,2030,3,7,12,-5.742
531,CH_Solar,2030,3,13,18,-3.0798
532,CH_Solar,2030,3,19,24,-8.873999999999999
533,CH_Solar,2030,4,1,6,-2.4426
534,CH_Solar,2030,4,7,12,-2.4426
535,CH_Solar,2030,4,13,18,-2.4426
536,CH_Solar,2030,4,19,24,-7.037999999999999
537,CH_Solar,2030,5,1,6,-5.5224
538,CH_Solar,2030,5,7,12,-5.5224
539,CH_Solar,2030,5,13,18,-5.5224
540,CH_Solar,2030,5,19,24,-5.5224
541,CH_Solar,2030,6,1,6,-1.9116
542,CH_Solar,2030,6,7,12,-1.9116
543,CH_Solar,2030,6,13,18,-0.216
544,CH_Solar,2030,6,19,24,-1.9116
545,CH_Solar,2030,7,1,6,-7.3260000000000005
546,CH_Solar,2030,7,7,12,-7.3260000000000005
547,CH_Solar,2030,7,13,18,-3.9294000000000002
548,CH_Solar,2030,7,19,24,-67.6683599396641
549,CH_Solar,2030,8,1,6,-3.2922000000000002
550,CH_Solar,2030,8,7,12,-3.2922000000000002
551,CH_Solar,2030,8,13,18,-0.372
552,CH_Solar,2030,8,19,24,-3.2922000000000002
553,CH_Solar,2030,9,1,6,-4.5666
554,CH_Solar,2030,9,7,12,-4.5666
555,CH_Solar,2030,9,13,18,-0.516
556,CH_Solar,2030,9,19,24,-4.5666
557,CH_Solar,2030,10,1,6,-9.108
558,CH_Solar,2030,10,7,12,-9.108
559,CH_Solar,2030,10,13,18,-9.108
560,CH_Solar,2030,10,19,24,-9.108
561,CH_Wind_Offshore,2030,1,1,6,-4.9926
562,CH_Wind_Offshore,2030,1,7,12,-4.9926
563,CH_Wind_Offshore,2030,1,13,18,-4.9926
564,CH_Wind_Offshore,2030,1,19,24,-4.9926
565,CH_Wind_Offshore,2030,2,1,6,-3.1086
566,CH_Wind_Offshore,2030,2,7,12,-3.1086
567,CH_Wind_Offshore,2030,2,13,18,-3.1086
568,CH_Wind_Offshore,2030,2,19,24,-3.1086
569,CH_Wind_Offshore,2030,3,1,6,-5.394
570,CH_Wind_Offshore,2030,3,7,12,-5.394
571,CH_Wind_Offshore,2030,3,13,18,-2.7318000000000002
572,CH_Wind_Offshore,2030,3,19,24,-8.525999999999998
573,CH_Wind_Offshore,2030,4,1,6,-2.1666
574,CH_Wind_Offshore,2030,4,7,12,-2.1666
575,CH_Wind_Offshore,2030,4,13,18,-2.1666
576,CH_Wind_Offshore,2030,4,19,24,-6.762
577,CH_Wind_Offshore,2030,5,1,6,-4.8984000000000005
578,CH_Wind_Offshore,2030,5,7,12,-4.8984000000000005
579,CH_Wind_Offshore,2030,5,13,18,-4.8984000000000005
580,CH_Wind_Offshore,2030,5,19,24,-4.8984000000000005
581,CH_Wind_Offshore,2030,6,1,6,-1.6956
582,CH_Wind_Offshore,2030,6,7,12,-1.6956
583,CH_Wind_Offshore,2030,6,13,18,0.0
584,CH_Wind_Offshore,2030,6,19,24,-1.6956
585,CH_Wind_Offshore,2030,7,1,6,-6.882000000000001
586,CH_Wind_Offshore,2030,7,7,12,-6.882000000000001
587,CH_Wind_Offshore,2030,7,13,18,-3.4854000000000003
588,CH_Wind_Offshore,2030,7,19,24,-67.2243599396641
589,CH_Wind_Offshore,2030,8,1,6,-2.9202000000000004
590,CH_Wind_Offshore,2030,8,7,12,-2.9202000000000004
591,CH_Wind_Offshore,2030,8,13,18,0.0
592,CH_Wind_Offshore,2030,8,19,24,-2.9202000000000004
593,CH_Wind_Offshore,2030,9,1,6,-4.0506
594,CH_Wind_Offshore,2030,9,7,12,-4.0506
595,CH_Wind_Offshore,2030,9,13,18,0.0
596,CH_Wind_Offshore,2030,9,19,24,-4.0506
597,CH_Wind_Offshore,2030,10,1,6,-8.556000000000001
598,CH_Wind_Offshore,2030,10,7,12,-8.556000000000001
599,CH_Wind_Offshore,2030,10,13,18,-8.556000000000001
600,CH_Wind_Offshore,2030,10,19,24,-8.556000000000001
601,CH_Wind_Onshore,2030,1,1,6,-4.9926
602,CH_Wind_Onshore,2030,1,7,12,-4.9926
603,CH_Wind_Onshore,2030,1,13,18,-4.9926
604,CH_Wind_Onshore,2030,1,19,24,-4.9926
605,CH_Wind_Onshore,2030,2,1,6,-3.1086
606,CH_Wind_Onshore,2030,2,7,12,-3.1086
607,CH_Wind_Onshore,2030,2,13,18,-3.1086
608,CH_Wind_Onshore,2030,2,19,24,-3.1086
609,CH_Wind_Onshore,2030,3,1,6,-5.394
610,CH_Wind_Onshore,2030,3,7,12,-5.394
611,CH_Wind_Onshore,2030,3,13,18,-2.7318000000000002
612,CH_Wind_Onshore,2030,3,19,24,-8.525999999999998
613,CH_Wind_Onshore,2030,4,1,6,-2.1666
614,CH_Wind_Onshore,2030,4,7,12,-2.1666
615,CH_Wind_Onshore,2030,4,13,18,-2.1666
616,CH_Wind_Onshore,2030,4,19,24,-6.762
617,CH_Wind_Onshore,2030,5,1,6,-4.8984000000000005
618,CH_Wind_Onshore,2030,5,7,12,-4.8984000000000005
619,CH_Wind_Onshore,2030,5,13,18,-4.8984000000000005
620,CH_Wind_Onshore,2030,5,19,24,-4.8984000000000005
621,CH_Wind_Onshore,2030,6,1,6,-1.6956
622,CH_Wind_Onshore,2030,6,7,12,-1.6956
623,CH_Wind_Onshore,2030,6,13,18,0.0
624,CH_Wind_Onshore,2030,6,19,24,-1.6956
625,CH_Wind_Onshore,2030,7,1,6,-6.882000000000001
626,CH_Wind_Onshore,2030,7,7,12,-6.882000000000001
627,CH_Wind_Onshore,2030,7,13,18,-3.4854000000000003
628,CH_Wind_Onshore,2030,7,19,24,-67.2243599396641
629,CH_Wind_Onshore,2030,8,1,6,-2.9202000000000004
630,CH_Wind_Onshore,2030,8,7,12,-2.9202000000000004
631,CH_Wind_Onshore,2030,8,13,18,0.0
632,CH_Wind_Onshore,2030,8,19,24,-2.9202000000000004
633,CH_Wind_Onshore,2030,9,1,6,-4.0506
634,CH_Wind_Onshore,2030,9,7,12,-4.0506
635,CH_Wind_Onshore,2030,9,13,18,0.0
636,CH_Wind_Onshore,2030,9,19,24,-4.0506
637,CH_Wind_Onshore,2030,10,1,6,-8.556000000000001
638,CH_Wind_Onshore,2030,10,7,12,-8.556000000000001
639,CH_Wind_Onshore,2030,10,13,18,-8.556000000000001
640,CH_Wind_Onshore,2030,10,19,24,-8.556000000000001
641,DE_Battery,2030,1,1,6,0.0
642,DE_Battery,2030,1,7,12,0.0
643,DE_Battery,2030,1,13,18,0.0
644,DE_Battery,2030,1,19,24,0.0
645,DE_Battery,2030,2,1,6,0.0
646,DE_Battery,2030,2,7,12,0.0
647,DE_Battery,2030,2,13,18,0.0
648,DE_Battery,2030,2,19,24,0.0
649,DE_Battery,2030,3,1,6,0.0
650,DE_Battery,2030,3,7,12,0.0
651,DE_Battery,2030,3,13,18,0.0
652,DE_Battery,2030,3,19,24,0.0
653,DE_Battery,2030,4,1,6,0.0
654,DE_Battery,2030,4,7,12,0.0
655,DE_Battery,2030,4,13,18,0.0
656,DE_Battery,2030,4,19,24,0.0
657,DE_Battery,2030,5,1,6,0.0
658,DE_Battery,2030,5,7,12,0.0
659,DE_Battery,2030,5,13,18,0.0
660,DE_Battery,2030,5,19,24,0.0
661,DE_Battery,2030,6,1,6,0.0
662,DE_Battery,2030,6,7,12,0.0
663,DE_Battery,2030,6,13,18,0.0
664,DE_Battery,2030,6,19,24,0.0
665,DE_Battery,2030,7,1,6,0.0
666,DE_Battery,2030,7,7,12,0.0
667,DE_Battery,2030,7,13,18,0.0
668,DE_Battery,2030,7,19,24,-1.673365705666285
669,DE_Battery,2030,8,1,6,0.0
670,DE_Battery,2030,8,7,12,0.0
671,DE_Battery,2030,8,13,18,0.0
672,DE_Battery,2030,8,19,24,0.0
673,DE_Battery,2030,9,1,6,0.0
674,DE_Battery,2030,9,7,12,0.0
675,DE_Battery,2030,9,13,18,0.0
676,DE_Battery,2030,9,19,24,0.0
677,DE_Battery,2030,10,1,6,0.0
678,DE_Battery,2030,10,7,12,0.0
679,DE_Battery,2030,10,13,18,0.0
680,DE_Battery,2030,10,19,24,0.0
681,DE_CCGT,2030,1,1,6,0.0
682,DE_CCGT,2030,1,7,12,0.0
683,DE_CCGT,2030,1,13,18,0.0
684,DE_CCGT,2030,1,19,24,0.0
685,DE_CCGT,2030,2,1,6,0.0
686,DE_CCGT,2030,2,7,12,0.0
687,DE_CCGT,2030,2,13,18,0.0
688,DE_CCGT,2030,2,19,24,0.0
689,DE_CCGT,2030,3,1,6,0.0
690,DE_CCGT,2030,3,7,12,0.0
691,DE_CCGT,2030,3,13,18,0.0
692,DE_CCGT,2030,3,19,24,0.0
693,DE_CCGT,2030,4,1,6,0.0
694,DE_CCGT,2030,4,7,12,0.0
695,DE_CCGT,2030,4,13,18,0.0
696,DE_CCGT,2030,4,19,24,0.0
697,DE_CCGT,2030,5,1,6,0.0
698,DE_CCGT,2030,5,7,12,0.0
699,DE_CCGT,2030,5,13,18,0.0
700,DE_CCGT,2030,5,19,24,0.0
701,DE_CCGT,2030,6,1,6,0.0
702,DE_CCGT,2030,6,7,12,0.0
703,DE_CCGT,2030,6,13,18,0.0
704,DE_CCGT,2030,6,19,24,0.0
705,DE_CCGT,2030,7,1,6,0.0
706,DE_CCGT,2030,7,7,12,0.0
707,DE_CCGT,2030,7,13,18,0.0
708,DE_CCGT,2030,7,19,24,-60.3423599396641
709,DE_CCGT,2030,8,1,6,0.0
710,DE_CCGT,2030,8,7,12,0.0
711,DE_CCGT,2030,8,13,18,0.0
712,DE_CCGT,2030,8,19,24,0.0
713,DE_CCGT,2030,9,1,6,0.0
714,DE_CCGT,2030,9,7,12,0.0
715,DE_CCGT,2030,9,13,18,0.0
716,DE_CCGT,2030,9,19,24,0.0
717,DE_CCGT,2030,10,1,6,0.0
718,DE_CCGT,2030,10,7,12,-4.967999999999998
719,DE_CCGT,2030,10,13,18,-4.967999999999998
720,DE_CCGT,2030,10,19,24,0.0
721,DE_Coal,2030,1,1,6,0.0
722,DE_Coal,2030,1,7,12,-4.865399999999999
723,DE_Coal,2030,1,13,18,0.0
724,DE_Coal,2030,1,19,24,0.0
725,DE_Coal,2030,2,1,6,0.0
726,DE_Coal,2030,2,7,12,0.0
727,DE_Coal,2030,2,13,18,0.0
728,DE_Coal,2030,2,19,24,0.0
729,DE_Coal,2030,3,1,6,0.0
730,DE_Coal,2030,3,7,12,0.0
731,DE_Coal,2030,3,13,18,0.0
732,DE_Coal,2030,3,19,24,0.0
733,DE_Coal,2030,4,1,6,0.0
734,DE_Coal,2030,4,7,12,0.0
735,DE_Coal,2030,4,13,18,0.0
736,DE_Coal,2030,4,19,24,0.0
737,DE_Coal,2030,5,1,6,0.0
738,DE_Coal,2030,5,7,12,0.0
739,DE_Coal,2030,5,13,18,0.0
740,DE_Coal,2030,5,19,24,0.0
741,DE_Coal,2030,6,1,6,0.0
742,DE_Coal,2030,6,7,12,0.0
743,DE_Coal,2030,6,13,18,0.0
744,DE_Coal,2030,6,19,24,0.0
745,DE_Coal,2030,7,1,6,-3.3966000000000003
746,DE_Coal,2030,7,7,12,-3.3966000000000003
747,DE_Coal,2030,7,13,18,0.0
748,DE_Coal,2030,7,19,24,-63.7389599396641
749,DE_Coal,2030,8,1,6,0.0
750,DE_Coal,2030,8,7,12,0.0
751,DE_Coal,2030,8,13,18,0.0
752,DE_Coal,2030,8,19,24,0.0
753,DE_Coal,2030,9,1,6,0.0
754,DE_Coal,2030,9,7,12,0.0
755,DE_Coal,2030,9,13,18,0.0
756,DE_Coal,2030,9,19,24,0.0
757,DE_Coal,2030,10,1,6,-4.2228
758,DE_Coal,2030,10,7,12,-9.1908
759,DE_Coal,2030,10,13,18,-9.1908
760,DE_Coal,2030,10,19,24,-4.2228
761,DE_Nuclear,2030,1,1,6,-2.9574000000000007
762,DE_Nuclear,2030,1,7,12,-7.8228
763,DE_Nuclear,2030,1,13,18,-2.9574000000000007
764,DE_Nuclear,2030,1,19,24,-2.9574000000000007
765,DE_Nuclear,2030,2,1,6,-1.8414000000000001
766,DE_Nuclear,2030,2,7,12,-1.8414000000000001
767,DE_Nuclear,2030,2,13,18,-1.8414000000000001
768,DE_Nuclear,2030,2,19,24,-1.8414000000000001
769,DE_Nuclear,2030,3,1,6,0.0
770,DE_Nuclear,2030,3,7,12,0.0
771,DE_Nuclear,2030,3,13,18,-1.6182
772,DE_Nuclear,2030,3,19,24,-1.6182
773,DE_Nuclear,2030,4,1,6,-1.2834
774,DE_Nuclear,2030,4,7,12,-1.2834
775,DE_Nuclear,2030,4,13,18,-1.2834
776,DE_Nuclear,2030,4,19,24,-1.2834
777,DE_Nuclear,2030,5,1,6,0.0
778,DE_Nuclear,2030,5,7,12,0.0
779,DE_Nuclear,2030,5,13,18,0.0
780,DE_Nuclear,2030,5,19,24,0.0
781,DE_Nuclear,2030,6,1,6,-1.0044
782,DE_Nuclear,2030,6,7,12,-1.0044
783,DE_Nuclear,2030,6,13,18,0.0
784,DE_Nuclear,2030,6,19,24,-1.0044
785,DE_Nuclear,2030,7,1,6,-5.461200000000001
786,DE_Nuclear,2030,7,7,12,-5.461200000000001
787,DE_Nuclear,2030,7,13,18,-2.0646000000000004
788,DE_Nuclear,2030,7,19,24,-65.8035599396641
789,DE_Nuclear,2030,8,1,6,0.0
790,DE_Nuclear,2030,8,7,12,0.0
791,DE_Nuclear,2030,8,13,18,0.0
792,DE_Nuclear,2030,8,19,24,0.0
793,DE_Nuclear,2030,9,1,6,0.0
794,DE_Nuclear,2030,9,7,12,0.0
795,DE_Nuclear,2030,9,13,18,0.0
796,DE_Nuclear,2030,9,19,24,-2.3994000000000004
797,DE_Nuclear,2030,10,1,6,-6.7896
798,DE_Nuclear,2030,10,7,12,-11.757599999999998
799,DE_Nuclear,2030,10,13,18,-11.757599999999998
800,DE_Nuclear,2030,10,19,24,-6.7896
801,DE_OCGT,2030,1,1,6,0.0
802,DE_OCGT,2030,1,7,12,0.0
803,DE_OCGT,2030,1,13,18,0.0
804,DE_OCGT,2030,1,19,24,0.0
805,DE_OCGT,2030,2,1,6,0.0
806,DE_OCGT,2030,2,7,12,0.0
807,DE_OCGT,2030,2,13,18,0.0
808,DE_OCGT,2030,2,19,24,0.0
809,DE_OCGT,2030,3,1,6,0.0
810,DE_OCGT,2030,3,7,12,0.0
811,DE_OCGT,2030,3,13,18,0.0
812,DE_OCGT,2030,3,19,24,0.0
813,DE_OCGT,2030,4,1,6,0.0
814,DE_OCGT,2030,4,7,12,0.0
815,DE_OCGT,2030,4,13,18,0.0
816,DE_OCGT,2030,4,19,24,0.0
817,DE_OCGT,2030,5,1,6,0.0
818,DE_OCGT,2030,5,7,12,0.0
819,DE_OCGT,2030,5,13,18,0.0
820,DE_OCGT,2030,5,19,24,0.0
821,DE_OCGT,2030,6,1,6,0.0
822,DE_OCGT,2030,6,7,12,0.0
823,DE_OCGT,2030,6,13,18,0.0
824,DE_OCGT,2030,6,19,24,0.0
825,DE_OCGT,2030,7,1,6,0.0
826,DE_OCGT,2030,7,7,12,0.0
827,DE_OCGT,2030,7,13,18,0.0
828,DE_OCGT,2030,7,19,24,-56.3463599396641
829,DE_OCGT,2030,8,1,6,0.0
830,DE_OCGT,2030,8,7,12,0.0
831,DE_OCGT,2030,8,13,18,0.0
832,DE_OCGT,2030,8,19,24,0.0
833,DE_OCGT,2030,9,1,6,0.0
834,DE_OCGT,2030,9,7,12,0.0
835,DE_OCGT,2030,9,13,18,0.0
836,DE_OCGT,2030,9,19,24,0.0
837,DE_OCGT,2030,10,1,6,0.0
838,DE_OCGT,2030,10,7,12,0.0
839,DE_OCGT,2030,10,13,18,0.0
840,DE_OCGT,2030,10,19,24,0.0
841,DE_Solar,2030,1,1,6,-5.6286000000000005
842,DE_Solar,2030,1,7,12,-10.494
843,DE_Solar,2030,1,13,18,-5.6286000000000005
844,DE_Solar,2030,1,19,24,-5.6286000000000005
845,DE_Solar,2030,2,1,6,-3.5046
846,DE_Solar,2030,2,7,12,-3.5046
847,DE_Solar,2030,2,13,18,-3.5046
848,DE_Solar,2030,2,19,24,-3.5046
849,DE_Solar,2030,3,1,6,-0.34800000000000003
850,DE_Solar,2030,3,7,12,-0.34800000000000003
851,DE_Solar,2030,3,13,18,-3.0798
852,DE_Solar,2030,3,19,24,-3.0798
853,DE_Solar,2030,4,1,6,-2.4426
854,DE_Solar,2030,4,7,12,-2.4426
855,DE_Solar,2030,4,13,18,-2.4426
856,DE_Solar,2030,4,19,24,-2.4426
857,DE_Solar,2030,5,1,6,-0.624
858,DE_Solar,2030,5,7,12,-0.624
859,DE_Solar,2030,5,13,18,-0.624
860,DE_Solar,2030,5,19,24,-0.624
861,DE_Solar,2030,6,1,6,-1.9116
862,DE_Solar,2030,6,7,12,-1.9116
863,DE_Solar,2030,6,13,18,-0.216
864,DE_Solar,2030,6,19,24,-1.9116
865,DE_Solar,2030,7,1,6,-7.3260000000000005
866,DE_Solar,2030,7,7,12,-7.3260000000000005
867,DE_Solar,2030,7,13,18,-3.9294000000000002
868,DE_Solar,2030,7,19,24,-67.6683599396641
869,DE_Solar,2030,8,1,6,-0.372
870,DE_Solar,2030,8,7,12,-0.372
871,DE_Solar,2030,8,13,18,-0.372
872,DE_Solar,2030,8,19,24,-0.372
873,DE_Solar,2030,9,1,6,-0.516
874,DE_Solar,2030,9,7,12,-0.516
875,DE_Solar,2030,9,13,18,-0.516
876,DE_Solar,2030,9,19,24,-4.5666
877,DE_Solar,2030,10,1,6,-9.108
878,DE_Solar,2030,10,7,12,-14.075999999999999
879,DE_Solar,2030,10,13,18,-14.075999999999999
880,DE_Solar,2030,10,19,24,-9.108
881,DE_Wind_Offshore,2030,1,1,6,-4.9926
882,DE_Wind_Offshore,2030,1,7,12,-9.858
883,DE_Wind_Offshore,2030,1,13,18,-4.9926
884,DE_Wind_Offshore,2030,1,19,24,-4.9926
885,DE_Wind_Offshore,2030,2,1,6,-3.1086
886,DE_Wind_Offshore,2030,2,7,12,-3.1086
887,DE_Wind_Offshore,2030,2,13,18,-3.1086
888,DE_Wind_Offshore,2030,2,19,24,-3.1086
889,DE_Wind_Offshore,2030,3,1,6,0.0
890,DE_Wind_Offshore,2030,3,7,12,0.0
891,DE_Wind_Offshore,2030,3,13,18,-2.7318000000000002
892,DE_Wind_Offshore,2030,3,19,24,-2.7318000000000002
893,DE_Wind_Offshore,2030,4,1,6,-2.1666
894,DE_Wind_Offshore,2030,4,7,12,-2.1666
895,DE_Wind_Offshore,2030,4,13,18,-2.1666
896,DE_Wind_Offshore,2030,4,19,24,-2.1666
897,DE_Wind_Offshore,2030,5,1,6,0.0
898,DE_Wind_Offshore,2030,5,7,12,0.0
899,DE_Wind_Offshore,2030,5,13,18,0.0
900,DE_Wind_Offshore,2030,5,19,24,0.0
901,DE_Wind_Offshore,2030,6,1,6,-1.6956
902,DE_Wind_Offshore,2030,6,7,12,-1.6956
903,DE_Wind_Offshore,2030,6,13,18,0.0
904,DE_Wind_Offshore,2030,6,19,24,-1.6956
905,DE_Wind_Offshore,2030,7,1,6,-6.882000000000001
906,DE_Wind_Offshore,2030,7,7,12,-6.882000000000001
907,DE_Wind_Offshore,2030,7,13,18,-3.4854000000000003
908,DE_Wind_Offshore,2030,7,19,24,-67.2243599396641
909,DE_Wind_Offshore,2030,8,1,6,0.0
910,DE_Wind_Offshore,2030,8,7,12,0.0
911,DE_Wind_Offshore,2030,8,13,18,0.0
912,DE_Wind_Offshore,2030,8,19,24,0.0
913,DE_Wind_Offshore,2030,9,1,6,0.0
914,DE_Wind_Offshore,2030,9,7,12,0.0
915,DE_Wind_Offshore,2030,9,13,18,0.0
916,DE_Wind_Offshore,2030,9,19,24,-4.0506
917,DE_Wind_Offshore,2030,10,1,6,-8.556000000000001
918,DE_Wind_Offshore,2030,10,7,12,-13.524
919,DE_Wind_Offshore,2030,10,13,18,-13.524
920,DE_Wind_Offshore,2030,10,19,24,-8.556000000000001
921,DE_Wind_Onshore,2030,1,1,6,-4.9926
922,DE_Wind_Onshore,2030,1,7,12,-9.858
923,DE_Wind_Onshore,2030,1,13,18,-4.9926
924,DE_Wind_Onshore,2030,1,19,24,-4.9926
925,DE_Wind_Onshore,2030,2,1,6,-3.1086
926,DE_Wind_Onshore,2030,2,7,12,-3.1086
927,DE_Wind_Onshore,2030,2,13,18,-3.1086
928,DE_Wind_Onshore,2030,2,19,24,-3.1086
929,DE_Wind_Onshore,2030,3,1,6,0.0
930,DE_Wind_Onshore,2030,3,7,12,0.0
931,DE_Wind_Onshore,2030,3,13,18,-2.7318000000000002
932,DE_Wind_Onshore,2030,3,19,24,-2.7318000000000002
933,DE_Wind_Onshore,2030,4,1,6,-2.1666
934,DE_Wind_Onshore,2030,4,7,12,-2.1666
935,DE_Wind_Onshore,2030,4,13,18,-2.1666
936,DE_Wind_Onshore,2030,4,19,24,-2.1666
937,DE_Wind_Onshore,2030,5,1,6,0.0
938,DE_Wind_Onshore,2030,5,7,12,0.0
939,DE_Wind_Onshore,2030,5,13,18,0.0
940,DE_Wind_Onshore,2030,5,19,24,0.0
941,DE_Wind_Onshore,2030,6,1,6,-1.6956
942,DE_Wind_Onshore,2030,6,7,12,-1.6956
943,DE_Wind_Onshore,2030,6,13,18,0.0
944,DE_Wind_Onshore,2030,6,19,24,-1.6956
945,DE_Wind_Onshore,2030,7,1,6,-6.882000000000001
946,DE_Wind_Onshore,2030,7,7,12,-6.882000000000001
947,DE_Wind_Onshore,2030,7,13,18,-3.4854000000000003
948,DE_Wind_Onshore,2030,7,19,24,-67.2243599396641
949,DE_Wind_Onshore,2030,8,1,6,0.0
950,DE_Wind_Onshore,2030,8,7,12,0.0
951,DE_Wind_Onshore,2030,8,13,18,0.0
952,DE_Wind_Onshore,2030,8,19,24,0.0
953,DE_Wind_Onshore,2030,9,1,6,0.0
954,DE_Wind_Onshore,2030,9,7,12,0.0
955,DE_Wind_Onshore,2030,9,13,18,0.0
956,DE_Wind_Onshore,2030,9,19,24,-4.0506
957,DE_Wind_Onshore,2030,10,1,6,-8.556000000000001
958,DE_Wind_Onshore,2030,10,7,12,-13.524
959,DE_Wind_Onshore,2030,10,13,18,-13.524
960,DE_Wind_Onshore,2030,10,19,24,-8.556000000000001
961,FR_Battery,2030,1,1,6,0.0
962,FR_Battery,2030,1,7,12,0.0
963,FR_Battery,2030,1,13,18,0.0
964,FR_Battery,2030,1,19,24,0.0
965,FR_Battery,2030,2,1,6,0.0
966,FR_Battery,2030,2,7,12,0.0
967,FR_Battery,2030,2,13,18,0.0
968,FR_Battery,2030,2,19,24,0.0
969,FR_Battery,2030,3,1,6,0.0
970,FR_Battery,2030,3,7,12,0.0
971,FR_Battery,2030,3,13,18,0.0
972,FR_Battery,2030,3,19,24,0.0
973,FR_Battery,2030,4,1,6,0.0
974,FR_Battery,2030,4,7,12,0.0
975,FR_Battery,2030,4,13,18,0.0
976,FR_Battery,2030,4,19,24,0.0
977,FR_Battery,2030,5,1,6,0.0
978,FR_Battery,2030,5,7,12,0.0
979,FR_Battery,2030,5,13,18,0.0
980,FR_Battery,2030,5,19,24,0.0
981,FR_Battery,2030,6,1,6,0.0
982,FR_Battery,2030,6,7,12,0.0
983,FR_Battery,2030,6,13,18,0.0
984,FR_Battery,2030,6,19,24,0.0
985,FR_Battery,2030,7,1,6,0.0
986,FR_Battery,2030,7,7,12,0.0
987,FR_Battery,2030,7,13,18,0.0
988,FR_Battery,2030,7,19,24,-13.396165705666302
989,FR_Battery,2030,8,1,6,0.0
990,FR_Battery,2030,8,7,12,0.0
991,FR_Battery,2030,8,13,18,0.0
992,FR_Battery,2030,8,19,24,0.0
993,FR_Battery,2030,9,1,6,0.0
994,FR_Battery,2030,9,7,12,0.0
995,FR_Battery,2030,9,13,18,0.0
996,FR_Battery,2030,9,19,24,0.0
997,FR_Battery,2030,10,1,6,0.0
998,FR_Battery,2030,10,7,12,0.0
999,FR_Battery,2030,10,13,18,0.0
1000,FR_Battery,2030,10,19,24,0.0
1001,FR_CCGT,2030,1,1,6,0.0
1002,FR_CCGT,2030,1,7,12,-5.724
1003,FR_CCGT,2030,1,13,18,0.0
1004,FR_CCGT,2030,1,19,24,0.0
1005,FR_CCGT,2030,2,1,6,0.0
1006,FR_CCGT,2030,2,7,12,0.0
1007,FR_CCGT,2030,2,13,18,0.0
1008,FR_CCGT,2030,2,19,24,0.0
1009,FR_CCGT,2030,3,1,6,0.0
1010,FR_CCGT,2030,3,7,12,0.0
1011,FR_CCGT,2030,3,13,18,0.0
1012,FR_CCGT,2030,3,19,24,0.0
1013,FR_CCGT,2030,4,1,6,0.0
1014,FR_CCGT,2030,4,7,12,0.0
1015,FR_CCGT,2030,4,13,18,0.0
1016,FR_CCGT,2030,4,19,24,0.0
1017,FR_CCGT,2030,5,1,6,0.0
1018,FR_CCGT,2030,5,7,12,0.0
1019,FR_CCGT,2030,5,13,18,0.0
1020,FR_CCGT,2030,5,19,24,0.0
1021,FR_CCGT,2030,6,1,6,0.0
1022,FR_CCGT,2030,6,7,12,0.0
1023,FR_CCGT,2030,6,13,18,0.0
1024,FR_CCGT,2030,6,19,24,0.0
1025,FR_CCGT,2030,7,1,6,0.0
1026,FR_CCGT,2030,7,7,12,-3.9959999999999987
1027,FR_CCGT,2030,7,13,18,-3.9959999999999987
1028,FR_CCGT,2030,7,19,24,-60.3423599396641
1029,FR_CCGT,2030,8,1,6,0.0
1030,FR_CCGT,2030,8,7,12,0.0
1031,FR_CCGT,2030,8,13,18,0.0
1032,FR_CCGT,2030,8,19,24,0.0
1033,FR_CCGT,2030,9,1,6,0.0
1034,FR_CCGT,2030,9,7,12,0.0
1035,FR_CCGT,2030,9,13,18,0.0
1036,FR_CCGT,2030,9,19,24,0.0
1037,FR_CCGT,2030,10,1,6,0.0
1038,FR_CCGT,2030,10,7,12,0.0
1039,FR_CCGT,2030,10,13,18,0.0
1040,FR_CCGT,2030,10,19,24,0.0
1041,FR_Coal,2030,1,1,6,0.0
1042,FR_Coal,2030,1,7,12,-10.5894
1043,FR_Coal,2030,1,13,18,0.0
1044,FR_Coal,2030,1,19,24,-4.865399999999999
1045,FR_Coal,2030,2,1,6,0.0
1046,FR_Coal,2030,2,7,12,0.0
1047,FR_Coal,2030,2,13,18,0.0
1048,FR_Coal,2030,2,19,24,0.0
1049,FR_Coal,2030,3,1,6,0.0
1050,FR_Coal,2030,3,7,12,0.0
1051,FR_Coal,2030,3,13,18,0.0
1052,FR_Coal,2030,3,19,24,0.0
1053,FR_Coal,2030,4,1,6,0.0
1054,FR_Coal,2030,4,7,12,0.0
1055,FR_Coal,2030,4,13,18,0.0
1056,FR_Coal,2030,4,19,24,0.0
1057,FR_Coal,2030,5,1,6,0.0
1058,FR_Coal,2030,5,7,12,0.0
1059,FR_Coal,2030,5,13,18,0.0
1060,FR_Coal,2030,5,19,24,0.0
1061,FR_Coal,2030,6,1,6,0.0
1062,FR_Coal,2030,6,7,12,0.0
1063,FR_Coal,2030,6,13,18,0.0
1064,FR_Coal,2030,6,19,24,0.0
1065,FR_Coal,2030,7,1,6,-3.3966000000000003
1066,FR_Coal,2030,7,7,12,-7.392599999999999
1067,FR_Coal,2030,7,13,18,-7.392599999999999
1068,FR_Coal,2030,7,19,24,-63.7389599396641
1069,FR_Coal,2030,8,1,6,0.0
1070,FR_Coal,2030,8,7,12,0.0
1071,FR_Coal,2030,8,13,18,0.0
1072,FR_Coal,2030,8,19,24,0.0
1073,FR_Coal,2030,9,1,6,0.0
1074,FR_Coal,2030,9,7,12,0.0
1075,FR_Coal,2030,9,13,18,0.0
1076,FR_Coal,2030,9,19,24,0.0
1077,FR_Coal,2030,10,1,6,0.0
1078,FR_Coal,2030,10,7,12,-4.2228
1079,FR_Coal,2030,10,13,18,-4.2228
1080,FR_Coal,2030,10,19,24,-4.2228
1081,FR_Nuclear,2030,1,1,6,-2.9574000000000007
1082,FR_Nuclear,2030,1,7,12,-13.546800000000001
1083,FR_Nuclear,2030,1,13,18,-2.9574000000000007
1084,FR_Nuclear,2030,1,19,24,-7.8228
1085,FR_Nuclear,2030,2,1,6,0.0
1086,FR_Nuclear,2030,2,7,12,0.0
1087,FR_Nuclear,2030,2,13,18,0.0
1088,FR_Nuclear,2030,2,19,24,-1.8414000000000001
1089,FR_Nuclear,2030,3,1,6,0.0
1090,FR_Nuclear,2030,3,7,12,0.0
1091,FR_Nuclear,2030,3,13,18,-1.6182
1092,FR_Nuclear,2030,3,19,24,-1.6182
1093,FR_Nuclear,2030,4,1,6,0.0
1094,FR_Nuclear,2030,4,7,12,0.0
1095,FR_Nuclear,2030,4,13,18,0.0
1096,FR_Nuclear,2030,4,19,24,-1.2834
1097,FR_Nuclear,2030,5,1,6,0.0
1098,FR_Nuclear,2030,5,7,12,0.0
1099,FR_Nuclear,2030,5,13,18,0.0
1100,FR_Nuclear,2030,5,19,24,0.0
1101,FR_Nuclear,2030,6,1,6,0.0
1102,FR_Nuclear,2030,6,7,12,-1.0044
1103,FR_Nuclear,2030,6,13,18,0.0
1104,FR_Nuclear,2030,6,19,24,0.0
1105,FR_Nuclear,2030,7,1,6,-5.461200000000001
1106,FR_Nuclear,2030,7,7,12,-9.4572
1107,FR_Nuclear,2030,7,13,18,-9.4572
1108,FR_Nuclear,2030,7,19,24,-65.8035599396641
1109,FR_Nuclear,2030,8,1,6,0.0
1110,FR_Nuclear,2030,8,7,12,0.0
1111,FR_Nuclear,2030,8,13,18,0.0
1112,FR_Nuclear,2030,8,19,24,0.0
1113,FR_Nuclear,2030,9,1,6,0.0
1114,FR_Nuclear,2030,9,7,12,0.0
1115,FR_Nuclear,2030,9,13,18,0.0
1116,FR_Nuclear,2030,9,19,24,-2.3994000000000004
1117,FR_Nuclear,2030,10,1,6,-2.5668
1118,FR_Nuclear,2030,10,7,12,-6.7896
1119,FR_Nuclear,2030,10,13,18,-6.7896
1120,FR_Nuclear,2030,10,19,24,-6.7896
1121,FR_OCGT,2030,1,1,6,0.0
1122,FR_OCGT,2030,1,7,12,0.0
1123,FR_OCGT,2030,1,13,18,0.0
1124,FR_OCGT,2030,1,19,24,0.0
1125,FR_OCGT,2030,2,1,6,0.0
1126,FR_OCGT,2030,2,7,12,0.0
1127,FR_OCGT,2030,2,13,18,0.0
1128,FR_OCGT,2030,2,19,24,0.0
1129,FR_OCGT,2030,3,1,6,0.0
1130,FR_OCGT,2030,3,7,12,0.0
1131,FR_OCGT,2030,3,13,18,0.0
1132,FR_OCGT,2030,3,19,24,0.0
1133,FR_OCGT,2030,4,1,6,0.0
1134,FR_OCGT,2030,4,7,12,0.0
1135,FR_OCGT,2030,4,13,18,0.0
1136,FR_OCGT,2030,4,19,24,0.0
1137,FR_OCGT,2030,5,1,6,0.0
1138,FR_OCGT,2030,5,7,12,0.0
1139,FR_OCGT,2030,5,13,18,0.0
1140,FR_OCGT,2030,5,19,24,0.0
1141,FR_OCGT,2030,6,1,6,0.0
1142,FR_OCGT,2030,6,7,12,0.0
1143,FR_OCGT,2030,6,13,18,0.0
1144,FR_OCGT,2030,6,19,24,0.0
1145,FR_OCGT,2030,7,1,6,0.0
1146,FR_OCGT,2030,7,7,12,0.0
1147,FR_OCGT,2030,7,13,18,0.0
1148,FR_OCGT,2030,7,19,24,-56.3463599396641
1149,FR_OCGT,2030,8,1,6,0.0
1150,FR_OCGT,2030,8,7,12,0.0
1151,FR_OCGT,2030,8,13,18,0.0
1152,FR_OCGT,2030,8,19,24,0.0
1153,FR_OCGT,2030,9,1,6,0.0
1154,FR_OCGT,2030,9,7,12,0.0
1155,FR_OCGT,2030,9,13,18,0.0
1156,FR_OCGT,2030,9,19,24,0.0
1157,FR_OCGT,2030,10,1,6,0.0
1158,FR_OCGT,2030,10,7,12,0.0
1159,FR_OCGT,2030,10,13,18,0.0
1160,FR_OCGT,2030,10,19,24,0.0
1161,FR_Solar,2030,1,1,6,-5.6286000000000005
1162,FR_Solar,2030,1,7,12,-16.218
1163,FR_Solar,2030,1,13,18,-5.6286000000000005
1164,FR_Solar,2030,1,19,24,-10.494
1165,FR_Solar,2030,2,1,6,-0.396
1166,FR_Solar,2030,2,7,12,-0.396
1167,FR_Solar,2030,2,13,18,-0.396
1168,FR_Solar,2030,2,19,24,-3.5046
1169,FR_Solar,2030,3,1,6,-0.34800000000000003
1170,FR_Solar,2030,3,7,12,-0.34800000000000003
1171,FR_Solar,2030,3,13,18,-3.0798
1172,FR_Solar,2030,3,19,24,-3.0798
1173,FR_Solar,2030,4,1,6,-0.276
1174,FR_Solar,2030,4,7,12,-0.276
1175,FR_Solar,2030,4,13,18,-0.276
1176,FR_Solar,2030,4,19,24,-2.4426
1177,FR_Solar,2030,5,1,6,-0.624
1178,FR_Solar,2030,5,7,12,-0.624
1179,FR_Solar,2030,5,13,18,-0.624
1180,FR_Solar,2030,5,19,24,-0.624
1181,FR_Solar,2030,6,1,6,-0.216
1182,FR_Solar,2030,6,7,12,-1.9116
1183,FR_Solar,2030,6,13,18,-0.216
1184,FR_Solar,2030,6,19,24,-0.216
1185,FR_Solar,2030,7,1,6,-7.3260000000000005
1186,FR_Solar,2030,7,7,12,-11.322
1187,FR_Solar,2030,7,13,18,-11.322
1188,FR_Solar,2030,7,19,24,-67.6683599396641
1189,FR_Solar,2030,8,1,6,-0.372
1190,FR_Solar,2030,8,7,12,-0.372
1191,FR_Solar,2030,8,13,18,-0.372
1192,FR_Solar,2030,8,19,24,-0.372
1193,FR_Solar,2030,9,1,6,-0.516
1194,FR_Solar,2030,9,7,12,-0.516
1195,FR_Solar,2030,9,13,18,-0.516
1196,FR_Solar,2030,9,19,24,-4.5666
1197,FR_Solar,2030,10,1,6,-4.8852
1198,FR_Solar,2030,10,7,12,-9.108
1199,FR_Solar,2030,10,13,18,-9.108
1200,FR_Solar,2030,10,19,24,-9.108
1201,FR_Wind_Offshore,2030,1,1,6,-4.9926
1202,FR_Wind_Offshore,2030,1,7,12,-15.582
1203,FR_Wind_Offshore,2030,1,13,18,-4.9926
1204,FR_Wind_Offshore,2030,1,19,24,-9.858
1205,FR_Wind_Offshore,2030,2,1,6,0.0
1206,FR_Wind_Offshore,2030,2,7,12,0.0
1207,FR_Wind_Offshore,2030,2,13,18,0.0
1208,FR_Wind_Offshore,2030,2,19,24,-3.1086
1209,FR_Wind_Offshore,2030,3,1,6,0.0
1210,FR_Wind_Offshore,2030,3,7,12,0.0
1211,FR_Wind_Offshore,2030,3,13,18,-2.7318000000000002
1212,FR_Wind_Offshore,2030,3,19,24,-2.7318000000000002
1213,FR_Wind_Offshore,2030,4,1,6,0.0
1214,FR_Wind_Offshore,2030,4,7,12,0.0
1215,FR_Wind_Offshore,2030,4,13,18,0.0
1216,FR_Wind_Offshore,2030,4,19,24,-2.1666
1217,FR_Wind_Offshore,2030,5,1,6,0.0
1218,FR_Wind_Offshore,2030,5,7,12,0.0
1219,FR_Wind_Offshore,2030,5,13,18,0.0
1220,FR_Wind_Offshore,2030,5,19,24,0.0
1221,FR_Wind_Offshore,2030,6,1,6,0.0
1222,FR_Wind_Offshore,2030,6,7,12,-1.6956
1223,FR_Wind_Offshore,2030,6,13,18,0.0
1224,FR_Wind_Offshore,2030,6,19,24,0.0
1225,FR_Wind_Offshore,2030,7,1,6,-6.882000000000001
1226,FR_Wind_Offshore,2030,7,7,12,-10.877999999999998
1227,FR_Wind_Offshore,2030,7,13,18,-10.877999999999998
1228,FR_Wind_Offshore,2030,7,19,24,-67.2243599396641
1229,FR_Wind_Offshore,2030,8,1,6,0.0
1230,FR_Wind_Offshore,2030,8,7,12,0.0
1231,FR_Wind_Offshore,2030,8,13,18,0.0
1232,FR_Wind_Offshore,2030,8,19,24,0.0
1233,FR_Wind_Offshore,2030,9,1,6,0.0
1234,FR_Wind_Offshore,2030,9,7,12,0.0
1235,FR_Wind_Offshore,2030,9,13,18,0.0
1236,FR_Wind_Offshore,2030,9,19,24,-4.0506
1237,FR_Wind_Offshore,2030,10,1,6,-4.3332
1238,FR_Wind_Offshore,2030,10,7,12,-8.556000000000001
1239,FR_Wind_Offshore,2030,10,13,18,-8.556000000000001
1240,FR_Wind_Offshore,2030,10,19,24,-8.556000000000001
1241,FR_Wind_Onshore,2030,1,1,6,-4.9926
1242,FR_Wind_Onshore,2030,1,7,12,-15.582
1243,FR_Wind_Onshore,2030,1,13,18,-4.9926
1244,FR_Wind_Onshore,2030,1,19,24,-9.858
1245,FR_Wind_Onshore,2030,2,1,6,0.0
1246,FR_Wind_Onshore,2030,2,7,12,0.0
1247,FR_Wind_Onshore,2030,2,13,18,0.0
1248,FR_Wind_Onshore,2030,2,19,24,-3.1086
1249,FR_Wind_Onshore,2030,3,1,6,0.0
1250,FR_Wind_Onshore,2030,3,7,12,0.0
1251,FR_Wind_Onshore,2030,3,13,18,-2.7318000000000002
1252,FR_Wind_Onshore,2030,3,19,24,-2.7318000000000002
1253,FR_Wind_Onshore,2030,4,1,6,0.0
1254,FR_Wind_Onshore,2030,4,7,12,0.0
1255,FR_Wind_Onshore,2030,4,13,18,0.0
1256,FR_Wind_Onshore,2030,4,19,24,-2.1666
1257,FR_Wind_Onshore,2030,5,1,6,0.0
1258,FR_Wind_Onshore,2030,5,7,12,0.0
1259,FR_Wind_Onshore,2030,5,13,18,0.0
1260,FR_Wind_Onshore,2030,5,19,24,0.0
1261,FR_Wind_Onshore,2030,6,1,6,0.0
1262,FR_Wind_Onshore,2030,6,7,12,-1.6956
1263,FR_Wind_Onshore,2030,6,13,18,0.0
1264,FR_Wind_Onshore,2030,6,19,24,0.0
1265,FR_Wind_Onshore,2030,7,1,6,-6.882000000000001
1266,FR_Wind_Onshore,2030,7,7,12,-10.877999999999998
1267,FR_Wind_Onshore,2030,7,13,18,-10.877999999999998
1268,FR_Wind_Onshore,2030,7,19,24,-67.2243599396641
1269,FR_Wind_Onshore,2030,8,1,6,0.0
1270,FR_Wind_Onshore,2030,8,7,12,0.0
1271,FR_Wind_Onshore,2030,8,13,18,0.0
1272,FR_Wind_Onshore,2030,8,19,24,0.0
1273,FR_Wind_Onshore,2030,9,1,6,0.0
1274,FR_Wind_Onshore,2030,9,7,12,0.0
1275,FR_Wind_Onshore,2030,9,13,18,0.0
1276,FR_Wind_Onshore,2030,9,19,24,-4.0506
1277,FR_Wind_Onshore,2030,10,1,6,-4.3332
1278,FR_Wind_Onshore,2030,10,7,12,-8.556000000000001
1279,FR_Wind_Onshore,2030,10,13,18,-8.556000000000001
1280,FR_Wind_Onshore,2030,10,19,24,-8.556000000000001
1281,LU_Battery,2030,1,1,6,0.0
1282,LU_Battery,2030,1,7,12,0.0
1283,LU_Battery,2030,1,13,18,0.0
1284,LU_Battery,2030,1,19,24,0.0
1285,LU_Battery,2030,2,1,6,0.0
1286,LU_Battery,2030,2,7,12,0.0
1287,LU_Battery,2030,2,13,18,0.0
1288,LU_Battery,2030,2,19,24,0.0
1289,LU_Battery,2030,3,1,6,0.0
1290,LU_Battery,2030,3,7,12,0.0
1291,LU_Battery,2030,3,13,18,-4.440892098500626e-16
1292,LU_Battery,2030,3,19,24,0.0
1293,LU_Battery,2030,4,1,6,0.0
1294,LU_Battery,2030,4,7,12,0.0
1295,LU_Battery,2030,4,13,18,0.0
1296,LU_Battery,2030,4,19,24,0.0
1297,LU_Battery,2030,5,1,6,0.0
1298,LU_Battery,2030,5,7,12,0.0
1299,LU_Battery,2030,5,13,18,0.0
1300,LU_Battery,2030,5,19,24,0.0
1301,LU_Battery,2030,6,1,6,0.0
1302,LU_Battery,2030,6,7,12,0.0
1303,LU_Battery,2030,6,13,18,0.0
1304,LU_Battery,2030,6,19,24,0.0
1305,LU_Battery,2030,7,1,6,0.0
1306,LU_Battery,2030,7,7,12,0.0
1307,LU_Battery,2030,7,13,18,0.0
1308,LU_Battery,2030,7,19,24,0.0
1309,LU_Battery,2030,8,1,6,0.0
1310,LU_Battery,2030,8,7,12,0.0
1311,LU_Battery,2030,8,13,18,0.0
1312,LU_Battery,2030,8,19,24,0.0
1313,LU_Battery,2030,9,1,6,0.0
1314,LU_Battery,2030,9,7,12,0.0
1315,LU_Battery,2030,9,13,18,0.0
1316,LU_Battery,2030,9,19,24,0.0
1317,LU_Battery,2030,10,1,6,0.0
1318,LU_Battery,2030,10,7,12,0.0
1319,LU_Battery,2030,10,13,18,-4.967999999999998
1320,LU_Battery,2030,10,19,24,0.0
1321,LU_CCGT,2030,1,1,6,0.0
1322,LU_CCGT,2030,1,7,12,0.0
1323,LU_CCGT,2030,1,13,18,0.0
1324,LU_CCGT,2030,1,19,24,0.0
1325,LU_CCGT,2030,2,1,6,0.0
1326,LU_CCGT,2030,2,7,12,0.0
1327,LU_CCGT,2030,2,13,18,0.0
1328,LU_CCGT,2030,2,19,24,0.0
1329,LU_CCGT,2030,3,1,6,0.0
1330,LU_CCGT,2030,3,7,12,0.0
1331,LU_CCGT,2030,3,13,18,0.0
1332,LU_CCGT,2030,3,19,24,0.0
1333,LU_CCGT,2030,4,1,6,0.0
1334,LU_CCGT,2030,4,7,12,0.0
1335,LU_CCGT,2030,4,13,18,0.0
1336,LU_CCGT,2030,4,19,24,0.0
1337,LU_CCGT,2030,5,1,6,0.0
1338,LU_CCGT,2030,5,7,12,0.0
1339,LU_CCGT,2030,5,13,18,0.0
1340,LU_CCGT,2030,5,19,24,0.0
1341,LU_CCGT,2030,6,1,6,0.0
1342,LU_CCGT,2030,6,7,12,0.0
1343,LU_CCGT,2030,6,13,18,0.0
1344,LU_CCGT,2030,6,19,24,0.0
1345,LU_CCGT,2030,7,1,6,0.0
1346,LU_CCGT,2030,7,7,12,-3.9959999999999987
1347,LU_CCGT,2030,7,13,18,0.0
1348,LU_CCGT,2030,7,19,24,-60.3423599396641
1349,LU_CCGT,2030,8,1,6,0.0
1350,LU_CCGT,2030,8,7,12,0.0
1351,LU_CCGT,2030,8,13,18,0.0
1352,LU_CCGT,2030,8,19,24,0.0
1353,LU_CCGT,2030,9,1,6,0.0
1354,LU_CCGT,2030,9,7,12,0.0
1355,LU_CCGT,2030,9,13,18,0.0
1356,LU_CCGT,2030,9,19,24,0.0
1357,LU_CCGT,2030,10,1,6,0.0
1358,LU_CCGT,2030,10,7,12,0.0
1359,LU_CCGT,2030,10,13,18,-4.967999999999998
1360,LU_CCGT,2030,10,19,24,0.0
1361,LU_Coal,2030,1,1,6,0.0
1362,LU_Coal,2030,1,7,12,-4.865399999999999
1363,LU_Coal,2030,1,13,18,0.0
1364,LU_Coal,2030,1,19,24,0.0
1365,LU_Coal,2030,2,1,6,0.0
1366,LU_Coal,2030,2,7,12,0.0
1367,LU_Coal,2030,2,13,18,0.0
1368,LU_Coal,2030,2,19,24,0.0
1369,LU_Coal,2030,3,1,6,0.0
1370,LU_Coal,2030,3,7,12,0.0
1371,LU_Coal,2030,3,13,18,0.0
1372,LU_Coal,2030,3,19,24,0.0
1373,LU_Coal,2030,4,1,6,0.0
1374,LU_Coal,2030,4,7,12,0.0
1375,LU_Coal,2030,4,13,18,0.0
1376,LU_Coal,2030,4,19,24,0.0
1377,LU_Coal,2030,5,1,6,0.0
1378,LU_Coal,2030,5,7,12,0.0
1379,LU_Coal,2030,5,13,18,0.0
1380,LU_Coal,2030,5,19,24,0.0
1381,LU_Coal,2030,6,1,6,0.0
1382,LU_Coal,2030,6,7,12,0.0
1383,LU_Coal,2030,6,13,18,0.0
1384,LU_Coal,2030,6,19,24,0.0
1385,LU_Coal,2030,7,1,6,-3.3966000000000003
1386,LU_Coal,2030,7,7,12,-7.392599999999999
1387,LU_Coal,2030,7,13,18,0.0
1388,LU_Coal,2030,7,19,24,-63.7389599396641
1389,LU_Coal,2030,8,1,6,0.0
1390,LU_Coal,2030,8,7,12,0.0
1391,LU_Coal,2030,8,13,18,0.0
1392,LU_Coal,2030,8,19,24,0.0
1393,LU_Coal,2030,9,1,6,0.0
1394,LU_Coal,2030,9,7,12,0.0
1395,LU_Coal,2030,9,13,18,0.0
1396,LU_Coal,2030,9,19,24,0.0
1397,LU_Coal,2030,10,1,6,-4.2228
1398,LU_Coal,2030,10,7,12,-4.2228
1399,LU_Coal,2030,10,13,18,-9.1908
1400,LU_Coal,2030,10,19,24,-4.2228
1401,LU_Nuclear,2030,1,1,6,-2.9574000000000007
1402,LU_Nuclear,2030,1,7,12,-7.8228
1403,LU_Nuclear,2030,1,13,18,-2.9574000000000007
1404,LU_Nuclear,2030,1,19,24,-2.9574000000000007
1405,LU_Nuclear,2030,2,1,6,0.0
1406,LU_Nuclear,2030,2,7,12,-1.8414000000000001
1407,LU_Nuclear,2030,2,13,18,-1.8414000000000001
1408,LU_Nuclear,2030,2,19,24,-1.8414000000000001
1409,LU_Nuclear,2030,3,1,6,0.0
1410,LU_Nuclear,2030,3,7,12,0.0
1411,LU_Nuclear,2030,3,13,18,-1.6182
1412,LU_Nuclear,2030,3,19,24,-1.6182
1413,LU_Nuclear,2030,4,1,6,0.0
1414,LU_Nuclear,2030,4,7,12,-1.2834
1415,LU_Nuclear,2030,4,13,18,0.0
1416,LU_Nuclear,2030,4,19,24,-1.2834
1417,LU_Nuclear,2030,5,1,6,0.0
1418,LU_Nuclear,2030,5,7,12,0.0
1419,LU_Nuclear,2030,5,13,18,0.0
1420,LU_Nuclear,2030,5,19,24,0.0
1421,LU_Nuclear,2030,6,1,6,-1.0044
1422,LU_Nuclear,2030,6,7,12,-1.0044
1423,LU_Nuclear,2030,6,13,18,0.0
1424,LU_Nuclear,2030,6,19,24,-1.0044
1425,LU_Nuclear,2030,7,1,6,-5.461200000000001
1426,LU_Nuclear,2030,7,7,12,-9.4572
1427,LU_Nuclear,2030,7,13,18,-2.0646000000000004
1428,LU_Nuclear,2030,7,19,24,-65.8035599396641
1429,LU_Nuclear,2030,8,1,6,0.0
1430,LU_Nuclear,2030,8,7,12,0.0
1431,LU_Nuclear,2030,8,13,18,0.0
1432,LU_Nuclear,2030,8,19,24,0.0
1433,LU_Nuclear,2030,9,1,6,0.0
1434,LU_Nuclear,2030,9,7,12,0.0
1435,LU_Nuclear,2030,9,13,18,0.0
1436,LU_Nuclear,2030,9,19,24,-2.3994000000000004
1437,LU_Nuclear,2030,10,1,6,-6.7896
1438,LU_Nuclear,2030,10,7,12,-6.7896
1439,LU_Nuclear,2030,10,13,18,-11.757599999999998
1440,LU_Nuclear,2030,10,19,24,-6.7896
1441,LU_OCGT,2030,1,1,6,0.0
1442,LU_OCGT,2030,1,7,12,0.0
1443,LU_OCGT,2030,1,13,18,0.0
1444,LU_OCGT,2030,1,19,24,0.0
1445,LU_OCGT,2030,2,1,6,0.0
1446,LU_OCGT,2030,2,7,12,0.0
1447,LU_OCGT,2030,2,13,18,0.0
1448,LU_OCGT,2030,2,19,24,0.0
1449,LU_OCGT,2030,3,1,6,0.0
1450,LU_OCGT,2030,3,7,12,0.0
1451,LU_OCGT,2030,3,13,18,0.0
1452,LU_OCGT,2030,3,19,24,0.0
1453,LU_OCGT,2030,4,1,6,0.0
1454,LU_OCGT,2030,4,7,12,0.0
1455,LU_OCGT,2030,4,13,18,0.0
1456,LU_OCGT,2030,4,19,24,0.0
1457,LU_OCGT,2030,5,1,6,0.0
1458,LU_OCGT,2030,5,7,12,0.0
1459,LU_OCGT,2030,5,13,18,0.0
1460,LU_OCGT,2030,5,19,24,0.0
1461,LU_OCGT,2030,6,1,6,0.0
1462,LU_OCGT,2030,6,7,12,0.0
1463,LU_OCGT,2030,6,13,18,0.0
1464,LU_OCGT,2030,6,19,24,0.0
1465,LU_OCGT,2030,7,1,6,0.0
1466,LU_OCGT,2030,7,7,12,0.0
1467,LU_OCGT,2030,7,13,18,0.0
1468,LU_OCGT,2030,7,19,24,-56.3463599396641
1469,LU_OCGT,2030,8,1,6,0.0
1470,LU_OCGT,2030,8,7,12,0.0
1471,LU_OCGT,2030,8,13,18,0.0
1472,LU_OCGT,2030,8,19,24,0.0
1473,LU_OCGT,2030,9,1,6,0.0
1474,LU_OCGT,2030,9,7,12,0.0
1475,LU_OCGT,2030,9,13,18,0.0
1476,LU_OCGT,2030,9,19,24,0.0
1477,LU_OCGT,2030,10,1,6,0.0
1478,LU_OCGT,2030,10,7,12,0.0
1479,LU_OCGT,2030,10,13,18,0.0
1480,LU_OCGT,2030,10,19,24,0.0
1481,LU_Solar,2030,1,1,6,-5.6286000000000005
1482,LU_Solar,2030,1,7,12,-10.494
1483,LU_Solar,2030,1,13,18,-5.6286000000000005
1484,LU_Solar,2030,1,19,24,-5.6286000000000005
1485,LU_Solar,2030,2,1,6,-0.396
1486,LU_Solar,2030,2,7,12,-3.5046
1487,LU_Solar,2030,2,13,18,-3.5046
1488,LU_Solar,2030,2,19,24,-3.5046
1489,LU_Solar,2030,3,1,6,-0.34800000000000003
1490,LU_Solar,2030,3,7,12,-0.34800000000000003
1491,LU_Solar,2030,3,13,18,-3.0798
1492,LU_Solar,2030,3,19,24,-3.0798
1493,LU_Solar,2030,4,1,6,-0.276
1494,LU_Solar,2030,4,7,12,-2.4426
1495,LU_Solar,2030,4,13,18,-0.276
1496,LU_Solar,2030,4,19,24,-2.4426
1497,LU_Solar,2030,5,1,6,-0.624
1498,LU_Solar,2030,5,7,12,-0.624
1499,LU_Solar,2030,5,13,18,-0.624
1500,LU_Solar,2030,5,19,24,-0.624
1501,LU_Solar,2030,6,1,6,-1.9116
1502,LU_Solar,2030,6,7,12,-1.9116
1503,LU_Solar,2030,6,13,18,-0.216
1504,LU_Solar,2030,6,19,24,-1.9116
1505,LU_Solar,2030,7,1,6,-7.3260000000000005
1506,LU_Solar,2030,7,7,12,-11.322
1507,LU_Solar,2030,7,13,18,-3.9294000000000002
1508,LU_Solar,2030,7,19,24,-67.6683599396641
1509,LU_Solar,2030,8,1,6,-0.372
1510,LU_Solar,2030,8,7,12,-0.372
1511,LU_Solar,2030,8,13,18,-0.372
1512,LU_Solar,2030,8,19,24,-0.372
1513,LU_Solar,2030,9,1,6,-0.516
1514,LU_Solar,2030,9,7,12,-0.516
1515,LU_Solar,2030,9,13,18,-0.516
1516,LU_Solar,2030,9,19,24,-4.5666
1517,LU_Solar,2030,10,1,6,-9.108
1518,LU_Solar,2030,10,7,12,-9.108
1519,LU_Solar,2030,10,13,18,-14.075999999999999
1520,LU_Solar,2030,10,19,24,-9.108
1521,LU_Wind_Offshore,2030,1,1,6,-4.9926
1522,LU_Wind_Offshore,2030,1,7,12,-9.858
1523,LU_Wind_Offshore,2030,1,13,18,-4.9926
1524,LU_Wind_Offshore,2030,1,19,24,-4.9926
1525,LU_Wind_Offshore,2030,2,1,6,0.0
1526,LU_Wind_Offshore,2030,2,7,12,-3.1086
1527,LU_Wind_Offshore,2030,2,13,18,-3.1086
1528,LU_Wind_Offshore,2030,2,19,24,-3.1086
1529,LU_Wind_Offshore,2030,3,1,6,0.0
1530,LU_Wind_Offshore,2030,3,7,12,0.0
1531,LU_Wind_Offshore,2030,3,13,18,-2.7318000000000002
1532,LU_Wind_Offshore,2030,3,19,24,-2.7318000000000002
1533,LU_Wind_Offshore,2030,4,1,6,0.0
1534,LU_Wind_Offshore,2030,4,7,12,-2.1666
1535,LU_Wind_Offshore,2030,4,13,18,0.0
1536,LU_Wind_Offshore,2030,4,19,24,-2.1666
1537,LU_Wind_Offshore,2030,5,1,6,0.0
1538,LU_Wind_Offshore,2030,5,7,12,0.0
1539,LU_Wind_Offshore,2030,5,13,18,0.0
1540,LU_Wind_Offshore,2030,5,19,24,0.0
1541,LU_Wind_Offshore,2030,6,1,6,-1.6956
1542,LU_Wind_Offshore,2030,6,7,12,-1.6956
1543,LU_Wind_Offshore,2030,6,13,18,0.0
1544,LU_Wind_Offshore,2030,6,19,24,-1.6956
1545,LU_Wind_Offshore,2030,7,1,6,-6.882000000000001
1546,LU_Wind_Offshore,2030,7,7,12,-10.877999999999998
1547,LU_Wind_Offshore,2030,7,13,18,-3.4854000000000003
1548,LU_Wind_Offshore,2030,7,19,24,-67.2243599396641
1549,LU_Wind_Offshore,2030,8,1,6,0.0
1550,LU_Wind_Offshore,2030,8,7,12,0.0
1551,LU_Wind_Offshore,2030,8,13,18,0.0
1552,LU_Wind_Offshore,2030,8,19,24,0.0
1553,LU_Wind_Offshore,2030,9,1,6,0.0
1554,LU_Wind_Offshore,2030,9,7,12,0.0
1555,LU_Wind_Offshore,2030,9,13,18,0.0
1556,LU_Wind_Offshore,2030,9,19,24,-4.0506
1557,LU_Wind_Offshore,2030,10,1,6,-8.556000000000001
1558,LU_Wind_Offshore,2030,10,7,12,-8.556000000000001
1559,LU_Wind_Offshore,2030,10,13,18,-13.524
1560,LU_Wind_Offshore,2030,10,19,24,-8.556000000000001
1561,LU_Wind_Onshore,2030,1,1,6,-4.9926
1562,LU_Wind_Onshore,2030,1,7,12,-9.858
1563,LU_Wind_Onshore,2030,1,13,18,-4.9926
1564,LU_Wind_Onshore,2030,1,19,24,-4.9926
1565,LU_Wind_Onshore,2030,2,1,6,0.0
1566,LU_Wind_Onshore,2030,2,7,12,-3.1086
1567,LU_Wind_Onshore,2030,2,13,18,-3.1086
1568,LU_Wind_Onshore,2030,2,19,24,-3.1086
1569,LU_Wind_Onshore,2030,3,1,6,0.0
1570,LU_Wind_Onshore,2030,3,7,12,0.0
1571,LU_Wind_Onshore,2030,3,13,18,-2.7318000000000002
1572,LU_Wind_Onshore,2030,3,19,24,-2.7318000000000002
1573,LU_Wind_Onshore,2030,4,1,6,0.0
1574,LU_Wind_Onshore,2030,4,7,12,-2.1666
1575,LU_Wind_Onshore,2030,4,13,18,0.0
1576,LU_Wind_Onshore,2030,4,19,24,-2.1666
1577,LU_Wind_Onshore,2030,5,1,6,0.0
1578,LU_Wind_Onshore,2030,5,7,12,0.0
1579,LU_Wind_Onshore,2030,5,13,18,0.0
1580,LU_Wind_Onshore,2030,5,19,24,0.0
1581,LU_Wind_Onshore,2030,6,1,6,-1.6956
1582,LU_Wind_Onshore,2030,6,7,12,-1.6956
1583,LU_Wind_Onshore,2030,6,13,18,0.0
1584,LU_Wind_Onshore,2030,6,19,24,-1.6956
1585,LU_Wind_Onshore,2030,7,1,6,-6.882000000000001
1586,LU_Wind_Onshore,2030,7,7,12,-10.877999999999998
1587,LU_Wind_Onshore,2030,7,13,18,-3.4854000000000003
1588,LU_Wind_Onshore,2030,7,19,24,-67.2243599396641
1589,LU_Wind_Onshore,2030,8,1,6,0.0
1590,LU_Wind_Onshore,2030,8,7,12,0.0
1591,LU_Wind_Onshore,2030,8,13,18,0.0
1592,LU_Wind_Onshore,2030,8,19,24,0.0
1593,LU_Wind_Onshore,2030,9,1,6,0.0
1594,LU_Wind_Onshore,2030,9,7,12,0.0
1595,LU_Wind_Onshore,2030,9,13,18,0.0
1596,LU_Wind_Onshore,2030,9,19,24,-4.0506
1597,LU_Wind_Onshore,2030,10,1,6,-8.556000000000001
1598,LU_Wind_Onshore,2030,10,7,12,-8.556000000000001
1599,LU_Wind_Onshore,2030,10,13,18,-13.524
1600,LU_Wind_Onshore,2030,10,19,24,-8.556000000000001
1601,NL_Battery,2030,1,1,6,0.0
1602,NL_Battery,2030,1,7,12,0.0
1603,NL_Battery,2030,1,13,18,0.0
1604,NL_Battery,2030,1,19,24,0.0
1605,NL_Battery,2030,2,1,6,0.0
1606,NL_Battery,2030,2,7,12,0.0
1607,NL_Battery,2030,2,13,18,0.0
1608,NL_Battery,2030,2,19,24,0.0
1609,NL_Battery,2030,3,1,6,0.0
1610,NL_Battery,2030,3,7,12,0.0
1611,NL_Battery,2030,3,13,18,0.0
1612,NL_Battery,2030,3,19,24,0.0
1613,NL_Battery,2030,4,1,6,0.0
1614,NL_Battery,2030,4,7,12,0.0
1615,NL_Battery,2030,4,13,18,0.0
1616,NL_Battery,2030,4,19,24,0.0
1617,NL_Battery,2030,5,1,6,0.0
1618,NL_Battery,2030,5,7,12,0.0
1619,NL_Battery,2030,5,13,18,0.0
1620,NL_Battery,2030,5,19,24,0.0
1621,NL_Battery,2030,6,1,6,0.0
1622,NL_Battery,2030,6,7,12,0.0
1623,NL_Battery,2030,6,13,18,0.0
1624,NL_Battery,2030,6,19,24,0.0
1625,NL_Battery,2030,7,1,6,0.0
1626,NL_Battery,2030,7,7,12,0.0
1627,NL_Battery,2030,7,13,18,0.0
1628,NL_Battery,2030,7,19,24,0.0
1629,NL_Battery,2030,8,1,6,0.0
1630,NL_Battery,2030,8,7,12,0.0
1631,NL_Battery,2030,8,13,18,0.0
1632,NL_Battery,2030,8,19,24,0.0
1633,NL_Battery,2030,9,1,6,0.0
1634,NL_Battery,2030,9,7,12,0.0
1635,NL_Battery,2030,9,13,18,0.0
1636,NL_Battery,2030,9,19,24,0.0
1637,NL_Battery,2030,10,1,6,0.0
1638,NL_Battery,2030,10,7,12,0.0
1639,NL_Battery,2030,10,13,18,0.0
1640,NL_Battery,2030,10,19,24,0.0
1641,NL_CCGT,2030,1,1,6,0.0
1642,NL_CCGT,2030,1,7,12,0.0
1643,NL_CCGT,2030,1,13,18,0.0
1644,NL_CCGT,2030,1,19,24,0.0
1645,NL_CCGT,2030,2,1,6,0.0
1646,NL_CCGT,2030,2,7,12,0.0
1647,NL_CCGT,2030,2,13,18,0.0
1648,NL_CCGT,2030,2,19,24,0.0
1649,NL_CCGT,2030,3,1,6,0.0
1650,NL_CCGT,2030,3,7,12,0.0
1651,NL_CCGT,2030,3,13,18,0.0
1652,NL_CCGT,2030,3,19,24,0.0
1653,NL_CCGT,2030,4,1,6,0.0
1654,NL_CCGT,2030,4,7,12,0.0
1655,NL_CCGT,2030,4,13,18,0.0
1656,NL_CCGT,2030,4,19,24,0.0
1657,NL_CCGT,2030,5,1,6,0.0
1658,NL_CCGT,2030,5,7,12,0.0
1659,NL_CCGT,2030,5,13,18,0.0
1660,NL_CCGT,2030,5,19,24,0.0
1661,NL_CCGT,2030,6,1,6,0.0
1662,NL_CCGT,2030,6,7,12,0.0
1663,NL_CCGT,2030,6,13,18,0.0
1664,NL_CCGT,2030,6,19,24,0.0
1665,NL_CCGT,2030,7,1,6,0.0
1666,NL_CCGT,2030,7,7,12,-3.9959999999999987
1667,NL_CCGT,2030,7,13,18,-3.9959999999999987
1668,NL_CCGT,2030,7,19,24,0.0
1669,NL_CCGT,2030,8,1,6,0.0
1670,NL_CCGT,2030,8,7,12,0.0
1671,NL_CCGT,2030,8,13,18,0.0
1672,NL_CCGT,2030,8,19,24,0.0
1673,NL_CCGT,2030,9,1,6,0.0
1674,NL_CCGT,2030,9,7,12,0.0
1675,NL_CCGT,2030,9,13,18,0.0
1676,NL_CCGT,2030,9,19,24,0.0
1677,NL_CCGT,2030,10,1,6,0.0
1678,NL_CCGT,2030,10,7,12,0.0
1679,NL_CCGT,2030,10,13,18,-4.967999999999998
1680,NL_CCGT,2030,10,19,24,0.0
1681,NL_Coal,2030,1,1,6,0.0
1682,NL_Coal,2030,1,7,12,-4.865399999999999
1683,NL_Coal,2030,1,13,18,0.0
1684,NL_Coal,2030,1,19,24,0.0
1685,NL_Coal,2030,2,1,6,0.0
1686,NL_Coal,2030,2,7,12,0.0
1687,NL_Coal,2030,2,13,18,0.0
1688,NL_Coal,2030,2,19,24,0.0
1689,NL_Coal,2030,3,1,6,0.0
1690,NL_Coal,2030,3,7,12,0.0
1691,NL_Coal,2030,3,13,18,0.0
1692,NL_Coal,2030,3,19,24,0.0
1693,NL_Coal,2030,4,1,6,0.0
1694,NL_Coal,2030,4,7,12,0.0
1695,NL_Coal,2030,4,13,18,0.0
1696,NL_Coal,2030,4,19,24,0.0
1697,NL_Coal,2030,5,1,6,0.0
1698,NL_Coal,2030,5,7,12,0.0
1699,NL_Coal,2030,5,13,18,0.0
1700,NL_Coal,2030,5,19,24,0.0
1701,NL_Coal,2030,6,1,6,0.0
1702,NL_Coal,2030,6,7,12,0.0
1703,NL_Coal,2030,6,13,18,0.0
1704,NL_Coal,2030,6,19,24,0.0
1705,NL_Coal,2030,7,1,6,-3.3966000000000003
1706,NL_Coal,2030,7,7,12,-7.392599999999999
1707,NL_Coal,2030,7,13,18,-7.392599999999999
1708,NL_Coal,2030,7,19,24,-3.3966000000000003
1709,NL_Coal,2030,8,1,6,0.0
1710,NL_Coal,2030,8,7,12,0.0
1711,NL_Coal,2030,8,13,18,0.0
1712,NL_Coal,2030,8,19,24,0.0
1713,NL_Coal,2030,9,1,6,0.0
1714,NL_Coal,2030,9,7,12,0.0
1715,NL_Coal,2030,9,13,18,0.0
1716,NL_Coal,2030,9,19,24,0.0
1717,NL_Coal,2030,10,1,6,-4.2228
1718,NL_Coal,2030,10,7,12,-4.2228
1719,NL_Coal,2030,10,13,18,-9.1908
1720,NL_Coal,2030,10,19,24,-4.2228
1721,NL_Nuclear,2030,1,1,6,-2.9574000000000007
1722,NL_Nuclear,2030,1,7,12,-7.8228
1723,NL_Nuclear,2030,1,13,18,-2.9574000000000007
1724,NL_Nuclear,2030,1,19,24,-2.9574000000000007
1725,NL_Nuclear,2030,2,1,6,0.0
1726,NL_Nuclear,2030,2,7,12,-1.8414000000000001
1727,NL_Nuclear,2030,2,13,18,-1.8414000000000001
1728,NL_Nuclear,2030,2,19,24,-1.8414000000000001
1729,NL_Nuclear,2030,3,1,6,0.0
1730,NL_Nuclear,2030,3,7,12,0.0
1731,NL_Nuclear,2030,3,13,18,0.0
1732,NL_Nuclear,2030,3,19,24,0.0
1733,NL_Nuclear,2030,4,1,6,0.0
1734,NL_Nuclear,2030,4,7,12,-1.2834
1735,NL_Nuclear,2030,4,13,18,-1.2834
1736,NL_Nuclear,2030,4,19,24,0.0
1737,NL_Nuclear,2030,5,1,6,0.0
1738,NL_Nuclear,2030,5,7,12,0.0
1739,NL_Nuclear,2030,5,13,18,0.0
1740,NL_Nuclear,2030,5,19,24,0.0
1741,NL_Nuclear,2030,6,1,6,-1.0044
1742,NL_Nuclear,2030,6,7,12,-1.0044
1743,NL_Nuclear,2030,6,13,18,0.0
1744,NL_Nuclear,2030,6,19,24,-1.0044
1745,NL_Nuclear,2030,7,1,6,-5.461200000000001
1746,NL_Nuclear,2030,7,7,12,-9.4572
1747,NL_Nuclear,2030,7,13,18,-9.4572
1748,NL_Nuclear,2030,7,19,24,-5.461200000000001
1749,NL_Nuclear,2030,8,1,6,0.0
1750,NL_Nuclear,2030,8,7,12,0.0
1751,NL_Nuclear,2030,8,13,18,0.0
1752,NL_Nuclear,2030,8,19,24,0.0
1753,NL_Nuclear,2030,9,1,6,0.0
1754,NL_Nuclear,2030,9,7,12,0.0
1755,NL_Nuclear,2030,9,13,18,0.0
1756,NL_Nuclear,2030,9,19,24,-2.3994000000000004
1757,NL_Nuclear,2030,10,1,6,-6.7896
1758,NL_Nuclear,2030,10,7,12,-6.7896
1759,NL_Nuclear,2030,10,13,18,-11.757599999999998
1760,NL_Nuclear,2030,10,19,24,-6.7896
1761,NL_OCGT,2030,1,1,6,0.0
1762,NL_OCGT,2030,1,7,12,0.0
1763,NL_OCGT,2030,1,13,18,0.0
1764,NL_OCGT,2030,1,19,24,0.0
1765,NL_OCGT,2030,2,1,6,0.0
1766,NL_OCGT,2030,2,7,12,0.0
1767,NL_OCGT,2030,2,13,18,0.0
1768,NL_OCGT,2030,2,19,24,0.0
1769,NL_OCGT,2030,3,1,6,0.0
1770,NL_OCGT,2030,3,7,12,0.0
1771,NL_OCGT,2030,3,13,18,0.0
1772,NL_OCGT,2030,3,19,24,0.0
1773,NL_OCGT,2030,4,1,6,0.0
1774,NL_OCGT,2030,4,7,12,0.0
1775,NL_OCGT,2030,4,13,18,0.0
1776,NL_OCGT,2030,4,19,24,0.0
1777,NL_OCGT,2030,5,1,6,0.0
1778,NL_OCGT,2030,5,7,12,0.0
1779,NL_OCGT,2030,5,13,18,0.0
1780,NL_OCGT,2030,5,19,24,0.0
1781,NL_OCGT,2030,6,1,6,0.0
1782,NL_OCGT,2030,6,7,12,0.0
1783,NL_OCGT,2030,6,13,18,0.0
1784,NL_OCGT,2030,6,19,24,0.0
1785,NL_OCGT,2030,7,1,6,0.0
1786,NL_OCGT,2030,7,7,12,0.0
1787,NL_OCGT,2030,7,13,18,0.0
1788,NL_OCGT,2030,7,19,24,0.0
1789,NL_OCGT,2030,8,1,6,0.0
1790,NL_OCGT,2030,8,7,12,0.0
1791,NL_OCGT,2030,8,13,18,0.0
1792,NL_OCGT,2030,8,19,24,0.0
1793,NL_OCGT,2030,9,1,6,0.0
1794,NL_OCGT,2030,9,7,12,0.0
1795,NL_OCGT,2030,9,13,18,0.0
1796,NL_OCGT,2030,9,19,24,0.0
1797,NL_OCGT,2030,10,1,6,0.0
1798,NL_OCGT,2030,10,7,12,0.0
1799,NL_OCGT,2030,10,13,18,0.0
1800,NL_OCGT,2030,10,19,24,0.0
1801,NL_Solar,2030,1,1,6,-5.6286000000000005
1802,NL_Solar,2030,1,7,12,-10.494
1803,NL_Solar,2030,1,13,18,-5.6286000000000005
1804,NL_Solar,2030,1,19,24,-5.6286000000000005
1805,NL_Solar,2030,2,1,6,-0.396
1806,NL_Solar,2030,2,7,12,-3.5046
1807,NL_Solar,2030,2,13,18,-3.5046
1808,NL_Solar,2030,2,19,24,-3.5046
1809,NL_Solar,2030,3,1,6,-0.34800000000000003
1810,NL_Solar,2030,3,7,12,-0.34800000000000003
1811,NL_Solar,2030,3,13,18,-0.34800000000000003
1812,NL_Solar,2030,3,19,24,-0.34800000000000003
1813,NL_Solar,2030,4,1,6,-0.276
1814,NL_Solar,2030,4,7,12,-2.4426
1815,NL_Solar,2030,4,13,18,-2.4426
1816,NL_Solar,2030,4,19,24,-0.276
1817,NL_Solar,2030,5,1,6,-0.624
1818,NL_Solar,2030,5,7,12,-0.624
1819,NL_Solar,2030,5,13,18,-0.624
1820,NL_Solar,2030,5,19,24,-0.624
1821,NL_Solar,2030,6,1,6,-1.9116
1822,NL_Solar,2030,6,7,12,-1.9116
1823,NL_Solar,2030,6,13,18,-0.216
1824,NL_Solar,2030,6,19,24,-1.9116
1825,NL_Solar,2030,7,1,6,-7.3260000000000005
1826,NL_Solar,2030,7,7,12,-11.322
1827,NL_Solar,2030,7,13,18,-11.322
1828,NL_Solar,2030,7,19,24,-7.3260000000000005
1829,NL_Solar,2030,8,1,6,-0.372
1830,NL_Solar,2030,8,7,12,-0.372
1831,NL_Solar,2030,8,13,18,-0.372
1832,NL_Solar,2030,8,19,24,-0.372
1833,NL_Solar,2030,9,1,6,-0.516
1834,NL_Solar,2030,9,7,12,-0.516
1835,NL_Solar,2030,9,13,18,-0.516
1836,NL_Solar,2030,9,19,24,-4.5666
1837,NL_Solar,2030,10,1,6,-9.108
1838,NL_Solar,2030,10,7,12,-9.108
1839,NL_Solar,2030,10,13,18,-14.075999999999999
1840,NL_Solar,2030,10,19,24,-9.108
1841,NL_Wind_Offshore,2030,1,1,6,-4.9926
1842,NL_Wind_Offshore,2030,1,7,12,-9.858
1843,NL_Wind_Offshore,2030,1,13,18,-4.9926
1844,NL_Wind_Offshore,2030,1,19,24,-4.9926
1845,NL_Wind_Offshore,2030,2,1,6,0.0
1846,NL_Wind_Offshore,2030,2,7,12,-3.1086
1847,NL_Wind_Offshore,2030,2,13,18,-3.1086
1848,NL_Wind_Offshore,2030,2,19,24,-3.1086
1849,NL_Wind_Offshore,2030,3,1,6,0.0
1850,NL_Wind_Offshore,2030,3,7,12,0.0
1851,NL_Wind_Offshore,2030,3,13,18,0.0
1852,NL_Wind_Offshore,2030,3,19,24,0.0
1853,NL_Wind_Offshore,2030,4,1,6,0.0
1854,NL_Wind_Offshore,2030,4,7,12,-2.1666
1855,NL_Wind_Offshore,2030,4,13,18,-2.1666
1856,NL_Wind_Offshore,2030,4,19,24,0.0
1857,NL_Wind_Offshore,2030,5,1,6,0.0
1858,NL_Wind_Offshore,2030,5,7,12,0.0
1859,NL_Wind_Offshore,2030,5,13,18,0.0
1860,NL_Wind_Offshore,2030,5,19,24,0.0
1861,NL_Wind_Offshore,2030,6,1,6,-1.6956
1862,NL_Wind_Offshore,2030,6,7,12,-1.6956
1863,NL_Wind_Offshore,2030,6,13,18,0.0
1864,NL_Wind_Offshore,2030,6,19,24,-1.6956
1865,NL_Wind_Offshore,2030,7,1,6,-6.882000000000001
1866,NL_Wind_Offshore,2030,7,7,12,-10.877999999999998
1867,NL_Wind_Offshore,2030,7,13,18,-10.877999999999998
1868,NL_Wind_Offshore,2030,7,19,24,-6.882000000000001
1869,NL_Wind_Offshore,2030,8,1,6,0.0
1870,NL_Wind_Offshore,2030,8,7,12,0.0
1871,NL_Wind_Offshore,2030,8,13,18,0.0
1872,NL_Wind_Offshore,2030,8,19,24,0.0
1873,NL_Wind_Offshore,2030,9,1,6,0.0
1874,NL_Wind_Offshore,2030,9,7,12,0.0
1875,NL_Wind_Offshore,2030,9,13,18,0.0
1876,NL_Wind_Offshore,2030,9,19,24,-4.0506
1877,NL_Wind_Offshore,2030,10,1,6,-8.556000000000001
1878,NL_Wind_Offshore,2030,10,7,12,-8.556000000000001
1879,NL_Wind_Offshore,2030,10,13,18,-13.524
1880,NL_Wind_Offshore,2030,10,19,24,-8.556000000000001
1881,NL_Wind_Onshore,2030,1,1,6,-4.9926
1882,NL_Wind_Onshore,2030,1,7,12,-9.858
1883,NL_Wind_Onshore,2030,1,13,18,-4.9926
1884,NL_Wind_Onshore,2030,1,19,24,-4.9926
1885,NL_Wind_Onshore,2030,2,1,6,0.0
1886,NL_Wind_Onshore,2030,2,7,12,-3.1086
1887,NL_Wind_Onshore,2030,2,13,18,-3.1086
1888,NL_Wind_Onshore,2030,2,19,24,-3.1086
1889,NL_Wind_Onshore,2030,3,1,6,0.0
1890,NL_Wind_Onshore,2030,3,7,12,0.0
1891,NL_Wind_Onshore,2030,3,13,18,0.0
1892,NL_Wind_Onshore,2030,3,19,24,0.0
1893,NL_Wind_Onshore,2030,4,1,6,0.0
1894,NL_Wind_Onshore,2030,4,7,12,-2.1666
1895,NL_Wind_Onshore,2030,4,13,18,-2.1666
1896,NL_Wind_Onshore,2030,4,19,24,0.0
1897,NL_Wind_Onshore,2030,5,1,6,0.0
1898,NL_Wind_Onshore,2030,5,7,12,0.0
1899,NL_Wind_Onshore,2030,5,13,18,0.0
1900,NL_Wind_Onshore,2030,5,19,24,0.0
1901,NL_Wind_Onshore,2030,6,1,6,-1.6956
1902,NL_Wind_Onshore,2030,6,7,12,-1.6956
1903,NL_Wind_Onshore,2030,6,13,18,0.0
1904,NL_Wind_Onshore,2030,6,19,24,-1.6956
1905,NL_Wind_Onshore,2030,7,1,6,-6.882000000000001
1906,NL_Wind_Onshore,2030,7,7,12,-10.877999999999998
1907,NL_Wind_Onshore,2030,7,13,18,-10.877999999999998
1908,NL_Wind_Onshore,2030,7,19,24,-6.882000000000001
1909,NL_Wind_Onshore,2030,8,1,6,0.0
1910,NL_Wind_Onshore,2030,8,7,12,0.0
1911,NL_Wind_Onshore,2030,8,13,18,0.0
1912,NL_Wind_Onshore,2030,8,19,24,0.0
1913,NL_Wind_Onshore,2030,9,1,6,0.0
1914,NL_Wind_Onshore,2030,9,7,12,0.0
1915,NL_Wind_Onshore,2030,9,13,18,0.0
1916,NL_Wind_Onshore,2030,9,19,24,-4.0506
1917,NL_Wind_Onshore,2030,10,1,6,-8.556000000000001
1918,NL_Wind_Onshore,2030,10,7,12,-8.556000000000001
1919,NL_Wind_Onshore,2030,10,13,18,-13.524
1920,NL_Wind_Onshore,2030,10,19,24,-8.556000000000001
1921,UK_Battery,2030,1,1,6,0.0
1922,UK_Battery,2030,1,7,12,0.0
1923,UK_Battery,2030,1,13,18,0.0
1924,UK_Battery,2030,1,19,24,0.0
1925,UK_Battery,2030,2,1,6,0.0
1926,UK_Battery,2030,2,7,12,0.0
1927,UK_Battery,2030,2,13,18,0.0
1928,UK_Battery,2030,2,19,24,0.0
1929,UK_Battery,2030,3,1,6,0.0
1930,UK_Battery,2030,3,7,12,0.0
1931,UK_Battery,2030,3,13,18,0.0
1932,UK_Battery,2030,3,19,24,0.0
1933,UK_Battery,2030,4,1,6,0.0
1934,UK_Battery,2030,4,7,12,0.0
1935,UK_Battery,2030,4,13,18,0.0
1936,UK_Battery,2030,4,19,24,0.0
1937,UK_Battery,2030,5,1,6,0.0
1938,UK_Battery,2030,5,7,12,0.0
1939,UK_Battery,2030,5,13,18,0.0
1940,UK_Battery,2030,5,19,24,0.0
1941,UK_Battery,2030,6,1,6,0.0
1942,UK_Battery,2030,6,7,12,-1.6956
1943,UK_Battery,2030,6,13,18,-2.7755575615628914e-17
1944,UK_Battery,2030,6,19,24,0.0
1945,UK_Battery,2030,7,1,6,0.0
1946,UK_Battery,2030,7,7,12,0.0
1947,UK_Battery,2030,7,13,18,0.0
1948,UK_Battery,2030,7,19,24,0.0
1949,UK_Battery,2030,8,1,6,0.0
1950,UK_Battery,2030,8,7,12,0.0
1951,UK_Battery,2030,8,13,18,0.0
1952,UK_Battery,2030,8,19,24,0.0
1953,UK_Battery,2030,9,1,6,0.0
1954,UK_Battery,2030,9,7,12,0.0
1955,UK_Battery,2030,9,13,18,0.0
1956,UK_Battery,2030,9,19,24,0.0
1957,UK_Battery,2030,10,1,6,0.0
1958,UK_Battery,2030,10,7,12,0.0
1959,UK_Battery,2030,10,13,18,0.0
1960,UK_Battery,2030,10,19,24,0.0
1961,UK_CCGT,2030,1,1,6,0.0
1962,UK_CCGT,2030,1,7,12,0.0
1963,UK_CCGT,2030,1,13,18,0.0
1964,UK_CCGT,2030,1,19,24,0.0
1965,UK_CCGT,2030,2,1,6,0.0
1966,UK_CCGT,2030,2,7,12,0.0
1967,UK_CCGT,2030,2,13,18,0.0
1968,UK_CCGT,2030,2,19,24,0.0
1969,UK_CCGT,2030,3,1,6,0.0
1970,UK_CCGT,2030,3,7,12,0.0
1971,UK_CCGT,2030,3,13,18,0.0
1972,UK_CCGT,2030,3,19,24,0.0
1973,UK_CCGT,2030,4,1,6,0.0
1974,UK_CCGT,2030,4,7,12,0.0
1975,UK_CCGT,2030,4,13,18,0.0
1976,UK_CCGT,2030,4,19,24,0.0
1977,UK_CCGT,2030,5,1,6,0.0
1978,UK_CCGT,2030,5,7,12,0.0
1979,UK_CCGT,2030,5,13,18,0.0
1980,UK_CCGT,2030,5,19,24,0.0
1981,UK_CCGT,2030,6,1,6,0.0
1982,UK_CCGT,2030,6,7,12,0.0
1983,UK_CCGT,2030,6,13,18,0.0
1984,UK_CCGT,2030,6,19,24,0.0
1985,UK_CCGT,2030,7,1,6,0.0
1986,UK_CCGT,2030,7,7,12,-3.9959999999999987
1987,UK_CCGT,2030,7,13,18,-3.9959999999999987
1988,UK_CCGT,2030,7,19,24,0.0
1989,UK_CCGT,2030,8,1,6,0.0
1990,UK_CCGT,2030,8,7,12,0.0
1991,UK_CCGT,2030,8,13,18,0.0
1992,UK_CCGT,2030,8,19,24,0.0
1993,UK_CCGT,2030,9,1,6,0.0
1994,UK_CCGT,2030,9,7,12,0.0
1995,UK_CCGT,2030,9,13,18,0.0
1996,UK_CCGT,2030,9,19,24,0.0
1997,UK_CCGT,2030,10,1,6,0.0
1998,UK_CCGT,2030,10,7,12,0.0
1999,UK_CCGT,2030,10,13,18,-4.967999999999998
2000,UK_CCGT,2030,10,19,24,0.0
2001,UK_Coal,2030,1,1,6,0.0
2002,UK_Coal,2030,1,7,12,-4.865399999999999
2003,UK_Coal,2030,1,13,18,0.0
2004,UK_Coal,2030,1,19,24,0.0
2005,UK_Coal,2030,2,1,6,0.0
2006,UK_Coal,2030,2,7,12,0.0
2007,UK_Coal,2030,2,13,18,-3.0294000000000008
2008,UK_Coal,2030,2,19,24,0.0
2009,UK_Coal,2030,3,1,6,0.0
2010,UK_Coal,2030,3,7,12,0.0
2011,UK_Coal,2030,3,13,18,0.0
2012,UK_Coal,2030,3,19,24,0.0
2013,UK_Coal,2030,4,1,6,0.0
2014,UK_Coal,2030,4,7,12,0.0
2015,UK_Coal,2030,4,13,18,0.0
2016,UK_Coal,2030,4,19,24,0.0
2017,UK_Coal,2030,5,1,6,0.0
2018,UK_Coal,2030,5,7,12,0.0
2019,UK_Coal,2030,5,13,18,0.0
2020,UK_Coal,2030,5,19,24,0.0
2021,UK_Coal,2030,6,1,6,0.0
2022,UK_Coal,2030,6,7,12,0.0
2023,UK_Coal,2030,6,13,18,0.0
2024,UK_Coal,2030,6,19,24,0.0
2025,UK_Coal,2030,7,1,6,0.0
2026,UK_Coal,2030,7,7,12,-7.392599999999999
2027,UK_Coal,2030,7,13,18,-7.392599999999999
2028,UK_Coal,2030,7,19,24,-3.3966000000000003
2029,UK_Coal,2030,8,1,6,0.0
2030,UK_Coal,2030,8,7,12,0.0
2031,UK_Coal,2030,8,13,18,0.0
2032,UK_Coal,2030,8,19,24,0.0
2033,UK_Coal,2030,9,1,6,0.0
2034,UK_Coal,2030,9,7,12,0.0
2035,UK_Coal,2030,9,13,18,0.0
2036,UK_Coal,2030,9,19,24,0.0
2037,UK_Coal,2030,10,1,6,0.0
2038,UK_Coal,2030,10,7,12,-4.2228
2039,UK_Coal,2030,10,13,18,-9.1908
2040,UK_Coal,2030,10,19,24,-4.2228
2041,UK_Nuclear,2030,1,1,6,0.0
2042,UK_Nuclear,2030,1,7,12,-7.8228
2043,UK_Nuclear,2030,1,13,18,0.0
2044,UK_Nuclear,2030,1,19,24,0.0
2045,UK_Nuclear,2030,2,1,6,0.0
2046,UK_Nuclear,2030,2,7,12,-1.8414000000000001
2047,UK_Nuclear,2030,2,13,18,-4.870800000000001
2048,UK_Nuclear,2030,2,19,24,-1.8414000000000001
2049,UK_Nuclear,2030,3,1,6,0.0
2050,UK_Nuclear,2030,3,7,12,0.0
2051,UK_Nuclear,2030,3,13,18,0.0
2052,UK_Nuclear,2030,3,19,24,0.0
2053,UK_Nuclear,2030,4,1,6,0.0
2054,UK_Nuclear,2030,4,7,12,0.0
2055,UK_Nuclear,2030,4,13,18,0.0
2056,UK_Nuclear,2030,4,19,24,0.0
2057,UK_Nuclear,2030,5,1,6,0.0
2058,UK_Nuclear,2030,5,7,12,0.0
2059,UK_Nuclear,2030,5,13,18,0.0
2060,UK_Nuclear,2030,5,19,24,0.0
2061,UK_Nuclear,2030,6,1,6,0.0
2062,UK_Nuclear,2030,6,7,12,-1.0044
2063,UK_Nuclear,2030,6,13,18,0.0
2064,UK_Nuclear,2030,6,19,24,0.0
2065,UK_Nuclear,2030,7,1,6,0.0
2066,UK_Nuclear,2030,7,7,12,-9.4572
2067,UK_Nuclear,2030,7,13,18,-9.4572
2068,UK_Nuclear,2030,7,19,24,-5.461200000000001
2069,UK_Nuclear,2030,8,1,6,0.0
2070,UK_Nuclear,2030,8,7,12,0.0
2071,UK_Nuclear,2030,8,13,18,0.0
2072,UK_Nuclear,2030,8,19,24,0.0
2073,UK_Nuclear,2030,9,1,6,0.0
2074,UK_Nuclear,2030,9,7,12,0.0
2075,UK_Nuclear,2030,9,13,18,0.0
2076,UK_Nuclear,2030,9,19,24,0.0
2077,UK_Nuclear,2030,10,1,6,0.0
2078,UK_Nuclear,2030,10,7,12,-6.7896
2079,UK_Nuclear,2030,10,13,18,-11.757599999999998
2080,UK_Nuclear,2030,10,19,24,-6.7896
2081,UK_OCGT,2030,1,1,6,0.0
2082,UK_OCGT,2030,1,7,12,0.0
2083,UK_OCGT,2030,1,13,18,0.0
2084,UK_OCGT,2030,1,19,24,0.0
2085,UK_OCGT,2030,2,1,6,0.0
2086,UK_OCGT,2030,2,7,12,0.0
2087,UK_OCGT,2030,2,13,18,0.0
2088,UK_OCGT,2030,2,19,24,0.0
2089,UK_OCGT,2030,3,1,6,0.0
2090,UK_OCGT,2030,3,7,12,0.0
2091,UK_OCGT,2030,3,13,18,0.0
2092,UK_OCGT,2030,3,19,24,0.0
2093,UK_OCGT,2030,4,1,6,0.0
2094,UK_OCGT,2030,4,7,12,0.0
2095,UK_OCGT,2030,4,13,18,0.0
2096,UK_OCGT,2030,4,19,24,0.0
2097,UK_OCGT,2030,5,1,6,0.0
2098,UK_OCGT,2030,5,7,12,0.0
2099,UK_OCGT,2030,5,13,18,0.0
2100,UK_OCGT,2030,5,19,24,0.0
2101,UK_OCGT,2030,6,1,6,0.0
2102,UK_OCGT,2030,6,7,12,0.0
2103,UK_OCGT,2030,6,13,18,0.0
2104,UK_OCGT,2030,6,19,24,0.0
2105,UK_OCGT,2030,7,1,6,0.0
2106,UK_OCGT,2030,7,7,12,0.0
2107,UK_OCGT,2030,7,13,18,0.0
2108,UK_OCGT,2030,7,19,24,0.0
2109,UK_OCGT,2030,8,1,6,0.0
2110,UK_OCGT,2030,8,7,12,0.0
2111,UK_OCGT,2030,8,13,18,0.0
2112,UK_OCGT,2030,8,19,24,0.0
2113,UK_OCGT,2030,9,1,6,0.0
2114,UK_OCGT,2030,9,7,12,0.0
2115,UK_OCGT,2030,9,13,18,0.0
2116,UK_OCGT,2030,9,19,24,0.0
2117,UK_OCGT,2030,10,1,6,0.0
2118,UK_OCGT,2030,10,7,12,0.0
2119,UK_OCGT,2030,10,13,18,0.0
2120,UK_OCGT,2030,10,19,24,0.0
2121,UK_Solar,2030,1,1,6,-0.636
2122,UK_Solar,2030,1,7,12,-10.494
2123,UK_Solar,2030,1,13,18,-0.636
2124,UK_Solar,2030,1,19,24,-0.636
2125,UK_Solar,2030,2,1,6,-0.396
2126,UK_Solar,2030,2,7,12,-3.5046
2127,UK_Solar,2030,2,13,18,-6.534000000000001
2128,UK_Solar,2030,2,19,24,-3.5046
2129,UK_Solar,2030,3,1,6,-0.34800000000000003
2130,UK_Solar,2030,3,7,12,-0.34800000000000003
2131,UK_Solar,2030,3,13,18,-0.34800000000000003
2132,UK_Solar,2030,3,19,24,-0.34800000000000003
2133,UK_Solar,2030,4,1,6,-0.276
2134,UK_Solar,2030,4,7,12,-0.276
2135,UK_Solar,2030,4,13,18,-0.276
2136,UK_Solar,2030,4,19,24,-0.276
2137,UK_Solar,2030,5,1,6,-0.624
2138,UK_Solar,2030,5,7,12,-0.624
2139,UK_Solar,2030,5,13,18,-0.624
2140,UK_Solar,2030,5,19,24,-0.624
2141,UK_Solar,2030,6,1,6,-0.216
2142,UK_Solar,2030,6,7,12,-1.9116
2143,UK_Solar,2030,6,13,18,-0.216
2144,UK_Solar,2030,6,19,24,-0.216
2145,UK_Solar,2030,7,1,6,-0.444
2146,UK_Solar,2030,7,7,12,-11.322
2147,UK_Solar,2030,7,13,18,-11.322
2148,UK_Solar,2030,7,19,24,-7.3260000000000005
2149,UK_Solar,2030,8,1,6,-0.372
2150,UK_Solar,2030,8,7,12,-0.372
2151,UK_Solar,2030,8,13,18,-0.372
2152,UK_Solar,2030,8,19,24,-0.372
2153,UK_Solar,2030,9,1,6,-0.516
2154,UK_Solar,2030,9,7,12,-0.516
2155,UK_Solar,2030,9,13,18,-0.516
2156,UK_Solar,2030,9,19,24,-0.516
2157,UK_Solar,2030,10,1,6,-0.552
2158,UK_Solar,2030,10,7,12,-9.108
2159,UK_Solar,2030,10,13,18,-14.075999999999999
2160,UK_Solar,2030,10,19,24,-9.108
2161,UK_Wind_Offshore,2030,1,1,6,0.0
2162,UK_Wind_Offshore,2030,1,7,12,-9.858
2163,UK_Wind_Offshore,2030,1,13,18,0.0
2164,UK_Wind_Offshore,2030,1,19,24,0.0
2165,UK_Wind_Offshore,2030,2,1,6,0.0
2166,UK_Wind_Offshore,2030,2,7,12,-3.1086
2167,UK_Wind_Offshore,2030,2,13,18,-6.138000000000001
2168,UK_Wind_Offshore,2030,2,19,24,-3.1086
2169,UK_Wind_Offshore,2030,3,1,6,0.0
2170,UK_Wind_Offshore,2030,3,7,12,0.0
2171,UK_Wind_Offshore,2030,3,13,18,0.0
2172,UK_Wind_Offshore,2030,3,19,24,0.0
2173,UK_Wind_Offshore,2030,4,1,6,0.0
2174,UK_Wind_Offshore,2030,4,7,12,0.0
2175,UK_Wind_Offshore,2030,4,13,18,0.0
2176,UK_Wind_Offshore,2030,4,19,24,0.0
2177,UK_Wind_Offshore,2030,5,1,6,0.0
2178,UK_Wind_Offshore,2030,5,7,12,0.0
2179,UK_Wind_Offshore,2030,5,13,18,0.0
2180,UK_Wind_Offshore,2030,5,19,24,0.0
2181,UK_Wind_Offshore,2030,6,1,6,0.0
2182,UK_Wind_Offshore,2030,6,7,12,-1.6956
2183,UK_Wind_Offshore,2030,6,13,18,0.0
2184,UK_Wind_Offshore,2030,6,19,24,0.0
2185,UK_Wind_Offshore,2030,7,1,6,0.0
2186,UK_Wind_Offshore,2030,7,7,12,-10.877999999999998
2187,UK_Wind_Offshore,2030,7,13,18,-10.877999999999998
2188,UK_Wind_Offshore,2030,7,19,24,-6.882000000000001
2189,UK_Wind_Offshore,2030,8,1,6,0.0
2190,UK_Wind_Offshore,2030,8,7,12,0.0
2191,UK_Wind_Offshore,2030,8,13,18,0.0
2192,UK_Wind_Offshore,2030,8,19,24,0.0
2193,UK_Wind_Offshore,2030,9,1,6,0.0
2194,UK_Wind_Offshore,2030,9,7,12,0.0
2195,UK_Wind_Offshore,2030,9,13,18,0.0
2196,UK_Wind_Offshore,2030,9,19,24,0.0
2197,UK_Wind_Offshore,2030,10,1,6,0.0
2198,UK_Wind_Offshore,2030,10,7,12,-8.556000000000001
2199,UK_Wind_Offshore,2030,10,13,18,-13.524
2200,UK_Wind_Offshore,2030,10,19,24,-8.556000000000001
2201,UK_Wind_Onshore,2030,1,1,6,0.0
2202,UK_Wind_Onshore,2030,1,7,12,-9.858
2203,UK_Wind_Onshore,2030,1,13,18,0.0
2204,UK_Wind_Onshore,2030,1,19,24,0.0
2205,UK_Wind_Onshore,2030,2,1,6,0.0
2206,UK_Wind_Onshore,2030,2,7,12,-3.1086
2207,UK_Wind_Onshore,2030,2,13,18,-6.138000000000001
2208,UK_Wind_Onshore,2030,2,19,24,-3.1086
2209,UK_Wind_Onshore,2030,3,1,6,0.0
2210,UK_Wind_Onshore,2030,3,7,12,0.0
2211,UK_Wind_Onshore,2030,3,13,18,0.0
2212,UK_Wind_Onshore,2030,3,19,24,0.0
2213,UK_Wind_Onshore,2030,4,1,6,0.0
2214,UK_Wind_Onshore,2030,4,7,12,0.0
2215,UK_Wind_Onshore,2030,4,13,18,0.0
2216,UK_Wind_Onshore,2030,4,19,24,0.0
2217,UK_Wind_Onshore,2030,5,1,6,0.0
2218,UK_Wind_Onshore,2030,5,7,12,0.0
2219,UK_Wind_Onshore,2030,5,13,18,0.0
2220,UK_Wind_Onshore,2030,5,19,24,0.0
2221,UK_Wind_Onshore,2030,6,1,6,0.0
2222,UK_Wind_Onshore,2030,6,7,12,-1.6956
2223,UK_Wind_Onshore,2030,6,13,18,0.0
2224,UK_Wind_Onshore,2030,6,19,24,0.0
2225,UK_Wind_Onshore,2030,7,1,6,0.0
2226,UK_Wind_Onshore,2030,7,7,12,-10.877999999999998
2227,UK_Wind_Onshore,2030,7,13,18,-10.877999999999998
2228,UK_Wind_Onshore,2030,7,19,24,-6.882000000000001
2229,UK_Wind_Onshore,2030,8,1,6,0.0
2230,UK_Wind_Onshore,2030,8,7,12,0.0
2231,UK_Wind_Onshore,2030,8,13,18,0.0
2232,UK_Wind_Onshore,2030,8,19,24,0.0
2233,UK_Wind_Onshore,2030,9,1,6,0.0
2234,UK_Wind_Onshore,2030,9,7,12,0.0
2235,UK_Wind_Onshore,2030,9,13,18,0.0
2236,UK_Wind_Onshore,2030,9,19,24,0.0
2237,UK_Wind_Onshore,2030,10,1,6,0.0
2238,UK_Wind_Onshore,2030,10,7,12,-8.556000000000001
2239,UK_Wind_Onshore,2030,10,13,18,-13.524
2240,UK_Wind_Onshore,2030,10,19,24,-8.556000000000001
