id,asset,year,rep_period,time_block_start,time_block_end,dual_min_output_flow_with_unit_commitment
1,BE_CCGT,2030,1,1,4,0.0
2,BE_CCGT,2030,1,5,8,0.0
3,BE_CCGT,2030,1,9,12,0.0
4,BE_CCGT,2030,1,13,16,0.0
5,BE_CCGT,2030,1,17,20,0.0
6,BE_CCGT,2030,1,21,24,0.0
7,BE_CCGT,2030,2,1,4,0.0
8,BE_CCGT,2030,2,5,8,0.0
9,BE_CCGT,2030,2,9,12,0.0
10,BE_CCGT,2030,2,13,16,0.0
11,BE_CCGT,2030,2,17,20,0.0
12,BE_CCGT,2030,2,21,24,0.0
13,BE_CCGT,2030,3,1,4,0.0
14,BE_CCGT,2030,3,5,8,0.0
15,BE_CCGT,2030,3,9,12,0.0
16,BE_CCGT,2030,3,13,16,0.0
17,BE_CCGT,2030,3,17,20,0.0
18,BE_CCGT,2030,3,21,24,0.0
19,BE_CCGT,2030,4,1,4,0.0
20,BE_CCGT,2030,4,5,8,0.0
21,BE_CCGT,2030,4,9,12,0.0
22,BE_CCGT,2030,4,13,16,0.0
23,BE_CCGT,2030,4,17,20,0.0
24,BE_CCGT,2030,4,21,24,0.0
25,BE_CCGT,2030,5,1,4,0.0
26,BE_CCGT,2030,5,5,8,0.0
27,BE_CCGT,2030,5,9,12,0.0
28,BE_CCGT,2030,5,13,16,0.0
29,BE_CCGT,2030,5,17,20,0.0
30,BE_CCGT,2030,5,21,24,0.0
31,BE_CCGT,2030,6,1,4,0.0
32,BE_CCGT,2030,6,5,8,0.0
33,BE_CCGT,2030,6,9,12,0.0
34,BE_CCGT,2030,6,13,16,0.0
35,BE_CCGT,2030,6,17,20,0.0
36,BE_CCGT,2030,6,21,24,0.0
37,BE_CCGT,2030,7,1,4,0.0
38,BE_CCGT,2030,7,5,8,0.0
39,BE_CCGT,2030,7,9,12,0.0
40,BE_CCGT,2030,7,13,16,0.0
41,BE_CCGT,2030,7,17,20,0.0
42,BE_CCGT,2030,7,21,24,0.0
43,BE_CCGT,2030,8,1,4,0.0
44,BE_CCGT,2030,8,5,8,0.0
45,BE_CCGT,2030,8,9,12,0.0
46,BE_CCGT,2030,8,13,16,0.0
47,BE_CCGT,2030,8,17,20,0.0
48,BE_CCGT,2030,8,21,24,0.0
49,BE_CCGT,2030,9,1,4,0.0
50,BE_CCGT,2030,9,5,8,0.0
51,BE_CCGT,2030,9,9,12,0.0
52,BE_CCGT,2030,9,13,16,0.0
53,BE_CCGT,2030,9,17,20,0.0
54,BE_CCGT,2030,9,21,24,0.0
55,BE_CCGT,2030,10,1,4,0.0
56,BE_CCGT,2030,10,5,8,0.0
57,BE_CCGT,2030,10,9,12,0.0
58,BE_CCGT,2030,10,13,16,0.0
59,BE_CCGT,2030,10,17,20,0.0
60,BE_CCGT,2030,10,21,24,0.0
61,BE_OCGT,2030,1,1,4,0.0
62,BE_OCGT,2030,1,5,8,0.0
63,BE_OCGT,2030,1,9,12,0.0
64,BE_OCGT,2030,1,13,16,0.0
65,BE_OCGT,2030,1,17,20,0.0
66,BE_OCGT,2030,1,21,24,0.0
67,BE_OCGT,2030,2,1,4,0.0
68,BE_OCGT,2030,2,5,8,0.0
69,BE_OCGT,2030,2,9,12,0.0
70,BE_OCGT,2030,2,13,16,0.0
71,BE_OCGT,2030,2,17,20,0.0
72,BE_OCGT,2030,2,21,24,0.0
73,BE_OCGT,2030,3,1,4,0.0
74,BE_OCGT,2030,3,5,8,0.0
75,BE_OCGT,2030,3,9,12,0.0
76,BE_OCGT,2030,3,13,16,0.0
77,BE_OCGT,2030,3,17,20,0.0
78,BE_OCGT,2030,3,21,24,0.0
79,BE_OCGT,2030,4,1,4,0.0
80,BE_OCGT,2030,4,5,8,0.0
81,BE_OCGT,2030,4,9,12,0.0
82,BE_OCGT,2030,4,13,16,0.0
83,BE_OCGT,2030,4,17,20,0.0
84,BE_OCGT,2030,4,21,24,0.0
85,BE_OCGT,2030,5,1,4,0.0
86,BE_OCGT,2030,5,5,8,0.0
87,BE_OCGT,2030,5,9,12,0.0
88,BE_OCGT,2030,5,13,16,0.0
89,BE_OCGT,2030,5,17,20,0.0
90,BE_OCGT,2030,5,21,24,0.0
91,BE_OCGT,2030,6,1,4,0.0
92,BE_OCGT,2030,6,5,8,0.0
93,BE_OCGT,2030,6,9,12,0.0
94,BE_OCGT,2030,6,13,16,0.0
95,BE_OCGT,2030,6,17,20,0.0
96,BE_OCGT,2030,6,21,24,0.0
97,BE_OCGT,2030,7,1,4,0.0
98,BE_OCGT,2030,7,5,8,0.0
99,BE_OCGT,2030,7,9,12,0.0
100,BE_OCGT,2030,7,13,16,0.0
101,BE_OCGT,2030,7,17,20,0.0
102,BE_OCGT,2030,7,21,24,0.0
103,BE_OCGT,2030,8,1,4,0.0
104,BE_OCGT,2030,8,5,8,0.0
105,BE_OCGT,2030,8,9,12,0.0
106,BE_OCGT,2030,8,13,16,0.0
107,BE_OCGT,2030,8,17,20,0.0
108,BE_OCGT,2030,8,21,24,0.0
109,BE_OCGT,2030,9,1,4,0.0
110,BE_OCGT,2030,9,5,8,0.0
111,BE_OCGT,2030,9,9,12,0.0
112,BE_OCGT,2030,9,13,16,0.0
113,BE_OCGT,2030,9,17,20,0.0
114,BE_OCGT,2030,9,21,24,0.0
115,BE_OCGT,2030,10,1,4,0.0
116,BE_OCGT,2030,10,5,8,0.0
117,BE_OCGT,2030,10,9,12,0.0
118,BE_OCGT,2030,10,13,16,0.0
119,BE_OCGT,2030,10,17,20,0.0
120,BE_OCGT,2030,10,21,24,0.0
121,CH_CCGT,2030,1,1,4,0.0
122,CH_CCGT,2030,1,5,8,0.0
123,CH_CCGT,2030,1,9,12,0.0
124,CH_CCGT,2030,1,13,16,0.0
125,CH_CCGT,2030,1,17,20,0.0
126,CH_CCGT,2030,1,21,24,0.0
127,CH_CCGT,2030,2,1,4,0.0
128,CH_CCGT,2030,2,5,8,0.0
129,CH_CCGT,2030,2,9,12,0.0
130,CH_CCGT,2030,2,13,16,0.0
131,CH_CCGT,2030,2,17,20,0.0
132,CH_CCGT,2030,2,21,24,0.0
133,CH_CCGT,2030,3,1,4,0.0
134,CH_CCGT,2030,3,5,8,0.0
135,CH_CCGT,2030,3,9,12,0.0
136,CH_CCGT,2030,3,13,16,0.0
137,CH_CCGT,2030,3,17,20,0.0
138,CH_CCGT,2030,3,21,24,0.0
139,CH_CCGT,2030,4,1,4,0.0
140,CH_CCGT,2030,4,5,8,0.0
141,CH_CCGT,2030,4,9,12,0.0
142,CH_CCGT,2030,4,13,16,0.0
143,CH_CCGT,2030,4,17,20,0.0
144,CH_CCGT,2030,4,21,24,0.0
145,CH_CCGT,2030,5,1,4,0.0
146,CH_CCGT,2030,5,5,8,0.0
147,CH_CCGT,2030,5,9,12,0.0
148,CH_CCGT,2030,5,13,16,0.0
149,CH_CCGT,2030,5,17,20,0.0
150,CH_CCGT,2030,5,21,24,0.0
151,CH_CCGT,2030,6,1,4,0.0
152,CH_CCGT,2030,6,5,8,0.0
153,CH_CCGT,2030,6,9,12,0.0
154,CH_CCGT,2030,6,13,16,0.0
155,CH_CCGT,2030,6,17,20,0.0
156,CH_CCGT,2030,6,21,24,0.0
157,CH_CCGT,2030,7,1,4,0.0
158,CH_CCGT,2030,7,5,8,0.0
159,CH_CCGT,2030,7,9,12,0.0
160,CH_CCGT,2030,7,13,16,0.0
161,CH_CCGT,2030,7,17,20,0.0
162,CH_CCGT,2030,7,21,24,0.0
163,CH_CCGT,2030,8,1,4,0.0
164,CH_CCGT,2030,8,5,8,0.0
165,CH_CCGT,2030,8,9,12,0.0
166,CH_CCGT,2030,8,13,16,0.0
167,CH_CCGT,2030,8,17,20,0.0
168,CH_CCGT,2030,8,21,24,0.0
169,CH_CCGT,2030,9,1,4,0.0
170,CH_CCGT,2030,9,5,8,0.0
171,CH_CCGT,2030,9,9,12,0.0
172,CH_CCGT,2030,9,13,16,0.0
173,CH_CCGT,2030,9,17,20,0.0
174,CH_CCGT,2030,9,21,24,0.0
175,CH_CCGT,2030,10,1,4,0.0
176,CH_CCGT,2030,10,5,8,0.0
177,CH_CCGT,2030,10,9,12,0.0
178,CH_CCGT,2030,10,13,16,0.0
179,CH_CCGT,2030,10,17,20,0.0
180,CH_CCGT,2030,10,21,24,0.0
181,CH_OCGT,2030,1,1,4,0.0
182,CH_OCGT,2030,1,5,8,0.0
183,CH_OCGT,2030,1,9,12,0.0
184,CH_OCGT,2030,1,13,16,0.0
185,CH_OCGT,2030,1,17,20,0.0
186,CH_OCGT,2030,1,21,24,0.0
187,CH_OCGT,2030,2,1,4,0.0
188,CH_OCGT,2030,2,5,8,0.0
189,CH_OCGT,2030,2,9,12,0.0
190,CH_OCGT,2030,2,13,16,0.0
191,CH_OCGT,2030,2,17,20,0.0
192,CH_OCGT,2030,2,21,24,0.0
193,CH_OCGT,2030,3,1,4,0.0
194,CH_OCGT,2030,3,5,8,0.0
195,CH_OCGT,2030,3,9,12,0.0
196,CH_OCGT,2030,3,13,16,0.0
197,CH_OCGT,2030,3,17,20,0.0
198,CH_OCGT,2030,3,21,24,0.0
199,CH_OCGT,2030,4,1,4,0.0
200,CH_OCGT,2030,4,5,8,0.0
201,CH_OCGT,2030,4,9,12,0.0
202,CH_OCGT,2030,4,13,16,0.0
203,CH_OCGT,2030,4,17,20,0.0
204,CH_OCGT,2030,4,21,24,0.0
205,CH_OCGT,2030,5,1,4,0.0
206,CH_OCGT,2030,5,5,8,0.0
207,CH_OCGT,2030,5,9,12,0.0
208,CH_OCGT,2030,5,13,16,0.0
209,CH_OCGT,2030,5,17,20,0.0
210,CH_OCGT,2030,5,21,24,0.0
211,CH_OCGT,2030,6,1,4,0.0
212,CH_OCGT,2030,6,5,8,0.0
213,CH_OCGT,2030,6,9,12,0.0
214,CH_OCGT,2030,6,13,16,0.0
215,CH_OCGT,2030,6,17,20,0.0
216,CH_OCGT,2030,6,21,24,0.0
217,CH_OCGT,2030,7,1,4,0.0
218,CH_OCGT,2030,7,5,8,0.0
219,CH_OCGT,2030,7,9,12,0.0
220,CH_OCGT,2030,7,13,16,0.0
221,CH_OCGT,2030,7,17,20,0.0
222,CH_OCGT,2030,7,21,24,0.0
223,CH_OCGT,2030,8,1,4,0.0
224,CH_OCGT,2030,8,5,8,0.0
225,CH_OCGT,2030,8,9,12,0.0
226,CH_OCGT,2030,8,13,16,0.0
227,CH_OCGT,2030,8,17,20,0.0
228,CH_OCGT,2030,8,21,24,0.0
229,CH_OCGT,2030,9,1,4,0.0
230,CH_OCGT,2030,9,5,8,0.0
231,CH_OCGT,2030,9,9,12,0.0
232,CH_OCGT,2030,9,13,16,0.0
233,CH_OCGT,2030,9,17,20,0.0
234,CH_OCGT,2030,9,21,24,0.0
235,CH_OCGT,2030,10,1,4,0.0
236,CH_OCGT,2030,10,5,8,0.0
237,CH_OCGT,2030,10,9,12,0.0
238,CH_OCGT,2030,10,13,16,0.0
239,CH_OCGT,2030,10,17,20,0.0
240,CH_OCGT,2030,10,21,24,0.0
241,DE_CCGT,2030,1,1,4,0.0
242,DE_CCGT,2030,1,5,8,0.0
243,DE_CCGT,2030,1,9,12,0.0
244,DE_CCGT,2030,1,13,16,0.0
245,DE_CCGT,2030,1,17,20,0.0
246,DE_CCGT,2030,1,21,24,0.0
247,DE_CCGT,2030,2,1,4,0.0
248,DE_CCGT,2030,2,5,8,0.0
249,DE_CCGT,2030,2,9,12,0.0
250,DE_CCGT,2030,2,13,16,0.0
251,DE_CCGT,2030,2,17,20,0.0
252,DE_CCGT,2030,2,21,24,0.0
253,DE_CCGT,2030,3,1,4,0.0
254,DE_CCGT,2030,3,5,8,0.0
255,DE_CCGT,2030,3,9,12,0.0
256,DE_CCGT,2030,3,13,16,0.0
257,DE_CCGT,2030,3,17,20,0.0
258,DE_CCGT,2030,3,21,24,0.0
259,DE_CCGT,2030,4,1,4,0.0
260,DE_CCGT,2030,4,5,8,0.0
261,DE_CCGT,2030,4,9,12,0.0
262,DE_CCGT,2030,4,13,16,0.0
263,DE_CCGT,2030,4,17,20,0.0
264,DE_CCGT,2030,4,21,24,0.0
265,DE_CCGT,2030,5,1,4,0.0
266,DE_CCGT,2030,5,5,8,0.0
267,DE_CCGT,2030,5,9,12,0.0
268,DE_CCGT,2030,5,13,16,0.0
269,DE_CCGT,2030,5,17,20,0.0
270,DE_CCGT,2030,5,21,24,0.0
271,DE_CCGT,2030,6,1,4,0.0
272,DE_CCGT,2030,6,5,8,0.0
273,DE_CCGT,2030,6,9,12,0.0
274,DE_CCGT,2030,6,13,16,0.0
275,DE_CCGT,2030,6,17,20,0.0
276,DE_CCGT,2030,6,21,24,0.0
277,DE_CCGT,2030,7,1,4,0.0
278,DE_CCGT,2030,7,5,8,0.0
279,DE_CCGT,2030,7,9,12,0.0
280,DE_CCGT,2030,7,13,16,0.0
281,DE_CCGT,2030,7,17,20,0.0
282,DE_CCGT,2030,7,21,24,0.0
283,DE_CCGT,2030,8,1,4,0.0
284,DE_CCGT,2030,8,5,8,0.0
285,DE_CCGT,2030,8,9,12,0.0
286,DE_CCGT,2030,8,13,16,0.0
287,DE_CCGT,2030,8,17,20,0.0
288,DE_CCGT,2030,8,21,24,0.0
289,DE_CCGT,2030,9,1,4,0.0
290,DE_CCGT,2030,9,5,8,0.0
291,DE_CCGT,2030,9,9,12,0.0
292,DE_CCGT,2030,9,13,16,0.0
293,DE_CCGT,2030,9,17,20,0.0
294,DE_CCGT,2030,9,21,24,0.0
295,DE_CCGT,2030,10,1,4,0.0
296,DE_CCGT,2030,10,5,8,0.0
297,DE_CCGT,2030,10,9,12,0.0
298,DE_CCGT,2030,10,13,16,0.0
299,DE_CCGT,2030,10,17,20,0.0
300,DE_CCGT,2030,10,21,24,0.0
301,DE_OCGT,2030,1,1,4,0.0
302,DE_OCGT,2030,1,5,8,0.0
303,DE_OCGT,2030,1,9,12,0.0
304,DE_OCGT,2030,1,13,16,0.0
305,DE_OCGT,2030,1,17,20,0.0
306,DE_OCGT,2030,1,21,24,0.0
307,DE_OCGT,2030,2,1,4,0.0
308,DE_OCGT,2030,2,5,8,0.0
309,DE_OCGT,2030,2,9,12,0.0
310,DE_OCGT,2030,2,13,16,0.0
311,DE_OCGT,2030,2,17,20,0.0
312,DE_OCGT,2030,2,21,24,0.0
313,DE_OCGT,2030,3,1,4,0.0
314,DE_OCGT,2030,3,5,8,0.0
315,DE_OCGT,2030,3,9,12,0.0
316,DE_OCGT,2030,3,13,16,0.0
317,DE_OCGT,2030,3,17,20,0.0
318,DE_OCGT,2030,3,21,24,0.0
319,DE_OCGT,2030,4,1,4,0.0
320,DE_OCGT,2030,4,5,8,0.0
321,DE_OCGT,2030,4,9,12,0.0
322,DE_OCGT,2030,4,13,16,0.0
323,DE_OCGT,2030,4,17,20,0.0
324,DE_OCGT,2030,4,21,24,0.0
325,DE_OCGT,2030,5,1,4,0.0
326,DE_OCGT,2030,5,5,8,0.0
327,DE_OCGT,2030,5,9,12,0.0
328,DE_OCGT,2030,5,13,16,0.0
329,DE_OCGT,2030,5,17,20,0.0
330,DE_OCGT,2030,5,21,24,0.0
331,DE_OCGT,2030,6,1,4,0.0
332,DE_OCGT,2030,6,5,8,0.0
333,DE_OCGT,2030,6,9,12,0.0
334,DE_OCGT,2030,6,13,16,0.0
335,DE_OCGT,2030,6,17,20,0.0
336,DE_OCGT,2030,6,21,24,0.0
337,DE_OCGT,2030,7,1,4,0.0
338,DE_OCGT,2030,7,5,8,0.0
339,DE_OCGT,2030,7,9,12,0.0
340,DE_OCGT,2030,7,13,16,0.0
341,DE_OCGT,2030,7,17,20,0.0
342,DE_OCGT,2030,7,21,24,0.0
343,DE_OCGT,2030,8,1,4,0.0
344,DE_OCGT,2030,8,5,8,0.0
345,DE_OCGT,2030,8,9,12,0.0
346,DE_OCGT,2030,8,13,16,0.0
347,DE_OCGT,2030,8,17,20,0.0
348,DE_OCGT,2030,8,21,24,0.0
349,DE_OCGT,2030,9,1,4,0.0
350,DE_OCGT,2030,9,5,8,0.0
351,DE_OCGT,2030,9,9,12,0.0
352,DE_OCGT,2030,9,13,16,0.0
353,DE_OCGT,2030,9,17,20,0.0
354,DE_OCGT,2030,9,21,24,0.0
355,DE_OCGT,2030,10,1,4,0.0
356,DE_OCGT,2030,10,5,8,0.0
357,DE_OCGT,2030,10,9,12,0.0
358,DE_OCGT,2030,10,13,16,0.0
359,DE_OCGT,2030,10,17,20,0.0
360,DE_OCGT,2030,10,21,24,0.0
361,FR_CCGT,2030,1,1,4,0.0
362,FR_CCGT,2030,1,5,8,0.0
363,FR_CCGT,2030,1,9,12,0.0
364,FR_CCGT,2030,1,13,16,0.0
365,FR_CCGT,2030,1,17,20,0.0
366,FR_CCGT,2030,1,21,24,0.0
367,FR_CCGT,2030,2,1,4,0.0
368,FR_CCGT,2030,2,5,8,0.0
369,FR_CCGT,2030,2,9,12,4.092
370,FR_CCGT,2030,2,13,16,0.0
371,FR_CCGT,2030,2,17,20,0.0
372,FR_CCGT,2030,2,21,24,0.0
373,FR_CCGT,2030,3,1,4,0.0
374,FR_CCGT,2030,3,5,8,0.0
375,FR_CCGT,2030,3,9,12,0.0
376,FR_CCGT,2030,3,13,16,0.0
377,FR_CCGT,2030,3,17,20,0.0
378,FR_CCGT,2030,3,21,24,0.0
379,FR_CCGT,2030,4,1,4,0.0
380,FR_CCGT,2030,4,5,8,0.0
381,FR_CCGT,2030,4,9,12,0.0
382,FR_CCGT,2030,4,13,16,0.0
383,FR_CCGT,2030,4,17,20,0.0
384,FR_CCGT,2030,4,21,24,0.0
385,FR_CCGT,2030,5,1,4,0.0
386,FR_CCGT,2030,5,5,8,0.0
387,FR_CCGT,2030,5,9,12,0.0
388,FR_CCGT,2030,5,13,16,0.0
389,FR_CCGT,2030,5,17,20,0.0
390,FR_CCGT,2030,5,21,24,0.0
391,FR_CCGT,2030,6,1,4,0.0
392,FR_CCGT,2030,6,5,8,0.0
393,FR_CCGT,2030,6,9,12,0.0
394,FR_CCGT,2030,6,13,16,0.0
395,FR_CCGT,2030,6,17,20,0.0
396,FR_CCGT,2030,6,21,24,0.0
397,FR_CCGT,2030,7,1,4,0.0
398,FR_CCGT,2030,7,5,8,0.0
399,FR_CCGT,2030,7,9,12,0.0
400,FR_CCGT,2030,7,13,16,0.0
401,FR_CCGT,2030,7,17,20,0.0
402,FR_CCGT,2030,7,21,24,0.0
403,FR_CCGT,2030,8,1,4,0.0
404,FR_CCGT,2030,8,5,8,0.0
405,FR_CCGT,2030,8,9,12,0.0
406,FR_CCGT,2030,8,13,16,0.0
407,FR_CCGT,2030,8,17,20,0.0
408,FR_CCGT,2030,8,21,24,0.0
409,FR_CCGT,2030,9,1,4,0.0
410,FR_CCGT,2030,9,5,8,0.0
411,FR_CCGT,2030,9,9,12,0.0
412,FR_CCGT,2030,9,13,16,0.0
413,FR_CCGT,2030,9,17,20,0.0
414,FR_CCGT,2030,9,21,24,0.0
415,FR_CCGT,2030,10,1,4,0.0
416,FR_CCGT,2030,10,5,8,0.0
417,FR_CCGT,2030,10,9,12,0.0
418,FR_CCGT,2030,10,13,16,0.0
419,FR_CCGT,2030,10,17,20,0.0
420,FR_CCGT,2030,10,21,24,0.0
421,FR_OCGT,2030,1,1,4,0.0
422,FR_OCGT,2030,1,5,8,0.0
423,FR_OCGT,2030,1,9,12,0.0
424,FR_OCGT,2030,1,13,16,0.0
425,FR_OCGT,2030,1,17,20,0.0
426,FR_OCGT,2030,1,21,24,0.0
427,FR_OCGT,2030,2,1,4,0.0
428,FR_OCGT,2030,2,5,8,0.0
429,FR_OCGT,2030,2,9,12,0.0
430,FR_OCGT,2030,2,13,16,0.0
431,FR_OCGT,2030,2,17,20,0.0
432,FR_OCGT,2030,2,21,24,0.0
433,FR_OCGT,2030,3,1,4,0.0
434,FR_OCGT,2030,3,5,8,0.0
435,FR_OCGT,2030,3,9,12,0.0
436,FR_OCGT,2030,3,13,16,0.0
437,FR_OCGT,2030,3,17,20,0.0
438,FR_OCGT,2030,3,21,24,0.0
439,FR_OCGT,2030,4,1,4,0.0
440,FR_OCGT,2030,4,5,8,0.0
441,FR_OCGT,2030,4,9,12,0.0
442,FR_OCGT,2030,4,13,16,0.0
443,FR_OCGT,2030,4,17,20,0.0
444,FR_OCGT,2030,4,21,24,0.0
445,FR_OCGT,2030,5,1,4,0.0
446,FR_OCGT,2030,5,5,8,0.0
447,FR_OCGT,2030,5,9,12,0.0
448,FR_OCGT,2030,5,13,16,0.0
449,FR_OCGT,2030,5,17,20,0.0
450,FR_OCGT,2030,5,21,24,0.0
451,FR_OCGT,2030,6,1,4,0.0
452,FR_OCGT,2030,6,5,8,0.0
453,FR_OCGT,2030,6,9,12,0.0
454,FR_OCGT,2030,6,13,16,0.0
455,FR_OCGT,2030,6,17,20,0.0
456,FR_OCGT,2030,6,21,24,0.0
457,FR_OCGT,2030,7,1,4,0.0
458,FR_OCGT,2030,7,5,8,0.0
459,FR_OCGT,2030,7,9,12,0.0
460,FR_OCGT,2030,7,13,16,0.0
461,FR_OCGT,2030,7,17,20,0.0
462,FR_OCGT,2030,7,21,24,0.0
463,FR_OCGT,2030,8,1,4,0.0
464,FR_OCGT,2030,8,5,8,0.0
465,FR_OCGT,2030,8,9,12,0.0
466,FR_OCGT,2030,8,13,16,0.0
467,FR_OCGT,2030,8,17,20,0.0
468,FR_OCGT,2030,8,21,24,0.0
469,FR_OCGT,2030,9,1,4,0.0
470,FR_OCGT,2030,9,5,8,0.0
471,FR_OCGT,2030,9,9,12,0.0
472,FR_OCGT,2030,9,13,16,0.0
473,FR_OCGT,2030,9,17,20,0.0
474,FR_OCGT,2030,9,21,24,0.0
475,FR_OCGT,2030,10,1,4,0.0
476,FR_OCGT,2030,10,5,8,0.0
477,FR_OCGT,2030,10,9,12,0.0
478,FR_OCGT,2030,10,13,16,0.0
479,FR_OCGT,2030,10,17,20,0.0
480,FR_OCGT,2030,10,21,24,0.0
481,LU_CCGT,2030,1,1,4,0.0
482,LU_CCGT,2030,1,5,8,0.0
483,LU_CCGT,2030,1,9,12,0.0
484,LU_CCGT,2030,1,13,16,0.0
485,LU_CCGT,2030,1,17,20,0.0
486,LU_CCGT,2030,1,21,24,0.0
487,LU_CCGT,2030,2,1,4,0.0
488,LU_CCGT,2030,2,5,8,0.0
489,LU_CCGT,2030,2,9,12,0.0
490,LU_CCGT,2030,2,13,16,0.0
491,LU_CCGT,2030,2,17,20,0.0
492,LU_CCGT,2030,2,21,24,0.0
493,LU_CCGT,2030,3,1,4,0.0
494,LU_CCGT,2030,3,5,8,0.0
495,LU_CCGT,2030,3,9,12,0.0
496,LU_CCGT,2030,3,13,16,0.0
497,LU_CCGT,2030,3,17,20,0.0
498,LU_CCGT,2030,3,21,24,0.0
499,LU_CCGT,2030,4,1,4,0.0
500,LU_CCGT,2030,4,5,8,0.0
501,LU_CCGT,2030,4,9,12,0.0
502,LU_CCGT,2030,4,13,16,0.0
503,LU_CCGT,2030,4,17,20,0.0
504,LU_CCGT,2030,4,21,24,0.0
505,LU_CCGT,2030,5,1,4,0.0
506,LU_CCGT,2030,5,5,8,0.0
507,LU_CCGT,2030,5,9,12,0.0
508,LU_CCGT,2030,5,13,16,0.0
509,LU_CCGT,2030,5,17,20,0.0
510,LU_CCGT,2030,5,21,24,0.0
511,LU_CCGT,2030,6,1,4,0.0
512,LU_CCGT,2030,6,5,8,0.0
513,LU_CCGT,2030,6,9,12,0.0
514,LU_CCGT,2030,6,13,16,0.0
515,LU_CCGT,2030,6,17,20,0.0
516,LU_CCGT,2030,6,21,24,0.0
517,LU_CCGT,2030,7,1,4,0.0
518,LU_CCGT,2030,7,5,8,0.0
519,LU_CCGT,2030,7,9,12,0.0
520,LU_CCGT,2030,7,13,16,0.0
521,LU_CCGT,2030,7,17,20,0.0
522,LU_CCGT,2030,7,21,24,0.0
523,LU_CCGT,2030,8,1,4,0.0
524,LU_CCGT,2030,8,5,8,0.0
525,LU_CCGT,2030,8,9,12,0.0
526,LU_CCGT,2030,8,13,16,0.0
527,LU_CCGT,2030,8,17,20,0.0
528,LU_CCGT,2030,8,21,24,0.0
529,LU_CCGT,2030,9,1,4,0.0
530,LU_CCGT,2030,9,5,8,0.0
531,LU_CCGT,2030,9,9,12,0.0
532,LU_CCGT,2030,9,13,16,0.0
533,LU_CCGT,2030,9,17,20,0.0
534,LU_CCGT,2030,9,21,24,0.0
535,LU_CCGT,2030,10,1,4,0.0
536,LU_CCGT,2030,10,5,8,0.0
537,LU_CCGT,2030,10,9,12,0.0
538,LU_CCGT,2030,10,13,16,0.0
539,LU_CCGT,2030,10,17,20,0.0
540,LU_CCGT,2030,10,21,24,0.0
541,LU_OCGT,2030,1,1,4,0.0
542,LU_OCGT,2030,1,5,8,0.0
543,LU_OCGT,2030,1,9,12,0.0
544,LU_OCGT,2030,1,13,16,0.0
545,LU_OCGT,2030,1,17,20,0.0
546,LU_OCGT,2030,1,21,24,0.0
547,LU_OCGT,2030,2,1,4,0.0
548,LU_OCGT,2030,2,5,8,0.0
549,LU_OCGT,2030,2,9,12,0.0
550,LU_OCGT,2030,2,13,16,0.0
551,LU_OCGT,2030,2,17,20,0.0
552,LU_OCGT,2030,2,21,24,0.0
553,LU_OCGT,2030,3,1,4,0.0
554,LU_OCGT,2030,3,5,8,0.0
555,LU_OCGT,2030,3,9,12,0.0
556,LU_OCGT,2030,3,13,16,0.0
557,LU_OCGT,2030,3,17,20,0.0
558,LU_OCGT,2030,3,21,24,0.0
559,LU_OCGT,2030,4,1,4,0.0
560,LU_OCGT,2030,4,5,8,0.0
561,LU_OCGT,2030,4,9,12,0.0
562,LU_OCGT,2030,4,13,16,0.0
563,LU_OCGT,2030,4,17,20,0.0
564,LU_OCGT,2030,4,21,24,0.0
565,LU_OCGT,2030,5,1,4,0.0
566,LU_OCGT,2030,5,5,8,0.0
567,LU_OCGT,2030,5,9,12,0.0
568,LU_OCGT,2030,5,13,16,0.0
569,LU_OCGT,2030,5,17,20,0.0
570,LU_OCGT,2030,5,21,24,0.0
571,LU_OCGT,2030,6,1,4,0.0
572,LU_OCGT,2030,6,5,8,0.0
573,LU_OCGT,2030,6,9,12,0.0
574,LU_OCGT,2030,6,13,16,0.0
575,LU_OCGT,2030,6,17,20,0.0
576,LU_OCGT,2030,6,21,24,0.0
577,LU_OCGT,2030,7,1,4,0.0
578,LU_OCGT,2030,7,5,8,0.0
579,LU_OCGT,2030,7,9,12,0.0
580,LU_OCGT,2030,7,13,16,0.0
581,LU_OCGT,2030,7,17,20,0.0
582,LU_OCGT,2030,7,21,24,0.0
583,LU_OCGT,2030,8,1,4,0.0
584,LU_OCGT,2030,8,5,8,0.0
585,LU_OCGT,2030,8,9,12,0.0
586,LU_OCGT,2030,8,13,16,0.0
587,LU_OCGT,2030,8,17,20,0.0
588,LU_OCGT,2030,8,21,24,0.0
589,LU_OCGT,2030,9,1,4,0.0
590,LU_OCGT,2030,9,5,8,0.0
591,LU_OCGT,2030,9,9,12,0.0
592,LU_OCGT,2030,9,13,16,0.0
593,LU_OCGT,2030,9,17,20,0.0
594,LU_OCGT,2030,9,21,24,0.0
595,LU_OCGT,2030,10,1,4,0.0
596,LU_OCGT,2030,10,5,8,0.0
597,LU_OCGT,2030,10,9,12,0.0
598,LU_OCGT,2030,10,13,16,0.0
599,LU_OCGT,2030,10,17,20,0.0
600,LU_OCGT,2030,10,21,24,0.0
601,NL_CCGT,2030,1,1,4,0.0
602,NL_CCGT,2030,1,5,8,0.0
603,NL_CCGT,2030,1,9,12,0.0
604,NL_CCGT,2030,1,13,16,0.0
605,NL_CCGT,2030,1,17,20,0.0
606,NL_CCGT,2030,1,21,24,0.0
607,NL_CCGT,2030,2,1,4,0.0
608,NL_CCGT,2030,2,5,8,0.0
609,NL_CCGT,2030,2,9,12,0.0
610,NL_CCGT,2030,2,13,16,0.0
611,NL_CCGT,2030,2,17,20,0.0
612,NL_CCGT,2030,2,21,24,0.0
613,NL_CCGT,2030,3,1,4,0.0
614,NL_CCGT,2030,3,5,8,0.0
615,NL_CCGT,2030,3,9,12,0.0
616,NL_CCGT,2030,3,13,16,0.0
617,NL_CCGT,2030,3,17,20,0.0
618,NL_CCGT,2030,3,21,24,0.0
619,NL_CCGT,2030,4,1,4,0.0
620,NL_CCGT,2030,4,5,8,0.0
621,NL_CCGT,2030,4,9,12,0.0
622,NL_CCGT,2030,4,13,16,0.0
623,NL_CCGT,2030,4,17,20,0.0
624,NL_CCGT,2030,4,21,24,0.0
625,NL_CCGT,2030,5,1,4,0.0
626,NL_CCGT,2030,5,5,8,0.0
627,NL_CCGT,2030,5,9,12,0.0
628,NL_CCGT,2030,5,13,16,0.0
629,NL_CCGT,2030,5,17,20,0.0
630,NL_CCGT,2030,5,21,24,0.0
631,NL_CCGT,2030,6,1,4,0.0
632,NL_CCGT,2030,6,5,8,0.0
633,NL_CCGT,2030,6,9,12,0.0
634,NL_CCGT,2030,6,13,16,0.0
635,NL_CCGT,2030,6,17,20,0.0
636,NL_CCGT,2030,6,21,24,0.0
637,NL_CCGT,2030,7,1,4,0.0
638,NL_CCGT,2030,7,5,8,0.0
639,NL_CCGT,2030,7,9,12,0.0
640,NL_CCGT,2030,7,13,16,0.0
641,NL_CCGT,2030,7,17,20,0.0
642,NL_CCGT,2030,7,21,24,0.0
643,NL_CCGT,2030,8,1,4,0.0
644,NL_CCGT,2030,8,5,8,0.0
645,NL_CCGT,2030,8,9,12,0.0
646,NL_CCGT,2030,8,13,16,0.0
647,NL_CCGT,2030,8,17,20,0.0
648,NL_CCGT,2030,8,21,24,0.0
649,NL_CCGT,2030,9,1,4,0.0
650,NL_CCGT,2030,9,5,8,0.0
651,NL_CCGT,2030,9,9,12,0.0
652,NL_CCGT,2030,9,13,16,0.0
653,NL_CCGT,2030,9,17,20,0.0
654,NL_CCGT,2030,9,21,24,0.0
655,NL_CCGT,2030,10,1,4,0.0
656,NL_CCGT,2030,10,5,8,0.0
657,NL_CCGT,2030,10,9,12,0.0
658,NL_CCGT,2030,10,13,16,0.0
659,NL_CCGT,2030,10,17,20,0.0
660,NL_CCGT,2030,10,21,24,0.0
661,NL_OCGT,2030,1,1,4,0.0
662,NL_OCGT,2030,1,5,8,0.0
663,NL_OCGT,2030,1,9,12,0.0
664,NL_OCGT,2030,1,13,16,0.0
665,NL_OCGT,2030,1,17,20,0.0
666,NL_OCGT,2030,1,21,24,0.0
667,NL_OCGT,2030,2,1,4,0.0
668,NL_OCGT,2030,2,5,8,0.0
669,NL_OCGT,2030,2,9,12,0.0
670,NL_OCGT,2030,2,13,16,0.0
671,NL_OCGT,2030,2,17,20,0.0
672,NL_OCGT,2030,2,21,24,0.0
673,NL_OCGT,2030,3,1,4,0.0
674,NL_OCGT,2030,3,5,8,0.0
675,NL_OCGT,2030,3,9,12,0.0
676,NL_OCGT,2030,3,13,16,0.0
677,NL_OCGT,2030,3,17,20,0.0
678,NL_OCGT,2030,3,21,24,0.0
679,NL_OCGT,2030,4,1,4,0.0
680,NL_OCGT,2030,4,5,8,0.0
681,NL_OCGT,2030,4,9,12,0.0
682,NL_OCGT,2030,4,13,16,0.0
683,NL_OCGT,2030,4,17,20,0.0
684,NL_OCGT,2030,4,21,24,0.0
685,NL_OCGT,2030,5,1,4,0.0
686,NL_OCGT,2030,5,5,8,0.0
687,NL_OCGT,2030,5,9,12,0.0
688,NL_OCGT,2030,5,13,16,0.0
689,NL_OCGT,2030,5,17,20,0.0
690,NL_OCGT,2030,5,21,24,0.0
691,NL_OCGT,2030,6,1,4,0.0
692,NL_OCGT,2030,6,5,8,0.0
693,NL_OCGT,2030,6,9,12,0.0
694,NL_OCGT,2030,6,13,16,0.0
695,NL_OCGT,2030,6,17,20,0.0
696,NL_OCGT,2030,6,21,24,0.0
697,NL_OCGT,2030,7,1,4,0.0
698,NL_OCGT,2030,7,5,8,0.0
699,NL_OCGT,2030,7,9,12,0.0
700,NL_OCGT,2030,7,13,16,0.0
701,NL_OCGT,2030,7,17,20,0.0
702,NL_OCGT,2030,7,21,24,0.0
703,NL_OCGT,2030,8,1,4,0.0
704,NL_OCGT,2030,8,5,8,0.0
705,NL_OCGT,2030,8,9,12,0.0
706,NL_OCGT,2030,8,13,16,0.0
707,NL_OCGT,2030,8,17,20,0.0
708,NL_OCGT,2030,8,21,24,0.0
709,NL_OCGT,2030,9,1,4,0.0
710,NL_OCGT,2030,9,5,8,0.0
711,NL_OCGT,2030,9,9,12,0.0
712,NL_OCGT,2030,9,13,16,0.0
713,NL_OCGT,2030,9,17,20,0.0
714,NL_OCGT,2030,9,21,24,0.0
715,NL_OCGT,2030,10,1,4,0.0
716,NL_OCGT,2030,10,5,8,0.0
717,NL_OCGT,2030,10,9,12,0.0
718,NL_OCGT,2030,10,13,16,0.0
719,NL_OCGT,2030,10,17,20,0.0
720,NL_OCGT,2030,10,21,24,0.0
721,UK_CCGT,2030,1,1,4,0.0
722,UK_CCGT,2030,1,5,8,0.0
723,UK_CCGT,2030,1,9,12,0.0
724,UK_CCGT,2030,1,13,16,0.0
725,UK_CCGT,2030,1,17,20,0.0
726,UK_CCGT,2030,1,21,24,0.0
727,UK_CCGT,2030,2,1,4,0.0
728,UK_CCGT,2030,2,5,8,0.0
729,UK_CCGT,2030,2,9,12,0.0
730,UK_CCGT,2030,2,13,16,0.0
731,UK_CCGT,2030,2,17,20,0.0
732,UK_CCGT,2030,2,21,24,0.0
733,UK_CCGT,2030,3,1,4,0.0
734,UK_CCGT,2030,3,5,8,0.0
735,UK_CCGT,2030,3,9,12,0.0
736,UK_CCGT,2030,3,13,16,0.0
737,UK_CCGT,2030,3,17,20,0.0
738,UK_CCGT,2030,3,21,24,0.0
739,UK_CCGT,2030,4,1,4,0.0
740,UK_CCGT,2030,4,5,8,0.0
741,UK_CCGT,2030,4,9,12,0.0
742,UK_CCGT,2030,4,13,16,0.0
743,UK_CCGT,2030,4,17,20,0.0
744,UK_CCGT,2030,4,21,24,0.0
745,UK_CCGT,2030,5,1,4,0.0
746,UK_CCGT,2030,5,5,8,0.0
747,UK_CCGT,2030,5,9,12,0.0
748,UK_CCGT,2030,5,13,16,0.0
749,UK_CCGT,2030,5,17,20,0.0
750,UK_CCGT,2030,5,21,24,0.0
751,UK_CCGT,2030,6,1,4,0.0
752,UK_CCGT,2030,6,5,8,0.0
753,UK_CCGT,2030,6,9,12,0.0
754,UK_CCGT,2030,6,13,16,0.0
755,UK_CCGT,2030,6,17,20,0.0
756,UK_CCGT,2030,6,21,24,0.0
757,UK_CCGT,2030,7,1,4,0.0
758,UK_CCGT,2030,7,5,8,0.0
759,UK_CCGT,2030,7,9,12,0.0
760,UK_CCGT,2030,7,13,16,0.0
761,UK_CCGT,2030,7,17,20,0.0
762,UK_CCGT,2030,7,21,24,0.0
763,UK_CCGT,2030,8,1,4,0.0
764,UK_CCGT,2030,8,5,8,0.0
765,UK_CCGT,2030,8,9,12,0.0
766,UK_CCGT,2030,8,13,16,0.0
767,UK_CCGT,2030,8,17,20,0.0
768,UK_CCGT,2030,8,21,24,0.0
769,UK_CCGT,2030,9,1,4,0.0
770,UK_CCGT,2030,9,5,8,0.0
771,UK_CCGT,2030,9,9,12,0.0
772,UK_CCGT,2030,9,13,16,0.0
773,UK_CCGT,2030,9,17,20,0.0
774,UK_CCGT,2030,9,21,24,0.0
775,UK_CCGT,2030,10,1,4,0.0
776,UK_CCGT,2030,10,5,8,0.0
777,UK_CCGT,2030,10,9,12,0.0
778,UK_CCGT,2030,10,13,16,0.0
779,UK_CCGT,2030,10,17,20,0.0
780,UK_CCGT,2030,10,21,24,0.0
781,UK_OCGT,2030,1,1,4,0.0
782,UK_OCGT,2030,1,5,8,0.0
783,UK_OCGT,2030,1,9,12,0.0
784,UK_OCGT,2030,1,13,16,0.0
785,UK_OCGT,2030,1,17,20,0.0
786,UK_OCGT,2030,1,21,24,0.0
787,UK_OCGT,2030,2,1,4,0.0
788,UK_OCGT,2030,2,5,8,0.0
789,UK_OCGT,2030,2,9,12,0.0
790,UK_OCGT,2030,2,13,16,0.0
791,UK_OCGT,2030,2,17,20,0.0
792,UK_OCGT,2030,2,21,24,0.0
793,UK_OCGT,2030,3,1,4,0.0
794,UK_OCGT,2030,3,5,8,0.0
795,UK_OCGT,2030,3,9,12,0.0
796,UK_OCGT,2030,3,13,16,0.0
797,UK_OCGT,2030,3,17,20,0.0
798,UK_OCGT,2030,3,21,24,0.0
799,UK_OCGT,2030,4,1,4,0.0
800,UK_OCGT,2030,4,5,8,0.0
801,UK_OCGT,2030,4,9,12,0.0
802,UK_OCGT,2030,4,13,16,0.0
803,UK_OCGT,2030,4,17,20,0.0
804,UK_OCGT,2030,4,21,24,0.0
805,UK_OCGT,2030,5,1,4,0.0
806,UK_OCGT,2030,5,5,8,0.0
807,UK_OCGT,2030,5,9,12,0.0
808,UK_OCGT,2030,5,13,16,0.0
809,UK_OCGT,2030,5,17,20,0.0
810,UK_OCGT,2030,5,21,24,0.0
811,UK_OCGT,2030,6,1,4,0.0
812,UK_OCGT,2030,6,5,8,0.0
813,UK_OCGT,2030,6,9,12,0.0
814,UK_OCGT,2030,6,13,16,0.0
815,UK_OCGT,2030,6,17,20,0.0
816,UK_OCGT,2030,6,21,24,0.0
817,UK_OCGT,2030,7,1,4,0.0
818,UK_OCGT,2030,7,5,8,0.0
819,UK_OCGT,2030,7,9,12,-0.0
820,UK_OCGT,2030,7,13,16,0.0
821,UK_OCGT,2030,7,17,20,0.0
822,UK_OCGT,2030,7,21,24,0.0
823,UK_OCGT,2030,8,1,4,0.0
824,UK_OCGT,2030,8,5,8,0.0
825,UK_OCGT,2030,8,9,12,0.0
826,UK_OCGT,2030,8,13,16,0.0
827,UK_OCGT,2030,8,17,20,0.0
828,UK_OCGT,2030,8,21,24,0.0
829,UK_OCGT,2030,9,1,4,0.0
830,UK_OCGT,2030,9,5,8,0.0
831,UK_OCGT,2030,9,9,12,0.0
832,UK_OCGT,2030,9,13,16,0.0
833,UK_OCGT,2030,9,17,20,0.0
834,UK_OCGT,2030,9,21,24,0.0
835,UK_OCGT,2030,10,1,4,0.0
836,UK_OCGT,2030,10,5,8,0.0
837,UK_OCGT,2030,10,9,12,0.0
838,UK_OCGT,2030,10,13,16,0.0
839,UK_OCGT,2030,10,17,20,0.0
840,UK_OCGT,2030,10,21,24,0.0
